step,loss,loss_avg10,probe_loss,probe_accuracy,batch_accuracy,lr,grad_norm,step_norm,wall_clock_s
0.0,2.3026,2.3026,2.3026,0.094,0.094,0.1,0.002808,0.0002808,0.03
10.0,2.3027,2.3026,2.3026,0.094,0.094,0.1,0.003508,0.0003508,0.06
20.0,2.3026,2.3026,2.3026,0.094,0.094,0.1,0.001849,0.0001849,0.09
30.0,2.3026,2.3026,2.3026,0.09,0.062,0.1,0.001007,0.0001007,0.12
40.0,2.3026,2.3026,2.3026,0.09,0.062,0.1,0.002294,0.0002294,0.15
50.0,2.3024,2.3025,2.3025,0.09,0.125,0.1,0.003589,0.0003589,0.18
60.0,2.3025,2.3025,2.3025,0.09,0.125,0.1,0.003076,0.0003076,0.2
70.0,2.3025,2.3026,2.3025,0.09,0.062,0.1,0.003087,0.0003087,0.23
80.0,2.3026,2.3026,2.3025,0.09,0.031,0.1,0.001814,0.0001814,0.26
90.0,2.3025,2.3026,2.3025,0.086,0.062,0.1,0.001793,0.0001793,0.29
100.0,2.3023,2.3026,2.3025,0.086,0.188,0.1,0.00518,0.000518,0.32
110.0,2.3025,2.3025,2.3025,0.09,0.125,0.1,0.00117,0.000117,0.35
120.0,2.3026,2.3025,2.3025,0.094,0.188,0.1,0.002078,0.0002078,0.38
130.0,2.3025,2.3025,2.3025,0.094,0.125,0.1,0.001685,0.0001685,0.41
140.0,2.3026,2.3026,2.3025,0.094,0.062,0.1,0.003064,0.0003064,0.44
150.0,2.3025,2.3025,2.3025,0.102,0.062,0.1,0.00453,0.000453,0.47
160.0,2.3025,2.3026,2.3025,0.105,0.188,0.1,0.001731,0.0001731,0.5
170.0,2.3026,2.3026,2.3025,0.117,0.156,0.1,0.001261,0.0001261,0.53
180.0,2.3025,2.3026,2.3025,0.117,0.125,0.1,0.002253,0.0002253,0.56
190.0,2.3027,2.3026,2.3025,0.109,0.031,0.1,0.001447,0.0001447,0.65
200.0,2.3025,2.3026,2.3025,0.117,0.125,0.1,0.003699,0.0003699,0.68
210.0,2.3025,2.3025,2.3025,0.125,0.125,0.1,0.002246,0.0002246,0.71
220.0,2.3027,2.3026,2.3025,0.125,0.0,0.1,0.003399,0.0003399,0.74
230.0,2.3026,2.3026,2.3025,0.121,0.062,0.1,0.002167,0.0002167,0.77
240.0,2.3025,2.3026,2.3025,0.121,0.125,0.1,0.002006,0.0002006,0.8
250.0,2.3027,2.3025,2.3025,0.129,0.062,0.1,0.001511,0.0001511,0.83
260.0,2.3024,2.3025,2.3025,0.121,0.094,0.1,0.002894,0.0002894,0.85
270.0,2.3027,2.3026,2.3025,0.121,0.062,0.1,0.003037,0.0003037,0.88
280.0,2.3025,2.3026,2.3025,0.121,0.25,0.1,0.003887,0.0003887,0.91
290.0,2.3026,2.3025,2.3025,0.117,0.062,0.1,0.002384,0.0002384,0.94
300.0,2.3026,2.3025,2.3025,0.117,0.094,0.1,0.005477,0.0005477,0.97
310.0,2.3026,2.3026,2.3025,0.117,0.031,0.1,0.001864,0.0001864,1.0
320.0,2.3027,2.3026,2.3025,0.121,0.0,0.1,0.004241,0.0004241,1.03
330.0,2.3025,2.3025,2.3025,0.113,0.219,0.1,0.003228,0.0003228,1.06
340.0,2.3027,2.3025,2.3025,0.109,0.094,0.1,0.002254,0.0002254,1.09
350.0,2.3025,2.3026,2.3025,0.113,0.125,0.1,0.001266,0.0001266,1.12
360.0,2.3024,2.3025,2.3025,0.113,0.156,0.1,0.00254,0.000254,1.15
370.0,2.3026,2.3025,2.3025,0.113,0.094,0.1,0.001314,0.0001314,1.18
380.0,2.3025,2.3026,2.3025,0.113,0.062,0.1,0.001655,0.0001655,1.21
390.0,2.3025,2.3025,2.3025,0.113,0.188,0.1,0.001031,0.0001031,1.24
400.0,2.3025,2.3025,2.3025,0.117,0.125,0.1,0.001908,0.0001908,1.27
410.0,2.3024,2.3025,2.3025,0.109,0.094,0.1,0.004395,0.0004395,1.29
420.0,2.3027,2.3025,2.3025,0.113,0.031,0.1,0.001533,0.0001533,1.32
430.0,2.3024,2.3025,2.3025,0.109,0.125,0.1,0.005296,0.0005296,1.35
440.0,2.3024,2.3025,2.3025,0.102,0.188,0.1,0.008386,0.0008386,1.38
450.0,2.3025,2.3026,2.3025,0.098,0.125,0.1,0.001725,0.0001725,1.41
460.0,2.3025,2.3026,2.3025,0.098,0.125,0.1,0.002511,0.0002511,1.44
470.0,2.3025,2.3026,2.3025,0.102,0.125,0.1,0.001231,0.0001231,1.47
480.0,2.3024,2.3025,2.3025,0.098,0.156,0.1,0.003467,0.0003467,1.5
490.0,2.3024,2.3025,2.3025,0.094,0.156,0.1,0.001895,0.0001895,1.53
500.0,2.3025,2.3025,2.3025,0.094,0.062,0.1,0.003388,0.0003388,1.56
510.0,2.3025,2.3025,2.3025,0.094,0.031,0.1,0.002775,0.0002775,1.59
520.0,2.3026,2.3025,2.3025,0.094,0.156,0.1,0.001515,0.0001515,1.62
530.0,2.3026,2.3026,2.3025,0.098,0.031,0.1,0.001716,0.0001716,1.65
540.0,2.3026,2.3026,2.3025,0.102,0.094,0.1,0.00453,0.000453,1.67
550.0,2.3026,2.3025,2.3025,0.094,0.0,0.1,0.001882,0.0001882,1.7
560.0,2.3026,2.3025,2.3025,0.094,0.094,0.1,0.002316,0.0002316,1.73
570.0,2.3025,2.3025,2.3025,0.094,0.156,0.1,0.002282,0.0002282,1.76
580.0,2.3025,2.3025,2.3025,0.094,0.062,0.1,0.0025,0.00025,1.79
590.0,2.3024,2.3025,2.3025,0.094,0.188,0.1,0.00346,0.000346,1.82
600.0,2.3024,2.3025,2.3025,0.094,0.219,0.1,0.009113,0.0009113,1.85
610.0,2.3024,2.3025,2.3025,0.094,0.219,0.1,0.0037,0.00037,1.88
620.0,2.3024,2.3025,2.3025,0.094,0.062,0.1,0.00375,0.000375,1.91
630.0,2.3026,2.3025,2.3025,0.098,0.094,0.1,0.001785,0.0001785,1.94
640.0,2.3024,2.3026,2.3025,0.094,0.125,0.1,0.005994,0.0005994,1.96
650.0,2.3026,2.3025,2.3025,0.102,0.125,0.1,0.002656,0.0002656,1.99
660.0,2.3027,2.3025,2.3025,0.098,0.125,0.1,0.004958,0.0004958,2.02
670.0,2.3025,2.3025,2.3025,0.094,0.125,0.1,0.002788,0.0002788,2.05
680.0,2.3027,2.3025,2.3025,0.094,0.094,0.1,0.003757,0.0003757,2.08
690.0,2.3025,2.3025,2.3025,0.098,0.094,0.1,0.002213,0.0002213,2.11
700.0,2.3025,2.3025,2.3025,0.098,0.125,0.1,0.002964,0.0002964,2.14
710.0,2.3026,2.3025,2.3025,0.098,0.156,0.1,0.001355,0.0001355,2.17
720.0,2.3025,2.3025,2.3025,0.098,0.125,0.1,0.001534,0.0001534,2.2
730.0,2.3026,2.3025,2.3025,0.098,0.094,0.1,0.001942,0.0001942,2.23
740.0,2.3025,2.3025,2.3025,0.098,0.188,0.1,0.006073,0.0006073,2.26
750.0,2.3026,2.3025,2.3024,0.098,0.031,0.1,0.002619,0.0002619,2.29
760.0,2.3026,2.3025,2.3024,0.105,0.094,0.1,0.001927,0.0001927,2.31
770.0,2.3026,2.3025,2.3024,0.105,0.094,0.1,0.002137,0.0002137,2.34
780.0,2.3027,2.3026,2.3024,0.102,0.0,0.1,0.003033,0.0003033,2.37
790.0,2.3023,2.3025,2.3024,0.105,0.125,0.1,0.004613,0.0004613,2.4
800.0,2.3025,2.3025,2.3024,0.102,0.125,0.1,0.002688,0.0002688,2.43
810.0,2.3027,2.3025,2.3024,0.102,0.188,0.1,0.001991,0.0001991,2.46
820.0,2.3025,2.3025,2.3024,0.102,0.156,0.1,0.001971,0.0001971,2.49
830.0,2.3025,2.3025,2.3024,0.102,0.281,0.1,0.001723,0.0001723,2.52
840.0,2.3025,2.3025,2.3024,0.094,0.094,0.1,0.002388,0.0002388,2.55
850.0,2.3021,2.3025,2.3024,0.094,0.219,0.1,0.0122,0.00122,2.58
860.0,2.3026,2.3025,2.3024,0.102,0.031,0.1,0.002263,0.0002263,2.61
870.0,2.3026,2.3025,2.3024,0.102,0.031,0.1,0.00438,0.000438,2.64
880.0,2.3024,2.3025,2.3024,0.102,0.188,0.1,0.003692,0.0003692,2.67
890.0,2.3023,2.3025,2.3024,0.102,0.125,0.1,0.006241,0.0006241,2.69
900.0,2.3025,2.3025,2.3024,0.105,0.25,0.1,0.002501,0.0002501,2.72
910.0,2.3026,2.3025,2.3024,0.105,0.188,0.1,0.002385,0.0002385,2.75
920.0,2.3025,2.3025,2.3024,0.105,0.125,0.1,0.002636,0.0002636,2.78
930.0,2.3022,2.3025,2.3024,0.109,0.156,0.1,0.008358,0.0008358,2.81
940.0,2.3025,2.3025,2.3024,0.105,0.156,0.1,0.00151,0.000151,2.84
950.0,2.3026,2.3026,2.3024,0.102,0.031,0.1,0.002313,0.0002313,2.87
960.0,2.3027,2.3025,2.3024,0.105,0.094,0.1,0.003802,0.0003802,2.9
970.0,2.3023,2.3025,2.3024,0.094,0.156,0.1,0.005715,0.0005715,2.93
980.0,2.3024,2.3025,2.3024,0.094,0.156,0.1,0.002004,0.0002004,2.96
990.0,2.3028,2.3026,2.3024,0.102,0.094,0.1,0.003738,0.0003738,2.99
1000.0,2.3025,2.3025,2.3024,0.094,0.125,0.1,0.002294,0.0002294,3.01
1010.0,2.3025,2.3025,2.3024,0.098,0.156,0.1,0.002241,0.0002241,3.04
1020.0,2.3026,2.3025,2.3024,0.094,0.094,0.1,0.006388,0.0006388,3.07
1030.0,2.3026,2.3025,2.3024,0.098,0.031,0.1,0.005496,0.0005496,3.1
1040.0,2.3024,2.3025,2.3024,0.098,0.062,0.1,0.003242,0.0003242,3.13
1050.0,2.3024,2.3025,2.3024,0.098,0.062,0.1,0.005004,0.0005004,3.16
1060.0,2.3025,2.3025,2.3024,0.098,0.125,0.1,0.001957,0.0001957,3.19
1070.0,2.3024,2.3025,2.3024,0.102,0.188,0.1,0.006729,0.0006729,3.22
1080.0,2.3024,2.3025,2.3024,0.105,0.125,0.1,0.005152,0.0005152,3.25
1090.0,2.3025,2.3025,2.3024,0.105,0.156,0.1,0.004558,0.0004558,3.28
1100.0,2.3028,2.3025,2.3024,0.102,0.031,0.1,0.004132,0.0004132,3.31
1110.0,2.3026,2.3025,2.3024,0.102,0.156,0.1,0.003299,0.0003299,3.34
1120.0,2.3025,2.3025,2.3024,0.098,0.094,0.1,0.002204,0.0002204,3.37
1130.0,2.3027,2.3025,2.3024,0.102,0.125,0.1,0.006592,0.0006592,3.4
1140.0,2.3024,2.3025,2.3024,0.102,0.219,0.1,0.002495,0.0002495,3.45
1150.0,2.3026,2.3025,2.3024,0.102,0.125,0.1,0.001638,0.0001638,3.49
1160.0,2.3025,2.3025,2.3024,0.098,0.125,0.1,0.005855,0.0005855,3.52
1170.0,2.3023,2.3025,2.3024,0.102,0.062,0.1,0.00342,0.000342,3.55
1180.0,2.3021,2.3024,2.3024,0.102,0.125,0.1,0.007026,0.0007026,3.58
1190.0,2.3021,2.3024,2.3024,0.102,0.156,0.1,0.006873,0.0006873,3.61
1200.0,2.3025,2.3024,2.3024,0.102,0.156,0.1,0.003461,0.0003461,3.64
1210.0,2.3024,2.3024,2.3024,0.105,0.219,0.1,0.002497,0.0002497,3.67
1220.0,2.3025,2.3025,2.3024,0.105,0.156,0.1,0.003144,0.0003144,3.7
1230.0,2.3027,2.3026,2.3024,0.102,0.094,0.1,0.003307,0.0003307,3.73
1240.0,2.3026,2.3026,2.3024,0.102,0.094,0.1,0.003118,0.0003118,3.75
1250.0,2.3025,2.3025,2.3024,0.098,0.125,0.1,0.00378,0.000378,3.78
1260.0,2.3022,2.3025,2.3024,0.094,0.094,0.1,0.004176,0.0004176,3.81
1270.0,2.3026,2.3025,2.3024,0.094,0.219,0.1,0.002353,0.0002353,3.84
1280.0,2.3026,2.3025,2.3024,0.094,0.156,0.1,0.004046,0.0004046,3.87
1290.0,2.3025,2.3025,2.3024,0.098,0.0,0.1,0.004329,0.0004329,3.9
1300.0,2.3025,2.3025,2.3024,0.094,0.094,0.1,0.003105,0.0003105,3.93
1310.0,2.3024,2.3025,2.3024,0.094,0.125,0.1,0.004168,0.0004168,3.96
1320.0,2.3024,2.3025,2.3024,0.094,0.188,0.1,0.005054,0.0005054,3.99
1330.0,2.3026,2.3025,2.3024,0.094,0.094,0.1,0.00232,0.000232,4.02
1340.0,2.3027,2.3025,2.3024,0.094,0.094,0.1,0.003252,0.0003252,4.06
1350.0,2.3025,2.3025,2.3024,0.098,0.125,0.1,0.003309,0.0003309,4.09
1360.0,2.3024,2.3025,2.3024,0.094,0.188,0.1,0.001918,0.0001918,4.11
1370.0,2.3025,2.3025,2.3024,0.094,0.156,0.1,0.00471,0.000471,4.14
1380.0,2.3025,2.3025,2.3024,0.094,0.094,0.1,0.005188,0.0005188,4.17
1390.0,2.3026,2.3025,2.3024,0.094,0.062,0.1,0.002923,0.0002923,4.2
1400.0,2.3027,2.3025,2.3024,0.098,0.031,0.1,0.003583,0.0003583,4.23
1410.0,2.3025,2.3025,2.3024,0.102,0.188,0.1,0.002094,0.0002094,4.26
1420.0,2.3025,2.3025,2.3024,0.098,0.156,0.1,0.003034,0.0003034,4.29
1430.0,2.3023,2.3025,2.3024,0.105,0.219,0.1,0.005295,0.0005295,4.32
1440.0,2.3029,2.3025,2.3024,0.102,0.094,0.1,0.00374,0.000374,4.35
1450.0,2.3026,2.3025,2.3024,0.109,0.094,0.1,0.003566,0.0003566,4.38
1460.0,2.3025,2.3025,2.3024,0.109,0.156,0.1,0.002391,0.0002391,4.41
1470.0,2.3021,2.3025,2.3024,0.098,0.281,0.1,0.005789,0.0005789,4.44
1480.0,2.3023,2.3024,2.3023,0.098,0.094,0.1,0.003873,0.0003873,4.47
1490.0,2.3024,2.3024,2.3023,0.102,0.094,0.1,0.00894,0.000894,4.5
1500.0,2.3027,2.3025,2.3023,0.102,0.031,0.1,0.004655,0.0004655,4.55
1510.0,2.3025,2.3025,2.3023,0.102,0.062,0.1,0.002293,0.0002293,4.58
1520.0,2.3025,2.3025,2.3023,0.098,0.156,0.1,0.004918,0.0004918,4.61
1530.0,2.3027,2.3026,2.3023,0.098,0.125,0.1,0.005006,0.0005006,4.64
1540.0,2.3026,2.3026,2.3023,0.102,0.031,0.1,0.002322,0.0002322,4.67
1550.0,2.3024,2.3025,2.3023,0.102,0.031,0.1,0.004055,0.0004055,4.69
1560.0,2.3022,2.3024,2.3023,0.102,0.125,0.1,0.004879,0.0004879,4.72
1570.0,2.3024,2.3024,2.3023,0.098,0.0,0.1,0.003054,0.0003054,4.75
1580.0,2.3026,2.3025,2.3023,0.098,0.062,0.1,0.005423,0.0005423,4.78
1590.0,2.3024,2.3025,2.3023,0.102,0.125,0.1,0.002999,0.0002999,4.81
1600.0,2.3023,2.3024,2.3023,0.102,0.094,0.1,0.01189,0.001189,4.85
1610.0,2.3025,2.3024,2.3023,0.102,0.156,0.1,0.00261,0.000261,4.88
1620.0,2.3024,2.3024,2.3023,0.102,0.219,0.1,0.005186,0.0005186,4.91
1630.0,2.3024,2.3024,2.3023,0.102,0.125,0.1,0.003871,0.0003871,4.96
1640.0,2.3024,2.3025,2.3023,0.102,0.125,0.1,0.003233,0.0003233,5.01
1650.0,2.3026,2.3025,2.3023,0.102,0.156,0.1,0.002663,0.0002663,5.04
1660.0,2.303,2.3025,2.3023,0.102,0.031,0.1,0.01048,0.001048,5.07
1670.0,2.3022,2.3026,2.3023,0.098,0.156,0.1,0.004355,0.0004355,5.1
1680.0,2.3023,2.3025,2.3023,0.102,0.188,0.1,0.003176,0.0003176,5.13
1690.0,2.3019,2.3024,2.3023,0.102,0.094,0.1,0.008582,0.0008582,5.16
1700.0,2.3028,2.3024,2.3023,0.102,0.125,0.1,0.01279,0.001279,5.19
1710.0,2.3025,2.3025,2.3023,0.102,0.062,0.1,0.005757,0.0005757,5.22
1720.0,2.3025,2.3025,2.3023,0.102,0.062,0.1,0.003316,0.0003316,5.25
1730.0,2.3019,2.3025,2.3023,0.102,0.188,0.1,0.01116,0.001116,5.28
1740.0,2.303,2.3025,2.3023,0.102,0.0,0.1,0.01045,0.001045,5.31
1750.0,2.3029,2.3025,2.3023,0.102,0.031,0.1,0.005777,0.0005777,5.34
1760.0,2.3023,2.3024,2.3023,0.102,0.125,0.1,0.004258,0.0004258,5.39
1770.0,2.3023,2.3024,2.3023,0.102,0.156,0.1,0.006575,0.0006575,5.43
1780.0,2.3026,2.3024,2.3023,0.102,0.125,0.1,0.00364,0.000364,5.47
1790.0,2.3025,2.3024,2.3023,0.102,0.219,0.1,0.005055,0.0005055,5.5
1800.0,2.3023,2.3025,2.3023,0.102,0.219,0.1,0.003258,0.0003258,5.53
1810.0,2.3025,2.3024,2.3023,0.102,0.188,0.1,0.002388,0.0002388,5.56
1820.0,2.3027,2.3024,2.3023,0.105,0.094,0.1,0.005723,0.0005723,5.59
1830.0,2.3021,2.3024,2.3022,0.102,0.125,0.1,0.008983,0.0008983,5.62
1840.0,2.3026,2.3023,2.3022,0.098,0.125,0.1,0.005594,0.0005594,5.65
1850.0,2.3023,2.3024,2.3022,0.102,0.125,0.1,0.003096,0.0003096,5.68
1860.0,2.3024,2.3025,2.3022,0.098,0.094,0.1,0.005213,0.0005213,5.71
1870.0,2.3029,2.3025,2.3022,0.102,0.125,0.1,0.008903,0.0008903,5.74
1880.0,2.3017,2.3025,2.3022,0.094,0.094,0.1,0.0117,0.00117,5.77
1890.0,2.3023,2.3024,2.3022,0.098,0.156,0.1,0.005905,0.0005905,5.8
1900.0,2.3024,2.3024,2.3022,0.098,0.125,0.1,0.002478,0.0002478,5.83
1910.0,2.3019,2.3024,2.3022,0.098,0.188,0.1,0.01133,0.001133,5.86
1920.0,2.3025,2.3024,2.3022,0.094,0.062,0.1,0.01354,0.001354,5.89
1930.0,2.3028,2.3024,2.3022,0.094,0.125,0.1,0.003364,0.0003364,5.92
1940.0,2.3028,2.3024,2.3022,0.094,0.094,0.1,0.01008,0.001008,5.95
1950.0,2.3021,2.3024,2.3022,0.098,0.094,0.1,0.004929,0.0004929,5.98
1960.0,2.3029,2.3025,2.3022,0.094,0.031,0.1,0.007055,0.0007055,6.01
1970.0,2.3029,2.3024,2.3022,0.094,0.062,0.1,0.009717,0.0009717,6.03
1980.0,2.3015,2.3023,2.3021,0.094,0.094,0.1,0.0104,0.00104,6.06
1990.0,2.3026,2.3023,2.3021,0.094,0.062,0.1,0.005593,0.0005593,6.09
2000.0,2.3024,2.3025,2.3021,0.094,0.125,0.1,0.003822,0.0003822,6.12
2010.0,2.3025,2.3024,2.3021,0.094,0.156,0.1,0.004329,0.0004329,6.15
2020.0,2.3026,2.3023,2.3021,0.094,0.094,0.1,0.00417,0.000417,6.18
2030.0,2.3025,2.3023,2.3021,0.094,0.094,0.1,0.003503,0.0003503,6.22
2040.0,2.3018,2.3025,2.3021,0.094,0.125,0.1,0.007429,0.0007429,6.25
2050.0,2.3027,2.3025,2.3021,0.094,0.031,0.1,0.003228,0.0003228,6.27
2060.0,2.3025,2.3025,2.3021,0.094,0.094,0.1,0.003127,0.0003127,6.31
2070.0,2.3023,2.3025,2.3021,0.094,0.125,0.1,0.005655,0.0005655,6.34
2080.0,2.302,2.3024,2.3021,0.094,0.219,0.1,0.006489,0.0006489,6.36
2090.0,2.3027,2.3023,2.3021,0.098,0.094,0.1,0.009774,0.0009774,6.39
2100.0,2.3017,2.3023,2.3021,0.098,0.156,0.1,0.01496,0.001496,6.42
2110.0,2.3027,2.3024,2.3021,0.098,0.031,0.1,0.006092,0.0006092,6.46
2120.0,2.3026,2.3026,2.3021,0.098,0.094,0.1,0.00382,0.000382,6.5
2130.0,2.3019,2.3025,2.3021,0.094,0.156,0.1,0.008939,0.0008939,6.53
2140.0,2.3025,2.3025,2.3021,0.094,0.094,0.1,0.003025,0.0003025,6.56
2150.0,2.3024,2.3024,2.3021,0.098,0.094,0.1,0.00384,0.000384,6.58
2160.0,2.3023,2.3024,2.3021,0.098,0.125,0.1,0.005792,0.0005792,6.61
2170.0,2.3026,2.3025,2.3021,0.102,0.094,0.1,0.003333,0.0003333,6.64
2180.0,2.3021,2.3024,2.3021,0.102,0.125,0.1,0.007853,0.0007853,6.67
2190.0,2.3023,2.3024,2.3021,0.098,0.125,0.1,0.004853,0.0004853,6.7
2200.0,2.3014,2.3022,2.302,0.098,0.125,0.1,0.01073,0.001073,6.73
2210.0,2.3027,2.3023,2.302,0.098,0.062,0.1,0.006185,0.0006185,6.76
2220.0,2.3019,2.3025,2.302,0.098,0.094,0.1,0.008383,0.0008383,6.79
2230.0,2.3026,2.3023,2.302,0.105,0.188,0.1,0.003617,0.0003617,6.82
2240.0,2.3033,2.3024,2.302,0.105,0.0,0.1,0.007115,0.0007115,6.85
2250.0,2.3032,2.3024,2.302,0.105,0.062,0.1,0.008005,0.0008005,6.88
2260.0,2.3017,2.3024,2.302,0.102,0.25,0.1,0.009597,0.0009597,6.91
2270.0,2.3026,2.3023,2.302,0.105,0.125,0.1,0.004142,0.0004142,6.94
2280.0,2.3025,2.3022,2.302,0.105,0.125,0.1,0.002745,0.0002745,6.97
2290.0,2.3028,2.3023,2.302,0.105,0.031,0.1,0.006208,0.0006208,7.0
2300.0,2.3024,2.3024,2.302,0.105,0.125,0.1,0.00874,0.000874,7.03
2310.0,2.3036,2.3026,2.302,0.105,0.031,0.1,0.01677,0.001677,7.06
2320.0,2.3032,2.3024,2.302,0.105,0.031,0.1,0.007626,0.0007626,7.09
2330.0,2.3011,2.3023,2.302,0.105,0.281,0.1,0.02219,0.002219,7.12
2340.0,2.3024,2.3025,2.302,0.105,0.094,0.1,0.004332,0.0004332,7.15
2350.0,2.3024,2.3025,2.302,0.105,0.094,0.1,0.005178,0.0005178,7.18
2360.0,2.3021,2.3024,2.302,0.105,0.125,0.1,0.004723,0.0004723,7.21
2370.0,2.3018,2.3024,2.3019,0.105,0.188,0.1,0.009554,0.0009554,7.24
2380.0,2.3022,2.3024,2.302,0.105,0.062,0.1,0.008752,0.0008752,7.27
2390.0,2.3026,2.3024,2.3019,0.102,0.031,0.1,0.004519,0.0004519,7.29
2400.0,2.3017,2.3024,2.3019,0.102,0.188,0.1,0.01606,0.001606,7.32
2410.0,2.3029,2.3025,2.3019,0.102,0.031,0.1,0.005427,0.0005427,7.35
2420.0,2.3014,2.3024,2.3019,0.102,0.094,0.1,0.01865,0.001865,7.38
2430.0,2.3021,2.3023,2.3019,0.102,0.062,0.1,0.006183,0.0006183,7.41
2440.0,2.3015,2.3024,2.3019,0.102,0.156,0.1,0.01554,0.001554,7.44
2450.0,2.3021,2.3023,2.3019,0.102,0.156,0.1,0.004601,0.0004601,7.48
2460.0,2.303,2.3023,2.3019,0.102,0.031,0.1,0.01193,0.001193,7.53
2470.0,2.3024,2.3023,2.3019,0.098,0.062,0.1,0.004736,0.0004736,7.56
2480.0,2.3022,2.3021,2.3018,0.094,0.062,0.1,0.005841,0.0005841,7.59
2490.0,2.3034,2.3022,2.3018,0.094,0.031,0.1,0.01181,0.001181,7.62
2500.0,2.3031,2.3023,2.3018,0.094,0.0,0.1,0.01685,0.001685,7.65
2510.0,2.3025,2.3023,2.3018,0.094,0.0,0.1,0.003665,0.0003665,7.68
2520.0,2.3024,2.3021,2.3018,0.094,0.125,0.1,0.007572,0.0007572,7.71
2530.0,2.3011,2.3022,2.3018,0.094,0.031,0.1,0.01847,0.001847,7.73
2540.0,2.3009,2.3023,2.3018,0.094,0.188,0.1,0.01823,0.001823,7.76
2550.0,2.3025,2.3022,2.3017,0.094,0.219,0.1,0.01027,0.001027,7.79
2560.0,2.3016,2.3023,2.3017,0.094,0.188,0.1,0.008879,0.0008879,7.82
2570.0,2.3033,2.3023,2.3017,0.098,0.062,0.1,0.00867,0.000867,7.85
2580.0,2.3028,2.3022,2.3017,0.094,0.0,0.1,0.009432,0.0009432,7.88
2590.0,2.3012,2.3023,2.3017,0.094,0.188,0.1,0.01198,0.001198,7.91
2600.0,2.3035,2.3022,2.3017,0.094,0.094,0.1,0.01142,0.001142,7.94
2610.0,2.3016,2.3022,2.3017,0.094,0.125,0.1,0.008694,0.0008694,7.97
2620.0,2.3023,2.3024,2.3017,0.094,0.125,0.1,0.006772,0.0006772,8.0
2630.0,2.3026,2.3025,2.3017,0.094,0.125,0.1,0.006757,0.0006757,8.03
2640.0,2.3036,2.3024,2.3017,0.094,0.031,0.1,0.02078,0.002078,8.06
2650.0,2.3018,2.3023,2.3017,0.094,0.25,0.1,0.01061,0.001061,8.09
2660.0,2.3018,2.3022,2.3017,0.094,0.062,0.1,0.01089,0.001089,8.12
2670.0,2.302,2.3022,2.3017,0.094,0.125,0.1,0.008799,0.0008799,8.15
2680.0,2.3033,2.3022,2.3016,0.09,0.062,0.1,0.01014,0.001014,8.18
2690.0,2.3016,2.3019,2.3016,0.09,0.094,0.1,0.009016,0.0009016,8.21
2700.0,2.3023,2.3019,2.3016,0.094,0.094,0.1,0.008095,0.0008095,8.24
2710.0,2.3013,2.302,2.3016,0.09,0.125,0.1,0.009448,0.0009448,8.27
2720.0,2.3004,2.3022,2.3016,0.09,0.219,0.1,0.02524,0.002524,8.29
2730.0,2.3026,2.3021,2.3016,0.09,0.156,0.1,0.01085,0.001085,8.32
2740.0,2.3017,2.3018,2.3015,0.094,0.094,0.1,0.007752,0.0007752,8.35
2750.0,2.302,2.3018,2.3015,0.094,0.062,0.1,0.01057,0.001057,8.38
2760.0,2.3016,2.3019,2.3015,0.09,0.125,0.1,0.01444,0.001444,8.41
2770.0,2.3017,2.3018,2.3014,0.09,0.156,0.1,0.01036,0.001036,8.44
2780.0,2.3012,2.3021,2.3014,0.09,0.156,0.1,0.0152,0.00152,8.47
2790.0,2.3019,2.3024,2.3014,0.09,0.125,0.1,0.01175,0.001175,8.5
2800.0,2.3042,2.3024,2.3014,0.09,0.031,0.1,0.02871,0.002871,8.53
2810.0,2.3039,2.3024,2.3014,0.09,0.0,0.1,0.02471,0.002471,8.56
2820.0,2.3021,2.3022,2.3014,0.09,0.094,0.1,0.01749,0.001749,8.59
2830.0,2.303,2.3023,2.3014,0.09,0.031,0.1,0.01159,0.001159,8.62
2840.0,2.303,2.3023,2.3014,0.09,0.062,0.1,0.01246,0.001246,8.65
2850.0,2.3018,2.3022,2.3014,0.09,0.125,0.1,0.01251,0.001251,8.68
2860.0,2.3018,2.3022,2.3014,0.09,0.156,0.1,0.008511,0.0008511,8.71
2870.0,2.3019,2.3021,2.3014,0.09,0.156,0.1,0.006647,0.0006647,8.74
2880.0,2.3033,2.3023,2.3013,0.09,0.031,0.1,0.008335,0.0008335,8.76
2890.0,2.3039,2.3022,2.3013,0.086,0.094,0.1,0.01299,0.001299,8.79
2900.0,2.3012,2.302,2.3013,0.086,0.25,0.1,0.01153,0.001153,8.82
2910.0,2.3012,2.3018,2.3013,0.086,0.094,0.1,0.0112,0.00112,8.85
2920.0,2.3029,2.302,2.3013,0.09,0.094,0.1,0.007353,0.0007353,8.88
2930.0,2.3004,2.3021,2.3013,0.086,0.094,0.1,0.02724,0.002724,8.91
2940.0,2.3003,2.3019,2.3012,0.09,0.156,0.1,0.01846,0.001846,8.94
2950.0,2.3014,2.3018,2.3012,0.09,0.062,0.1,0.01966,0.001966,8.97
2960.0,2.3029,2.3019,2.3012,0.09,0.094,0.1,0.008822,0.0008822,9.0
2970.0,2.3023,2.3022,2.3012,0.09,0.125,0.1,0.008751,0.0008751,9.03
2980.0,2.2992,2.3022,2.3012,0.086,0.156,0.1,0.04632,0.004632,9.06
2990.0,2.3009,2.3017,2.3011,0.09,0.188,0.1,0.01235,0.001235,9.09
3000.0,2.3022,2.3016,2.3011,0.09,0.062,0.1,0.01432,0.001432,9.12
3010.0,2.301,2.3015,2.301,0.09,0.0,0.1,0.01047,0.001047,9.15
3020.0,2.3016,2.3013,2.3009,0.09,0.062,0.1,0.009935,0.0009935,9.18
3030.0,2.3009,2.3015,2.3009,0.09,0.188,0.1,0.02062,0.002062,9.21
3040.0,2.3009,2.3016,2.3009,0.09,0.156,0.1,0.01184,0.001184,9.24
3050.0,2.3011,2.3015,2.3008,0.09,0.125,0.1,0.01346,0.001346,9.26
3060.0,2.3007,2.3017,2.3008,0.09,0.125,0.1,0.01039,0.001039,9.29
3070.0,2.3005,2.3022,2.3009,0.09,0.156,0.1,0.02087,0.002087,9.32
3080.0,2.3038,2.302,2.3008,0.09,0.031,0.1,0.01105,0.001105,9.35
3090.0,2.3017,2.3013,2.3007,0.09,0.125,0.1,0.02466,0.002466,9.38
3100.0,2.3023,2.3017,2.3008,0.09,0.062,0.1,0.0206,0.00206,9.41
3110.0,2.2985,2.302,2.3008,0.09,0.188,0.1,0.03343,0.003343,9.44
3120.0,2.3041,2.3016,2.3007,0.09,0.062,0.1,0.03385,0.003385,9.47
3130.0,2.3017,2.3019,2.3007,0.086,0.094,0.1,0.009275,0.0009275,9.5
3140.0,2.3013,2.3018,2.3007,0.086,0.094,0.1,0.008785,0.0008785,9.53
3150.0,2.3013,2.3017,2.3008,0.086,0.156,0.1,0.007732,0.0007732,9.56
3160.0,2.3008,2.3017,2.3007,0.086,0.062,0.1,0.0245,0.00245,9.6
3170.0,2.3014,2.3012,2.3006,0.086,0.031,0.1,0.01498,0.001498,9.62
3180.0,2.3004,2.3011,2.3005,0.09,0.094,0.1,0.01821,0.001821,9.65
3190.0,2.3035,2.3015,2.3004,0.09,0.062,0.1,0.01103,0.001103,9.68
3200.0,2.3004,2.3017,2.3004,0.09,0.125,0.1,0.01893,0.001893,9.71
3210.0,2.301,2.3016,2.3004,0.086,0.125,0.1,0.01217,0.001217,9.75
3220.0,2.3002,2.3013,2.3003,0.086,0.219,0.1,0.01567,0.001567,9.78
3230.0,2.3021,2.3015,2.3003,0.086,0.062,0.1,0.02684,0.002684,9.8
3240.0,2.3067,2.3022,2.3004,0.086,0.031,0.1,0.0542,0.00542,9.83
3250.0,2.3012,2.3017,2.3003,0.086,0.188,0.1,0.01765,0.001765,9.86
3260.0,2.3031,2.3016,2.3003,0.086,0.094,0.1,0.02019,0.002019,9.89
3270.0,2.302,2.3016,2.3002,0.086,0.156,0.1,0.01933,0.001933,9.92
3280.0,2.3026,2.3014,2.3002,0.086,0.062,0.1,0.01376,0.001376,9.95
3290.0,2.2951,2.3012,2.3001,0.086,0.125,0.1,0.06375,0.006375,9.98
3300.0,2.299,2.301,2.3,0.086,0.062,0.1,0.03236,0.003236,10.01
3310.0,2.3022,2.3013,2.2999,0.09,0.125,0.1,0.01147,0.001147,10.04
3320.0,2.3043,2.3015,2.2999,0.086,0.031,0.1,0.05366,0.005366,10.07
3330.0,2.3002,2.3013,2.2998,0.086,0.062,0.1,0.01479,0.001479,10.1
3340.0,2.299,2.301,2.2997,0.086,0.125,0.1,0.02453,0.002453,10.13
3350.0,2.2974,2.3014,2.2997,0.086,0.125,0.1,0.02297,0.002297,10.16
3360.0,2.299,2.3008,2.2995,0.09,0.094,0.1,0.0193,0.00193,10.19
3370.0,2.3,2.3004,2.2995,0.094,0.125,0.1,0.02057,0.002057,10.22
3380.0,2.2952,2.3007,2.2994,0.09,0.031,0.1,0.04066,0.004066,10.25
3390.0,2.3046,2.3013,2.2994,0.086,0.062,0.1,0.0347,0.00347,10.28
3400.0,2.3018,2.3013,2.2993,0.086,0.062,0.1,0.01436,0.001436,10.31
3410.0,2.2974,2.3012,2.2994,0.082,0.094,0.1,0.02222,0.002222,10.34
3420.0,2.3044,2.3012,2.2992,0.082,0.031,0.1,0.05433,0.005433,10.37
3430.0,2.3029,2.3007,2.2991,0.082,0.125,0.1,0.03009,0.003009,10.4
3440.0,2.2995,2.3011,2.2991,0.082,0.062,0.1,0.01833,0.001833,10.42
3450.0,2.2963,2.3011,2.299,0.082,0.281,0.1,0.045,0.0045,10.45
3460.0,2.2976,2.2999,2.2988,0.086,0.094,0.1,0.04067,0.004067,10.49
3470.0,2.3008,2.2999,2.2987,0.086,0.094,0.1,0.01498,0.001498,10.51
3480.0,2.3001,2.3009,2.2987,0.086,0.031,0.1,0.01621,0.001621,10.54
3490.0,2.3001,2.3012,2.2988,0.086,0.188,0.1,0.01833,0.001833,10.57
3500.0,2.2925,2.3007,2.2987,0.086,0.062,0.1,0.06317,0.006317,10.6
3510.0,2.299,2.2997,2.2984,0.086,0.062,0.1,0.03028,0.003028,10.63
3520.0,2.2997,2.3001,2.2983,0.09,0.156,0.1,0.03818,0.003818,10.66
3530.0,2.3008,2.3006,2.2982,0.086,0.125,0.1,0.01975,0.001975,10.69
3540.0,2.2978,2.3009,2.2981,0.09,0.219,0.1,0.04414,0.004414,10.72
3550.0,2.3038,2.3012,2.298,0.09,0.031,0.1,0.02849,0.002849,10.75
3560.0,2.3016,2.301,2.2979,0.086,0.125,0.1,0.04469,0.004469,10.78
3570.0,2.2964,2.3003,2.2978,0.086,0.188,0.1,0.03242,0.003242,10.81
3580.0,2.3061,2.3003,2.2976,0.086,0.031,0.1,0.06088,0.006088,10.84
3590.0,2.2984,2.301,2.298,0.074,0.125,0.1,0.04077,0.004077,10.87
3600.0,2.2996,2.3009,2.2979,0.078,0.031,0.1,0.02921,0.002921,10.9
3610.0,2.2961,2.3006,2.298,0.086,0.188,0.1,0.03872,0.003872,10.93
3620.0,2.3036,2.3006,2.2975,0.078,0.094,0.1,0.05159,0.005159,10.96
3630.0,2.2989,2.3008,2.2977,0.086,0.156,0.1,0.02591,0.002591,10.99
3640.0,2.2953,2.301,2.2977,0.094,0.219,0.1,0.06649,0.006649,11.02
3650.0,2.3009,2.2992,2.2968,0.074,0.031,0.1,0.02504,0.002504,11.05
3660.0,2.3007,2.2998,2.297,0.078,0.062,0.1,0.01804,0.001804,11.08
3670.0,2.3032,2.3016,2.2972,0.094,0.094,0.1,0.04037,0.004037,11.11
3680.0,2.301,2.3009,2.2969,0.086,0.094,0.1,0.03618,0.003618,11.14
3690.0,2.3034,2.3009,2.2966,0.078,0.125,0.1,0.02789,0.002789,11.16
3700.0,2.2903,2.299,2.2961,0.078,0.188,0.1,0.03937,0.003937,11.19
3710.0,2.2979,2.2977,2.2958,0.078,0.125,0.1,0.02529,0.002529,11.22
3720.0,2.3034,2.2989,2.2954,0.082,0.031,0.1,0.04703,0.004703,11.25
3730.0,2.3077,2.3003,2.2957,0.086,0.031,0.1,0.1118,0.01118,11.28
3740.0,2.2975,2.2998,2.2956,0.086,0.219,0.1,0.04693,0.004693,11.31
3750.0,2.3011,2.2988,2.2949,0.078,0.094,0.1,0.03104,0.003104,11.34
3760.0,2.2937,2.2993,2.295,0.086,0.094,0.1,0.05572,0.005572,11.37
3770.0,2.2912,2.2983,2.2946,0.086,0.125,0.1,0.09865,0.009865,11.4
3780.0,2.2911,2.2974,2.2939,0.09,0.031,0.1,0.04106,0.004106,11.43
3790.0,2.2958,2.2964,2.2933,0.074,0.094,0.1,0.07384,0.007384,11.47
3800.0,2.3045,2.2956,2.2926,0.078,0.094,0.1,0.1158,0.01158,11.51
3810.0,2.3005,2.2962,2.2923,0.082,0.125,0.1,0.03459,0.003459,11.58
3820.0,2.2905,2.2968,2.2919,0.086,0.062,0.1,0.05203,0.005203,11.61
3830.0,2.2996,2.2973,2.2921,0.09,0.062,0.1,0.06514,0.006514,11.65
3840.0,2.2957,2.2971,2.2914,0.086,0.125,0.1,0.06836,0.006836,11.68
3850.0,2.2969,2.2979,2.2921,0.082,0.094,0.1,0.1123,0.01123,11.72
3860.0,2.3003,2.2976,2.2906,0.086,0.188,0.1,0.03704,0.003704,11.78
3870.0,2.2881,2.296,2.2897,0.086,0.25,0.1,0.06662,0.006662,11.82
3880.0,2.2973,2.2961,2.2899,0.082,0.062,0.1,0.1233,0.01233,11.85
3890.0,2.3056,2.2952,2.2875,0.086,0.094,0.1,0.0865,0.00865,11.88
3900.0,2.2977,2.2936,2.2858,0.082,0.062,0.1,0.1048,0.01048,11.91
3910.0,2.2964,2.2926,2.284,0.109,0.094,0.1,0.06509,0.006509,11.94
3920.0,2.2844,2.2919,2.2831,0.105,0.094,0.1,0.06503,0.006503,11.97
3930.0,2.2862,2.2917,2.2816,0.133,0.094,0.1,0.07476,0.007476,12.0
3940.0,2.2892,2.2909,2.2792,0.129,0.031,0.1,0.1021,0.01021,12.04
3950.0,2.2903,2.2892,2.2783,0.129,0.125,0.1,0.06565,0.006565,12.07
3960.0,2.2781,2.2875,2.2743,0.141,0.125,0.1,0.1545,0.01545,12.1
3970.0,2.3124,2.2855,2.2693,0.16,0.062,0.1,0.3917,0.03917,12.13
3980.0,2.2919,2.2839,2.2668,0.152,0.125,0.1,0.1309,0.01309,12.16
3990.0,2.2523,2.2855,2.2647,0.16,0.219,0.1,0.2844,0.02844,12.19
4000.0,2.2978,2.2849,2.2614,0.164,0.188,0.1,0.3704,0.03704,12.22
4010.0,2.2868,2.2863,2.2669,0.145,0.156,0.1,0.2671,0.02671,12.25
4020.0,2.2857,2.2861,2.2664,0.148,0.156,0.1,0.08807,0.008807,12.29
4030.0,2.3206,2.2821,2.2509,0.16,0.125,0.1,0.6061,0.06061,12.33
4040.0,2.3006,2.2841,2.2543,0.156,0.156,0.1,0.1671,0.01671,12.36
4050.0,2.306,2.2853,2.2463,0.164,0.094,0.1,0.6872,0.06872,12.4
4060.0,2.4098,2.2849,2.2548,0.16,0.031,0.1,1.376,0.1376,12.43
4070.0,2.2516,2.2794,2.2556,0.172,0.312,0.1,0.5724,0.05724,12.46
4080.0,2.3141,2.2813,2.275,0.125,0.125,0.1,0.2437,0.02437,12.49
4090.0,2.2158,2.2759,2.2356,0.168,0.281,0.1,0.3066,0.03066,12.52
4100.0,2.2731,2.2725,2.2573,0.152,0.094,0.1,0.3315,0.03315,12.55
4110.0,2.2763,2.2801,2.2554,0.176,0.156,0.1,0.1586,0.01586,12.58
4120.0,2.2351,2.2639,2.2341,0.164,0.312,0.1,0.2966,0.02966,12.61
4130.0,2.2864,2.2631,2.2578,0.156,0.062,0.1,0.07423,0.007423,12.64
4140.0,2.3031,2.272,2.2328,0.172,0.156,0.1,0.4081,0.04081,12.67
4150.0,2.2557,2.2689,2.2351,0.176,0.125,0.1,0.3769,0.03769,12.7
4160.0,2.2673,2.2709,2.2493,0.168,0.094,0.1,0.3298,0.03298,12.73
4170.0,2.2653,2.2702,2.2341,0.172,0.125,0.1,0.4511,0.04511,12.76
4180.0,2.3088,2.2775,2.2457,0.172,0.094,0.1,0.1644,0.01644,12.79
4190.0,2.2708,2.2764,2.2447,0.18,0.062,0.1,0.2097,0.02097,12.82
4200.0,2.3136,2.2676,2.2346,0.176,0.125,0.1,0.3911,0.03911,12.85
4210.0,2.1855,2.2541,2.2193,0.172,0.188,0.1,0.2077,0.02077,12.88
4220.0,2.2938,2.2609,2.2333,0.184,0.156,0.1,0.1988,0.01988,12.91
4230.0,2.2491,2.269,2.2531,0.145,0.219,0.1,0.2074,0.02074,12.94
4240.0,2.288,2.2705,2.2931,0.102,0.188,0.1,0.2747,0.02747,12.97
4250.0,2.2548,2.2768,2.2193,0.184,0.219,0.1,0.2376,0.02376,13.0
4260.0,2.187,2.2598,2.2148,0.18,0.25,0.1,0.4202,0.04202,13.03
4270.0,2.2599,2.2499,2.2067,0.184,0.094,0.1,0.3076,0.03076,13.06
4280.0,2.1177,2.2394,2.2178,0.168,0.219,0.1,0.52,0.052,13.09
4290.0,2.217,2.2228,2.2244,0.152,0.094,0.1,1.284,0.1284,13.12
4300.0,2.2433,2.236,2.211,0.172,0.125,0.1,0.7411,0.07411,13.14
4310.0,2.3148,2.248,2.2028,0.184,0.062,0.1,1.632,0.1632,13.17
4320.0,2.0996,2.2148,2.2432,0.164,0.156,0.1,1.682,0.1682,13.2
4330.0,2.2204,2.2551,2.2333,0.184,0.156,0.1,0.5059,0.05059,13.23
4340.0,2.2397,2.2864,2.2058,0.176,0.062,0.1,0.7958,0.07958,13.26
4350.0,2.194,2.2479,2.1972,0.172,0.125,0.1,0.4883,0.04883,13.29
4360.0,2.2903,2.2398,2.2545,0.145,0.188,0.1,1.206,0.1206,13.32
4370.0,2.2477,2.2485,2.1992,0.219,0.125,0.1,0.2934,0.02934,13.35
4380.0,2.265,2.2386,2.1875,0.215,0.156,0.1,1.111,0.1111,13.38
4390.0,2.2254,2.2228,2.1745,0.195,0.062,0.1,0.2806,0.02806,13.41
4400.0,2.1497,2.1979,2.164,0.172,0.094,0.1,1.822,0.1822,13.44
4410.0,2.1889,2.1957,2.1924,0.199,0.062,0.1,0.872,0.0872,13.47
4420.0,2.2598,2.2273,2.1788,0.184,0.156,0.1,0.3234,0.03234,13.5
4430.0,2.2445,2.2218,2.1609,0.18,0.125,0.1,1.056,0.1056,13.53
4440.0,2.3415,2.1935,2.2884,0.18,0.219,0.1,2.312,0.2312,13.56
4450.0,2.1327,2.1537,2.1623,0.211,0.188,0.1,1.745,0.1745,13.59
4460.0,2.1246,2.1654,2.1443,0.219,0.156,0.1,0.61,0.061,13.62
4470.0,2.0642,2.1826,2.1513,0.211,0.219,0.1,0.5393,0.05393,13.65
4480.0,2.1362,2.1801,2.1746,0.199,0.094,0.1,0.4867,0.04867,13.68
4490.0,2.1212,2.1772,2.1427,0.219,0.188,0.1,1.106,0.1106,13.71
4500.0,2.4819,2.193,2.2963,0.172,0.094,0.1,3.453,0.3453,13.74
4510.0,2.1918,2.2209,2.1465,0.215,0.094,0.1,0.8494,0.08494,13.77
4520.0,2.1016,2.168,2.135,0.223,0.094,0.1,0.3636,0.03636,13.8
4530.0,2.1519,2.1608,2.166,0.215,0.281,0.1,1.079,0.1079,13.83
4540.0,2.0948,2.1936,2.1208,0.227,0.094,0.1,0.374,0.0374,13.87
4550.0,2.0828,2.1301,2.1312,0.223,0.25,0.1,1.398,0.1398,13.9
4560.0,1.9315,2.106,2.1728,0.207,0.25,0.1,0.8966,0.08966,13.94
4570.0,2.1578,2.1363,2.1606,0.207,0.156,0.1,1.412,0.1412,13.98
4580.0,2.1068,2.1445,2.1255,0.219,0.156,0.1,0.5717,0.05717,14.04
4590.0,2.2519,2.1662,2.1981,0.184,0.094,0.1,0.9631,0.09631,14.1
4600.0,2.1298,2.1555,2.1285,0.211,0.188,0.1,0.7833,0.07833,14.15
4610.0,2.0288,2.1463,2.1126,0.223,0.219,0.1,0.9767,0.09767,14.19
4620.0,2.3179,2.1752,2.147,0.203,0.125,0.1,1.155,0.1155,14.23
4630.0,2.1657,2.1978,2.1798,0.207,0.094,0.1,0.5802,0.05802,14.27
4640.0,2.0902,2.1848,2.1083,0.227,0.25,0.1,1.729,0.1729,14.3
4650.0,2.288,2.1768,2.1037,0.203,0.125,0.1,1.203,0.1203,14.34
4660.0,2.1726,2.1655,2.1137,0.223,0.188,0.1,0.7078,0.07078,14.39
4670.0,2.1404,2.1253,2.0914,0.23,0.156,0.1,0.358,0.0358,14.45
4680.0,2.1054,2.1189,2.1004,0.227,0.094,0.1,0.5458,0.05458,14.49
4690.0,2.1878,2.1199,2.0979,0.219,0.156,0.1,0.521,0.0521,14.52
4700.0,2.2687,2.1225,2.1053,0.215,0.094,0.1,1.289,0.1289,14.56
4710.0,2.1339,2.1216,2.1263,0.227,0.219,0.1,0.4619,0.04619,14.59
4720.0,2.1614,2.1275,2.1139,0.211,0.188,0.1,0.816,0.0816,14.62
4730.0,2.0764,2.1223,2.1238,0.203,0.188,0.1,0.531,0.0531,14.66
4740.0,2.2965,2.1142,2.0857,0.215,0.125,0.1,0.8561,0.08561,14.69
4750.0,2.0166,2.1218,2.0903,0.199,0.25,0.1,0.9915,0.09915,14.72
4760.0,2.1119,2.1098,2.1157,0.188,0.156,0.1,1.65,0.165,14.75
4770.0,2.0807,2.1203,2.1065,0.176,0.156,0.1,0.4909,0.04909,14.78
4780.0,2.147,2.1163,2.1305,0.195,0.188,0.1,1.423,0.1423,14.81
4790.0,2.055,2.0891,2.0752,0.215,0.188,0.1,1.344,0.1344,14.84
4800.0,2.1879,2.0805,2.1291,0.188,0.094,0.1,1.468,0.1468,14.87
4810.0,1.9548,2.0765,2.0781,0.23,0.219,0.1,0.7206,0.07206,14.9
4820.0,2.2817,2.1181,2.0903,0.203,0.188,0.1,2.014,0.2014,14.93
4830.0,2.0842,2.1379,2.0794,0.211,0.156,0.1,0.5926,0.05926,14.96
4840.0,2.0159,2.0876,2.0815,0.211,0.125,0.1,0.6895,0.06895,15.0
4850.0,2.1305,2.0929,2.095,0.199,0.156,0.1,0.4144,0.04144,15.03
4860.0,2.2534,2.124,2.1055,0.141,0.094,0.1,1.817,0.1817,15.07
4870.0,2.0164,2.1232,2.0808,0.188,0.25,0.1,0.7133,0.07133,15.11
4880.0,2.0546,2.1227,2.088,0.195,0.156,0.1,0.4872,0.04872,15.15
4890.0,1.9854,2.0918,2.0557,0.207,0.062,0.1,0.4814,0.04814,15.21
4900.0,1.9866,2.0687,2.0838,0.211,0.156,0.1,0.7517,0.07517,15.25
4910.0,2.0524,2.0769,2.0875,0.223,0.094,0.1,0.709,0.0709,15.29
4920.0,2.0941,2.101,2.0595,0.207,0.219,0.1,1.216,0.1216,15.32
4930.0,1.9195,2.0996,2.0613,0.207,0.125,0.1,0.78,0.078,15.37
4940.0,2.0155,2.1006,2.0705,0.168,0.094,0.1,0.5564,0.05564,15.41
4950.0,2.124,2.1118,2.0533,0.207,0.125,0.1,1.253,0.1253,15.45
4960.0,2.2984,2.1097,2.124,0.199,0.125,0.1,1.663,0.1663,15.49
4970.0,2.1741,2.1059,2.0542,0.188,0.188,0.1,0.8135,0.08135,15.53
4980.0,2.0594,2.0886,2.061,0.152,0.094,0.1,0.6783,0.06783,15.56
4990.0,1.9221,2.0477,2.0523,0.191,0.344,0.1,1.164,0.1164,15.6
5000.0,2.2899,2.0783,2.2214,0.172,0.156,0.1,1.744,0.1744,15.63
5010.0,1.9946,2.1358,2.0659,0.203,0.156,0.1,0.9574,0.09574,15.66
5020.0,2.0696,2.1176,2.1562,0.121,0.219,0.1,1.091,0.1091,15.69
5030.0,1.9589,2.1108,2.0876,0.148,0.219,0.1,0.7436,0.07436,15.73
5040.0,2.1084,2.1127,2.0593,0.156,0.125,0.1,0.9805,0.09805,15.76
5050.0,2.2494,2.1233,2.0733,0.156,0.156,0.1,0.7019,0.07019,15.81
5060.0,2.1718,2.115,2.0561,0.137,0.188,0.1,1.428,0.1428,15.84
5070.0,2.1966,2.1081,2.0766,0.168,0.031,0.1,0.8742,0.08742,15.88
5080.0,1.9944,2.0983,2.0972,0.148,0.281,0.1,0.6259,0.06259,15.93
5090.0,2.2116,2.0898,2.0763,0.152,0.031,0.1,1.417,0.1417,15.97
5100.0,2.0753,2.0997,2.0593,0.164,0.156,0.1,0.7726,0.07726,16.02
5110.0,2.2143,2.109,2.088,0.152,0.125,0.1,0.4995,0.04995,16.06
5120.0,2.0938,2.1135,2.0966,0.152,0.25,0.1,0.5343,0.05343,16.11
5130.0,1.9969,2.0948,2.0697,0.152,0.188,0.1,0.6051,0.06051,16.15
5140.0,2.1418,2.0981,2.1174,0.156,0.188,0.1,0.6874,0.06874,16.2
5150.0,2.1,2.0813,2.1353,0.176,0.062,0.1,1.184,0.1184,16.25
5160.0,2.1262,2.0958,2.0881,0.16,0.188,0.1,0.6165,0.06165,16.34
5170.0,1.9851,2.1059,2.059,0.148,0.219,0.1,0.8388,0.08388,16.39
5180.0,2.1675,2.076,2.0881,0.156,0.094,0.1,1.312,0.1312,16.43
5190.0,2.0518,2.0796,2.0551,0.148,0.281,0.1,0.382,0.0382,16.47
5200.0,2.168,2.1017,2.058,0.16,0.094,0.1,0.7427,0.07427,16.51
5210.0,2.0329,2.089,2.0665,0.152,0.125,0.1,0.4748,0.04748,16.56
5220.0,2.0375,2.059,2.0572,0.156,0.094,0.1,0.984,0.0984,16.59
5230.0,2.132,2.0653,2.0633,0.16,0.188,0.1,0.9616,0.09616,16.62
5240.0,1.978,2.0687,2.0723,0.148,0.312,0.1,0.8184,0.08184,16.65
5250.0,2.04,2.0599,2.0914,0.156,0.219,0.1,0.5675,0.05675,16.68
5260.0,2.3225,2.0767,2.1271,0.141,0.062,0.1,1.322,0.1322,16.72
5270.0,2.0144,2.0987,2.0716,0.168,0.25,0.1,0.4716,0.04716,16.75
5280.0,2.1035,2.0826,2.0965,0.152,0.094,0.1,1.871,0.1871,16.78
5290.0,1.9623,2.0594,2.0372,0.211,0.188,0.1,0.9329,0.09329,16.81
5300.0,1.9801,2.0441,2.043,0.148,0.219,0.1,0.5508,0.05508,16.84
5310.0,2.238,2.0628,2.0519,0.148,0.219,0.1,1.425,0.1425,16.87
5320.0,1.9866,2.0755,2.0587,0.137,0.125,0.1,0.5567,0.05567,16.9
5330.0,1.9364,2.0845,2.0447,0.145,0.156,0.1,0.8154,0.08154,16.93
5340.0,2.1932,2.1097,2.1211,0.129,0.156,0.1,1.345,0.1345,16.96
5350.0,2.0509,2.1001,2.0449,0.191,0.188,0.1,0.5965,0.05965,16.99
5360.0,1.9977,2.0768,2.0651,0.16,0.219,0.1,0.8052,0.08052,17.02
5370.0,2.0544,2.089,2.0732,0.156,0.125,0.1,0.6964,0.06964,17.05
5380.0,2.172,2.0753,2.0693,0.16,0.062,0.1,1.15,0.115,17.08
5390.0,2.0585,2.0633,2.035,0.207,0.25,0.1,0.3759,0.03759,17.11
5400.0,2.0782,2.0484,2.0779,0.141,0.188,0.1,1.947,0.1947,17.14
5410.0,1.9567,2.034,2.0506,0.168,0.125,0.1,0.5969,0.05969,17.16
5420.0,2.0041,2.0711,2.0426,0.156,0.125,0.1,0.508,0.0508,17.2
5430.0,2.2349,2.0936,2.0552,0.141,0.094,0.1,0.5498,0.05498,17.22
5440.0,2.0011,2.0666,2.0442,0.16,0.156,0.1,0.7587,0.07587,17.25
5450.0,1.9858,2.0533,2.0551,0.203,0.156,0.1,0.7177,0.07177,17.28
5460.0,2.0559,2.0667,2.0303,0.18,0.219,0.1,0.7828,0.07828,17.31
5470.0,2.0823,2.0661,2.0522,0.18,0.094,0.1,0.8801,0.08801,17.34
5480.0,2.0497,2.0671,2.0473,0.211,0.25,0.1,0.8898,0.08898,17.37
5490.0,1.9553,2.0698,2.0629,0.195,0.219,0.1,1.231,0.1231,17.4
5500.0,2.0034,2.0842,2.0467,0.203,0.344,0.1,0.9625,0.09625,17.43
5510.0,2.0323,2.0892,2.0661,0.184,0.094,0.1,0.7222,0.07222,17.46
5520.0,1.9339,2.0928,2.0368,0.207,0.156,0.1,0.6127,0.06127,17.49
5530.0,2.1058,2.1051,2.0414,0.203,0.125,0.1,0.6753,0.06753,17.52
5540.0,2.016,2.1066,2.0482,0.199,0.062,0.1,0.6943,0.06943,17.55
5550.0,2.1065,2.0762,2.031,0.191,0.125,0.1,0.4842,0.04842,17.58
5560.0,2.1437,2.0893,2.0296,0.207,0.094,0.1,0.9265,0.09265,17.61
5570.0,1.9643,2.1152,2.0576,0.164,0.312,0.1,1.288,0.1288,17.64
5580.0,2.0163,2.0911,2.073,0.164,0.219,0.1,0.4796,0.04796,17.67
5590.0,2.2268,2.1108,2.0497,0.16,0.094,0.1,0.3819,0.03819,17.7
5600.0,2.0558,2.0595,2.0246,0.184,0.125,0.1,0.5851,0.05851,17.73
5610.0,2.0618,2.0379,2.0384,0.211,0.062,0.1,0.9517,0.09517,17.76
5620.0,2.1238,2.07,2.0241,0.188,0.219,0.1,0.4356,0.04356,17.79
5630.0,1.8643,2.0351,2.0189,0.199,0.219,0.1,0.6098,0.06098,17.82
5640.0,2.1284,2.073,2.0454,0.207,0.25,0.1,0.6987,0.06987,17.85
5650.0,2.0939,2.1101,2.0272,0.195,0.156,0.1,1.423,0.1423,17.88
5660.0,2.0063,2.077,2.0629,0.156,0.281,0.1,0.3707,0.03707,17.91
5670.0,2.0625,2.0235,2.0378,0.184,0.156,0.1,1.692,0.1692,17.94
5680.0,2.0288,2.0317,2.045,0.164,0.219,0.1,0.7843,0.07843,17.96
5690.0,2.1218,2.072,2.0642,0.156,0.219,0.1,1.358,0.1358,18.0
5700.0,2.2061,2.0841,2.0379,0.145,0.094,0.1,0.3634,0.03634,18.03
5710.0,2.1963,2.0738,2.0532,0.16,0.094,0.1,1.858,0.1858,18.05
5720.0,2.0441,2.0805,2.0284,0.203,0.156,0.1,0.6827,0.06827,18.08
5730.0,2.203,2.0822,2.0552,0.188,0.219,0.1,1.901,0.1901,18.11
5740.0,2.0925,2.0566,2.0387,0.199,0.125,0.1,0.8518,0.08518,18.14
5750.0,2.1654,2.0723,2.0244,0.164,0.156,0.1,0.9882,0.09882,18.17
5760.0,2.1567,2.0886,2.0328,0.219,0.219,0.1,0.6249,0.06249,18.2
5770.0,2.0995,2.0811,2.0256,0.227,0.25,0.1,0.8721,0.08721,18.23
5780.0,2.0211,2.0709,2.0361,0.191,0.188,0.1,0.6601,0.06601,18.26
5790.0,1.9828,2.0566,2.0276,0.164,0.25,0.1,0.5216,0.05216,18.29
5800.0,2.1494,2.0657,2.0389,0.172,0.094,0.1,0.9101,0.09101,18.32
5810.0,2.1361,2.0999,2.097,0.191,0.094,0.1,1.598,0.1598,18.35
5820.0,1.8911,2.0832,2.0395,0.199,0.281,0.1,0.493,0.0493,18.38
5830.0,1.9982,2.0538,2.0506,0.176,0.219,0.1,0.4615,0.04615,18.41
5840.0,1.9128,2.0207,2.0185,0.199,0.125,0.1,1.016,0.1016,18.44
5850.0,2.0907,2.0304,2.0378,0.199,0.188,0.1,0.7221,0.07221,18.47
5860.0,2.2486,2.09,2.0234,0.207,0.188,0.1,0.6782,0.06782,18.51
5870.0,2.0011,2.0691,2.02,0.211,0.094,0.1,0.6226,0.06226,18.54
5880.0,2.033,2.066,2.0353,0.184,0.219,0.1,0.5255,0.05255,18.57
5890.0,1.9877,2.0807,2.0626,0.184,0.281,0.1,0.9159,0.09159,18.59
5900.0,2.1436,2.0504,2.0283,0.207,0.062,0.1,0.8443,0.08443,18.62
5910.0,1.9697,2.0229,2.0279,0.219,0.188,0.1,0.7208,0.07208,18.65
5920.0,1.9793,2.025,2.0222,0.191,0.281,0.1,0.7656,0.07656,18.68
5930.0,1.8096,2.0203,2.0304,0.203,0.156,0.1,0.5122,0.05122,18.71
5940.0,1.9687,2.0178,2.0351,0.176,0.156,0.1,0.8873,0.08873,18.74
5950.0,1.9329,2.0357,2.0224,0.203,0.25,0.1,0.6138,0.06138,18.77
5960.0,2.1538,2.0423,2.0106,0.199,0.094,0.1,0.684,0.0684,18.8
5970.0,2.1563,2.0518,2.1136,0.133,0.156,0.1,1.135,0.1135,18.83
5980.0,2.0073,2.0425,2.0439,0.156,0.219,0.1,0.7206,0.07206,18.86
5990.0,2.234,2.0437,2.0332,0.164,0.188,0.1,1.192,0.1192,18.89
6000.0,2.0066,2.048,2.0365,0.199,0.25,0.1,0.3817,0.03817,18.92
6010.0,2.0339,2.044,2.0263,0.207,0.219,0.1,0.6495,0.06495,18.95
6020.0,2.0851,2.0675,2.0324,0.215,0.188,0.1,0.9523,0.09523,18.98
6030.0,2.0502,2.0989,2.053,0.199,0.25,0.1,1.27,0.127,19.01
6040.0,1.913,2.0977,2.0557,0.172,0.219,0.1,1.205,0.1205,19.04
6050.0,2.0148,2.0811,2.0263,0.191,0.219,0.1,1.673,0.1673,19.07
6060.0,2.1134,2.0729,2.0306,0.18,0.094,0.1,0.7486,0.07486,19.1
6070.0,1.905,2.0456,2.0253,0.184,0.125,0.1,0.5558,0.05558,19.13
6080.0,1.8698,2.0363,2.0579,0.16,0.125,0.1,0.838,0.0838,19.16
6090.0,2.1069,2.0543,2.0426,0.164,0.094,0.1,1.258,0.1258,19.19
6100.0,2.0693,2.0709,2.2324,0.16,0.156,0.1,1.652,0.1652,19.22
6110.0,2.1814,2.085,2.0753,0.176,0.125,0.1,0.7986,0.07986,19.25
6120.0,2.138,2.0553,2.0269,0.191,0.188,0.1,0.728,0.0728,19.28
6130.0,2.1294,2.0683,2.0291,0.195,0.219,0.1,0.9161,0.09161,19.31
6140.0,1.8981,2.0913,2.0386,0.172,0.188,0.1,0.5737,0.05737,19.34
6150.0,2.0031,2.0849,2.0199,0.18,0.094,0.1,1.749,0.1749,19.36
6160.0,2.1777,2.0814,2.0178,0.184,0.25,0.1,0.4423,0.04423,19.39
6170.0,2.0554,2.0664,2.0284,0.211,0.094,0.1,0.6654,0.06654,19.42
6180.0,2.2681,2.0655,2.1129,0.18,0.219,0.1,1.577,0.1577,19.45
6190.0,2.1396,2.0722,2.0304,0.172,0.125,0.1,0.588,0.0588,19.48
6200.0,1.9011,2.0559,2.0513,0.168,0.312,0.1,0.5789,0.05789,19.51
6210.0,1.967,2.0316,1.9981,0.211,0.219,0.1,0.7515,0.07515,19.54
6220.0,2.1642,2.0495,2.008,0.191,0.094,0.1,0.6209,0.06209,19.57
6230.0,2.1032,2.0555,2.0193,0.199,0.188,0.1,0.9501,0.09501,19.6
6240.0,2.0014,2.0627,2.0175,0.188,0.25,0.1,0.8166,0.08166,19.63
6250.0,2.0619,2.058,2.0083,0.195,0.25,0.1,1.138,0.1138,19.66
6260.0,2.0149,2.0494,2.0333,0.199,0.188,0.1,0.6298,0.06298,19.69
6270.0,2.1445,2.0591,2.0349,0.188,0.094,0.1,0.5356,0.05356,19.72
6280.0,2.063,2.0622,2.0104,0.203,0.125,0.1,1.006,0.1006,19.75
6290.0,2.0741,2.0703,2.0229,0.172,0.312,0.1,0.9067,0.09067,19.78
6300.0,1.9936,2.0331,2.0343,0.199,0.25,0.1,0.7332,0.07332,19.81
6310.0,2.1297,2.0085,2.0286,0.211,0.156,0.1,1.067,0.1067,19.84
6320.0,2.0077,2.0346,2.024,0.176,0.219,0.1,0.8857,0.08857,19.87
6330.0,2.0859,2.0463,2.005,0.203,0.094,0.1,0.7542,0.07542,19.9
6340.0,1.9874,2.0804,2.0235,0.168,0.188,0.1,0.5378,0.05378,19.93
6350.0,2.1641,2.0715,2.0404,0.199,0.219,0.1,0.9305,0.09305,19.96
6360.0,2.0241,2.0455,2.1099,0.156,0.094,0.1,1.101,0.1101,19.99
6370.0,2.0659,2.0572,2.0158,0.207,0.125,0.1,1.172,0.1172,20.02
6380.0,1.8883,2.0218,2.0277,0.203,0.25,0.1,1.033,0.1033,20.05
6390.0,2.1437,2.0507,2.0229,0.164,0.031,0.1,0.4467,0.04467,20.08
6400.0,2.117,2.0893,2.0251,0.164,0.156,0.1,0.4232,0.04232,20.11
6410.0,1.8336,2.0263,2.0164,0.18,0.188,0.1,0.9144,0.09144,20.14
6420.0,2.1578,2.0327,2.0309,0.16,0.25,0.1,0.5849,0.05849,20.18
6430.0,2.162,2.0586,2.0266,0.191,0.156,0.1,0.5459,0.05459,20.21
6440.0,2.09,2.0411,2.0909,0.164,0.188,0.1,0.9732,0.09732,20.24
6450.0,2.0171,2.0448,2.0502,0.188,0.219,0.1,1.041,0.1041,20.27
6460.0,1.821,2.0101,2.0363,0.211,0.312,0.1,0.7785,0.07785,20.3
6470.0,2.2127,2.0154,2.0374,0.145,0.094,0.1,1.776,0.1776,20.33
6480.0,1.9762,2.0473,2.01,0.168,0.312,0.1,0.8226,0.08226,20.36
6490.0,1.9519,2.0396,2.0126,0.156,0.281,0.1,0.7554,0.07554,20.39
6500.0,2.0963,2.0453,2.0303,0.172,0.25,0.1,0.7005,0.07005,20.42
6510.0,1.9114,2.0485,2.0112,0.18,0.25,0.1,0.8534,0.08534,20.45
6520.0,1.9016,2.0174,2.0057,0.195,0.094,0.1,0.4639,0.04639,20.48
6530.0,1.9928,2.0368,2.0405,0.195,0.031,0.1,0.5801,0.05801,20.51
6540.0,1.9685,2.07,2.0248,0.176,0.219,0.1,0.5365,0.05365,20.54
6550.0,2.1637,2.0569,2.0506,0.168,0.25,0.1,0.7013,0.07013,20.57
6560.0,2.1332,2.0424,2.0372,0.176,0.219,0.1,1.754,0.1754,20.6
6570.0,2.2019,2.0565,2.0177,0.152,0.094,0.1,0.7276,0.07276,20.63
6580.0,1.9073,2.0116,2.0322,0.164,0.188,0.1,0.7696,0.07696,20.66
6590.0,2.1919,1.9799,2.0136,0.199,0.125,0.1,0.7367,0.07367,20.69
6600.0,1.9697,2.037,2.0034,0.191,0.219,0.1,0.6436,0.06436,20.72
6610.0,2.2157,2.0467,2.0104,0.16,0.094,0.1,1.853,0.1853,20.74
6620.0,2.1504,2.0381,2.0524,0.156,0.094,0.1,0.7773,0.07773,20.77
6630.0,1.9073,2.0232,2.0009,0.168,0.219,0.1,0.5683,0.05683,20.81
6640.0,2.0881,2.0232,2.0029,0.145,0.156,0.1,1.687,0.1687,20.84
6650.0,2.0855,2.0359,2.0199,0.18,0.125,0.1,0.6579,0.06579,20.87
6660.0,2.0626,2.0184,2.0339,0.16,0.219,0.1,0.6703,0.06703,20.9
6670.0,2.1093,2.036,2.0287,0.164,0.062,0.1,0.56,0.056,20.93
6680.0,1.9366,2.0583,2.0695,0.152,0.219,0.1,0.6333,0.06333,20.96
6690.0,2.1304,2.0745,2.0153,0.152,0.219,0.1,0.8216,0.08216,20.99
6700.0,2.1035,2.0959,2.0223,0.137,0.062,0.1,0.3445,0.03445,21.02
6710.0,2.2082,2.0704,2.005,0.148,0.094,0.1,1.197,0.1197,21.05
6720.0,2.1372,2.0478,2.0081,0.141,0.188,0.1,1.494,0.1494,21.08
6730.0,2.2638,2.0442,2.0397,0.156,0.125,0.1,0.9068,0.09068,21.11
6740.0,2.0512,2.0757,2.0502,0.152,0.188,0.1,1.248,0.1248,21.14
6750.0,2.0325,2.0791,1.9951,0.156,0.125,0.1,0.7225,0.07225,21.17
6760.0,2.1901,2.0539,1.9916,0.16,0.062,0.1,0.9807,0.09807,21.21
6770.0,1.8778,2.0552,2.0497,0.176,0.281,0.1,0.6099,0.06099,21.24
6780.0,2.006,2.0499,1.9949,0.16,0.156,0.1,0.6306,0.06306,21.26
6790.0,1.9729,2.015,2.0167,0.145,0.125,0.1,0.7928,0.07928,21.29
6800.0,2.093,2.0022,2.0013,0.152,0.25,0.1,0.4907,0.04907,21.32
6810.0,2.1418,2.0397,2.0101,0.172,0.125,0.1,1.026,0.1026,21.35
6820.0,2.2025,2.0726,2.0134,0.164,0.281,0.1,0.5646,0.05646,21.38
6830.0,2.0292,2.0693,1.9934,0.172,0.094,0.1,0.5743,0.05743,21.41
6840.0,1.9641,2.0352,2.0255,0.164,0.281,0.1,0.8611,0.08611,21.47
6850.0,2.0918,2.0364,2.0676,0.168,0.062,0.1,0.983,0.0983,21.5
6860.0,1.851,2.0541,2.0092,0.207,0.156,0.1,0.802,0.0802,21.53
6870.0,2.1648,2.0509,2.002,0.148,0.219,0.1,0.7256,0.07256,21.56
6880.0,2.0957,2.0333,2.0942,0.156,0.219,0.1,1.637,0.1637,21.59
6890.0,1.9497,2.0228,1.9994,0.172,0.219,0.1,0.5172,0.05172,21.62
6900.0,1.9856,2.0241,2.0388,0.152,0.125,0.1,0.9729,0.09729,21.65
6910.0,2.189,2.0164,1.9995,0.18,0.188,0.1,2.12,0.212,21.68
6920.0,1.9745,2.0381,2.0108,0.16,0.219,0.1,0.6619,0.06619,21.71
6930.0,2.039,2.0308,1.9931,0.18,0.188,0.1,0.9303,0.09303,21.74
6940.0,2.0575,2.0,1.9983,0.184,0.188,0.1,0.5222,0.05222,21.77
6950.0,2.0806,2.0257,2.0018,0.168,0.125,0.1,0.6989,0.06989,21.8
6960.0,2.0408,2.0581,1.9992,0.145,0.156,0.1,0.7232,0.07232,21.83
6970.0,1.996,2.0648,1.9988,0.164,0.219,0.1,0.6844,0.06844,21.86
6980.0,1.9381,2.0473,2.0527,0.18,0.125,0.1,0.6186,0.06186,21.89
6990.0,2.0258,2.0386,2.0054,0.18,0.125,0.1,0.7309,0.07309,21.92
7000.0,2.243,2.0784,2.007,0.172,0.094,0.1,0.9977,0.09977,21.95
7010.0,2.0974,2.075,2.0135,0.164,0.219,0.1,1.058,0.1058,21.98
7020.0,2.0112,2.052,2.0439,0.168,0.156,0.1,0.7204,0.07204,22.01
7030.0,2.1613,2.0711,2.0176,0.188,0.125,0.1,0.5269,0.05269,22.04
7040.0,2.0145,2.0622,2.0095,0.203,0.188,0.1,0.5937,0.05937,22.07
7050.0,1.9925,2.048,2.0174,0.199,0.281,0.1,1.109,0.1109,22.1
7060.0,2.0064,2.0373,2.0081,0.188,0.219,0.1,0.7546,0.07546,22.13
7070.0,1.896,2.0077,2.0293,0.176,0.188,0.1,0.5104,0.05104,22.16
7080.0,2.0119,2.0232,2.0205,0.184,0.125,0.1,0.5802,0.05802,22.19
7090.0,1.9583,2.025,1.9908,0.191,0.219,0.1,0.9629,0.09629,22.22
7100.0,2.0855,2.0213,2.0047,0.184,0.156,0.1,1.026,0.1026,22.25
7110.0,1.9043,2.017,2.0051,0.203,0.312,0.1,1.088,0.1088,22.28
7120.0,2.1704,2.0319,2.0047,0.145,0.125,0.1,1.111,0.1111,22.31
7130.0,2.1955,2.0637,2.012,0.148,0.062,0.1,0.5703,0.05703,22.34
7140.0,1.9359,2.0125,2.0132,0.156,0.219,0.1,0.6099,0.06099,22.37
7150.0,2.0589,2.0228,2.0064,0.172,0.156,0.1,0.6695,0.06695,22.4
7160.0,1.8238,2.037,2.0101,0.207,0.281,0.1,0.8842,0.08842,22.43
7170.0,2.0932,2.0284,2.0027,0.199,0.125,0.1,0.9757,0.09757,22.46
7180.0,1.9731,2.0499,1.9934,0.203,0.219,0.1,0.914,0.0914,22.49
7190.0,1.8773,2.0406,2.0537,0.188,0.281,0.1,1.544,0.1544,22.52
7200.0,1.9791,2.0352,2.0328,0.191,0.094,0.1,1.017,0.1017,22.55
7210.0,2.0902,2.0313,2.0545,0.164,0.156,0.1,1.762,0.1762,22.58
7220.0,1.9574,2.0209,2.0298,0.18,0.25,0.1,0.8057,0.08057,22.61
7230.0,2.045,2.0574,2.0063,0.195,0.156,0.1,0.5869,0.05869,22.64
7240.0,2.0028,2.0728,1.9841,0.203,0.25,0.1,0.4747,0.04747,22.67
7250.0,1.8347,2.0357,1.9819,0.207,0.25,0.1,0.4931,0.04931,22.7
7260.0,2.0372,2.0374,1.9946,0.219,0.219,0.1,1.409,0.1409,22.72
7270.0,1.9064,2.024,1.993,0.211,0.25,0.1,0.5992,0.05992,22.75
7280.0,2.2749,2.0219,1.9798,0.211,0.125,0.1,0.7395,0.07395,22.78
7290.0,1.9509,2.0485,1.988,0.223,0.156,0.1,0.81,0.081,22.81
7300.0,2.1345,2.0837,1.9831,0.223,0.219,0.1,0.4798,0.04798,22.84
7310.0,1.9902,2.0893,1.9936,0.199,0.188,0.1,0.8891,0.08891,22.88
7320.0,2.163,2.0558,1.9897,0.207,0.188,0.1,0.7227,0.07227,22.91
7330.0,1.9567,2.0695,2.0152,0.191,0.156,0.1,1.262,0.1262,22.93
7340.0,2.0553,2.085,2.0113,0.211,0.156,0.1,0.7338,0.07338,22.96
7350.0,2.0753,2.0776,2.0186,0.172,0.219,0.1,0.7775,0.07775,22.99
7360.0,1.9676,2.0423,2.0198,0.223,0.188,0.1,0.7857,0.07857,23.02
7370.0,2.1228,2.0075,1.9843,0.168,0.125,0.1,1.517,0.1517,23.05
7380.0,1.938,2.0394,2.0071,0.199,0.156,0.1,0.8211,0.08211,23.08
7390.0,2.1597,2.0559,1.985,0.199,0.156,0.1,1.141,0.1141,23.11
7400.0,2.2218,2.0589,2.0574,0.191,0.156,0.1,1.973,0.1973,23.14
7410.0,2.1535,2.0882,2.0214,0.195,0.062,0.1,1.113,0.1113,23.17
7420.0,2.0947,2.0871,1.9913,0.199,0.219,0.1,0.7024,0.07024,23.2
7430.0,2.0119,2.0531,2.0065,0.199,0.25,0.1,0.8615,0.08615,23.23
7440.0,2.0263,2.0215,2.0046,0.188,0.188,0.1,1.665,0.1665,23.26
7450.0,1.9684,2.0273,1.9884,0.203,0.25,0.1,1.086,0.1086,23.29
7460.0,1.9888,2.0456,1.987,0.199,0.094,0.1,0.738,0.0738,23.32
7470.0,2.0815,2.044,2.0679,0.184,0.125,0.1,1.24,0.124,23.35
7480.0,2.4594,2.057,1.9911,0.199,0.125,0.1,1.444,0.1444,23.38
7490.0,2.1693,2.07,2.0198,0.195,0.156,0.1,1.283,0.1283,23.41
7500.0,2.0723,2.067,1.9895,0.207,0.219,0.1,0.9248,0.09248,23.44
7510.0,1.891,2.0545,2.0091,0.195,0.25,0.1,0.7851,0.07851,23.47
7520.0,1.9982,2.0204,2.0002,0.195,0.156,0.1,0.7436,0.07436,23.5
7530.0,2.0007,2.0371,2.0198,0.211,0.094,0.1,0.8297,0.08297,23.53
7540.0,2.0293,2.0505,1.9903,0.203,0.062,0.1,0.4653,0.04653,23.55
7550.0,1.9355,2.0172,2.0623,0.199,0.219,0.1,1.424,0.1424,23.59
7560.0,1.9283,2.0227,1.9899,0.211,0.188,0.1,0.5302,0.05302,23.62
7570.0,2.1217,2.0026,2.008,0.203,0.125,0.1,0.9787,0.09787,23.65
7580.0,1.9785,1.9779,2.0124,0.207,0.25,0.1,1.335,0.1335,23.68
7590.0,2.0761,2.0062,1.9918,0.203,0.125,0.1,1.301,0.1301,23.71
7600.0,2.0443,2.0261,1.9864,0.188,0.219,0.1,1.002,0.1002,23.73
7610.0,1.9324,2.024,2.0217,0.184,0.25,0.1,0.6378,0.06378,23.76
7620.0,1.918,2.0178,1.9894,0.188,0.344,0.1,0.9382,0.09382,23.79
7630.0,1.901,2.0247,1.9871,0.199,0.25,0.1,0.6685,0.06685,23.82
7640.0,2.0495,1.9997,2.0875,0.199,0.344,0.1,1.501,0.1501,23.85
7650.0,2.0026,1.9824,1.9921,0.145,0.188,0.1,0.9907,0.09907,23.88
7660.0,2.1271,2.0178,1.9857,0.188,0.219,0.1,0.765,0.0765,23.91
7670.0,1.8855,2.0141,1.9872,0.188,0.219,0.1,0.8716,0.08716,23.94
7680.0,2.0562,2.0393,2.0207,0.191,0.125,0.1,1.129,0.1129,23.97
7690.0,2.012,2.055,2.0117,0.207,0.156,0.1,1.093,0.1093,24.0
7700.0,1.9985,2.0102,2.0066,0.219,0.312,0.1,0.6079,0.06079,24.03
7710.0,1.9487,2.0081,2.0139,0.191,0.312,0.1,0.7487,0.07487,24.06
7720.0,1.9369,2.018,2.0374,0.184,0.219,0.1,0.578,0.0578,24.09
7730.0,1.9059,2.0301,1.9746,0.207,0.188,0.1,0.7435,0.07435,24.12
7740.0,2.0375,2.0433,1.9897,0.203,0.188,0.1,1.272,0.1272,24.15
7750.0,1.9538,2.0372,1.9913,0.18,0.25,0.1,0.4929,0.04929,24.18
7760.0,2.1491,2.0469,2.017,0.188,0.094,0.1,1.391,0.1391,24.21
7770.0,2.0194,2.032,1.9806,0.172,0.281,0.1,0.6786,0.06786,24.24
7780.0,2.073,2.009,1.9932,0.188,0.219,0.1,1.925,0.1925,24.27
7790.0,1.9132,1.9973,1.982,0.195,0.281,0.1,0.5485,0.05485,24.3
7800.0,2.018,1.9867,1.9796,0.203,0.156,0.1,1.868,0.1868,24.32
7810.0,1.935,2.0188,1.9948,0.164,0.281,0.1,0.6485,0.06485,24.36
7820.0,1.8268,2.0163,1.9798,0.195,0.219,0.1,0.5345,0.05345,24.39
7830.0,1.9304,1.9902,1.9905,0.184,0.188,0.1,0.542,0.0542,24.41
7840.0,2.0594,1.9984,1.9908,0.195,0.094,0.1,0.524,0.0524,24.44
7850.0,2.0006,2.0085,2.0143,0.195,0.188,0.1,0.5188,0.05188,24.47
7860.0,2.0871,2.0473,2.0058,0.18,0.094,0.1,0.8965,0.08965,24.5
7870.0,1.8507,2.0345,2.0209,0.184,0.25,0.1,0.7657,0.07657,24.53
7880.0,2.0159,2.0097,1.9909,0.199,0.188,0.1,0.6725,0.06725,24.56
7890.0,1.9563,2.042,1.9872,0.195,0.344,0.1,0.708,0.0708,24.59
7900.0,1.8745,2.0275,2.0087,0.188,0.219,0.1,0.9179,0.09179,24.62
7910.0,1.9832,2.0169,1.9778,0.18,0.25,0.1,0.4868,0.04868,24.65
7920.0,1.9727,2.0401,1.9969,0.219,0.188,0.1,0.7777,0.07777,24.68
7930.0,1.9924,2.0115,2.0035,0.18,0.25,0.1,0.6655,0.06655,24.71
7940.0,2.0978,2.0186,2.0048,0.18,0.188,0.1,1.032,0.1032,24.74
7950.0,2.0375,2.067,1.9898,0.203,0.281,0.1,0.5541,0.05541,24.77
7960.0,1.9123,2.0122,2.0167,0.219,0.219,0.1,0.5355,0.05355,24.8
7970.0,1.8855,1.9774,1.9772,0.168,0.25,0.1,0.6893,0.06893,24.83
7980.0,2.0807,2.013,2.0119,0.16,0.188,0.1,1.504,0.1504,24.86
7990.0,2.0614,2.0416,1.9924,0.184,0.125,0.1,1.114,0.1114,24.89
8000.0,2.0821,2.0786,1.9829,0.168,0.188,0.1,0.8753,0.08753,24.92
8010.0,1.8339,2.0738,1.982,0.18,0.25,0.1,1.031,0.1031,24.95
8020.0,2.0608,2.0644,2.0136,0.152,0.219,0.1,1.166,0.1166,24.98
8030.0,2.1005,2.0366,2.0166,0.191,0.156,0.1,1.276,0.1276,25.01
8040.0,2.1575,2.0231,1.9857,0.203,0.062,0.1,1.338,0.1338,25.04
8050.0,2.0524,2.0264,1.9973,0.188,0.219,0.1,1.079,0.1079,25.07
8060.0,2.0762,2.0056,1.9792,0.215,0.312,0.1,1.459,0.1459,25.1
8070.0,2.0188,2.0048,1.9815,0.219,0.125,0.1,0.5596,0.05596,25.13
8080.0,2.1175,2.0258,2.0166,0.195,0.094,0.1,0.6292,0.06292,25.16
8090.0,2.0966,2.0486,2.0102,0.203,0.25,0.1,0.7001,0.07001,25.19
8100.0,1.994,1.9984,2.0421,0.141,0.25,0.1,1.083,0.1083,25.22
8110.0,1.9035,2.0046,1.9846,0.152,0.188,0.1,0.6457,0.06457,25.25
8120.0,1.9858,2.0358,1.9855,0.184,0.188,0.1,0.6703,0.06703,25.28
8130.0,1.9352,2.0237,1.9971,0.188,0.25,0.1,1.545,0.1545,25.31
8140.0,1.9824,2.024,1.9815,0.203,0.25,0.1,0.4848,0.04848,25.34
8150.0,1.9783,2.0355,2.0026,0.223,0.219,0.1,0.5773,0.05773,25.37
8160.0,2.011,2.0226,1.9931,0.207,0.094,0.1,0.7106,0.07106,25.42
8170.0,2.0253,2.0121,1.988,0.156,0.156,0.1,0.7345,0.07345,25.46
8180.0,2.0468,2.0231,1.9942,0.191,0.094,0.1,0.8386,0.08386,25.49
8190.0,2.164,2.0264,1.9937,0.168,0.125,0.1,0.9007,0.09007,25.52
8200.0,2.1432,2.0344,1.9713,0.199,0.312,0.1,0.9639,0.09639,25.55
8210.0,2.0554,2.0206,1.9786,0.176,0.188,0.1,0.9171,0.09171,25.58
8220.0,1.9201,2.0235,1.9783,0.184,0.188,0.1,0.7924,0.07924,25.61
8230.0,2.0492,2.0294,1.9768,0.184,0.312,0.1,1.186,0.1186,25.64
8240.0,1.9458,2.0158,1.9786,0.188,0.281,0.1,1.106,0.1106,25.67
8250.0,2.008,1.9951,2.0308,0.199,0.25,0.1,1.675,0.1675,25.71
8260.0,2.17,2.0058,2.0141,0.211,0.156,0.1,0.6835,0.06835,25.74
8270.0,2.0584,2.0348,1.9742,0.207,0.156,0.1,0.6936,0.06936,25.78
8280.0,2.0087,2.0065,2.007,0.215,0.094,0.1,1.606,0.1606,25.81
8290.0,2.1414,2.0063,1.9837,0.16,0.25,0.1,1.495,0.1495,25.84
8300.0,1.9102,2.0242,1.9887,0.176,0.188,0.1,0.6809,0.06809,25.88
8310.0,2.0055,2.0336,1.9912,0.18,0.062,0.1,0.9749,0.09749,25.91
8320.0,2.1367,2.0177,1.9874,0.191,0.094,0.1,0.9005,0.09005,25.94
8330.0,1.9681,2.005,2.0514,0.172,0.281,0.1,1.103,0.1103,25.97
8340.0,1.9885,2.0154,1.9776,0.16,0.156,0.1,0.6507,0.06507,26.0
8350.0,1.9164,2.001,1.9835,0.191,0.281,0.1,1.082,0.1082,26.03
8360.0,1.925,1.9922,1.9786,0.227,0.312,0.1,1.067,0.1067,26.06
8370.0,1.8819,2.0044,1.9916,0.211,0.219,0.1,1.155,0.1155,26.09
8380.0,2.0669,2.0239,1.9795,0.168,0.125,0.1,0.7111,0.07111,26.12
8390.0,2.0055,2.0033,2.0054,0.18,0.25,0.1,1.724,0.1724,26.15
8400.0,1.8878,1.9873,2.0077,0.176,0.25,0.1,1.06,0.106,26.18
8410.0,2.1424,2.0431,2.0385,0.156,0.188,0.1,0.9658,0.09658,26.21
8420.0,1.9733,2.0723,2.0273,0.184,0.156,0.1,0.8562,0.08562,26.24
8430.0,1.9161,2.0225,1.9853,0.164,0.219,0.1,0.7881,0.07881,26.27
8440.0,1.8978,1.9567,1.9746,0.152,0.25,0.1,1.139,0.1139,26.3
8450.0,1.9742,1.963,2.0007,0.184,0.156,0.1,0.5901,0.05901,26.33
8460.0,1.9059,1.9973,1.9806,0.184,0.312,0.1,0.5909,0.05909,26.36
8470.0,2.0582,2.0197,1.9866,0.188,0.188,0.1,0.9978,0.09978,26.39
8480.0,2.0322,2.034,2.0019,0.176,0.125,0.1,0.9439,0.09439,26.42
8490.0,2.0116,2.0093,1.9913,0.191,0.219,0.1,0.9663,0.09663,26.45
8500.0,2.0445,2.0185,1.9889,0.141,0.094,0.1,0.6128,0.06128,26.48
8510.0,1.7874,2.0037,1.9833,0.191,0.219,0.1,0.6393,0.06393,26.52
8520.0,2.1034,2.0196,2.0653,0.156,0.125,0.1,1.971,0.1971,26.55
8530.0,2.0812,2.0451,1.9906,0.211,0.125,0.1,1.291,0.1291,26.58
8540.0,1.8005,1.9817,1.9667,0.215,0.344,0.1,0.9099,0.09099,26.61
8550.0,1.9311,1.9594,2.0065,0.211,0.219,0.1,0.5798,0.05798,26.65
8560.0,1.8987,1.9879,2.0015,0.156,0.188,0.1,0.9632,0.09632,26.68
8570.0,1.9981,2.0268,2.0072,0.188,0.188,0.1,0.6083,0.06083,26.71
8580.0,1.9899,2.0317,1.9965,0.16,0.25,0.1,0.7002,0.07002,26.74
8590.0,2.0542,2.0348,1.9893,0.188,0.156,0.1,0.7932,0.07932,26.77
8600.0,2.1623,2.0981,2.026,0.195,0.219,0.1,0.5296,0.05296,26.8
8610.0,2.0122,2.0887,1.9829,0.207,0.25,0.1,0.8993,0.08993,26.83
8620.0,2.118,2.033,1.9567,0.195,0.25,0.1,1.063,0.1063,26.86
8630.0,2.0934,2.0311,1.9741,0.195,0.219,0.1,0.8721,0.08721,26.89
8640.0,1.9618,2.0381,1.9649,0.195,0.188,0.1,0.9171,0.09171,26.92
8650.0,1.889,2.0127,1.9929,0.172,0.312,0.1,0.9539,0.09539,26.95
8660.0,1.9231,2.022,2.0077,0.203,0.25,0.1,0.6119,0.06119,26.98
8670.0,1.9565,2.0051,1.9728,0.219,0.188,0.1,1.005,0.1005,27.01
8680.0,1.8467,1.9656,1.9921,0.203,0.281,0.1,0.8515,0.08515,27.04
8690.0,2.0375,2.014,2.0013,0.211,0.156,0.1,0.7744,0.07744,27.06
8700.0,2.2684,2.0798,1.9761,0.188,0.125,0.1,1.079,0.1079,27.09
8710.0,2.0293,2.0832,1.9763,0.203,0.281,0.1,0.5928,0.05928,27.12
8720.0,2.0023,2.0261,1.9672,0.207,0.281,0.1,0.669,0.0669,27.15
8730.0,1.9585,1.9664,1.9877,0.176,0.406,0.1,0.7494,0.07494,27.18
8740.0,2.2126,1.9726,1.9892,0.18,0.219,0.1,1.543,0.1543,27.21
8750.0,1.887,2.0437,1.9847,0.211,0.25,0.1,0.7565,0.07565,27.24
8760.0,1.8791,2.046,2.083,0.207,0.312,0.1,1.627,0.1627,27.27
8770.0,1.9518,2.02,1.9759,0.215,0.094,0.1,0.8715,0.08715,27.3
8780.0,2.052,2.0426,1.9688,0.227,0.219,0.1,1.05,0.105,27.33
8790.0,2.0167,2.0553,2.0077,0.191,0.281,0.1,0.7105,0.07105,27.36
8800.0,2.0801,2.0393,2.0198,0.215,0.094,0.1,1.291,0.1291,27.39
8810.0,1.862,2.019,1.9728,0.199,0.312,0.1,0.8307,0.08307,27.42
8820.0,2.218,2.0226,2.0337,0.203,0.094,0.1,0.7343,0.07343,27.45
8830.0,1.8694,2.0157,1.9768,0.16,0.219,0.1,0.9739,0.09739,27.48
8840.0,2.0645,1.9922,1.9686,0.207,0.188,0.1,1.06,0.106,27.51
8850.0,2.0112,2.0119,2.0012,0.207,0.219,0.1,1.115,0.1115,27.54
8860.0,2.2753,2.0306,2.0222,0.188,0.188,0.1,2.023,0.2023,27.57
8870.0,1.9562,1.9923,1.9652,0.207,0.219,0.1,0.8916,0.08916,27.6
8880.0,1.982,2.0098,1.9747,0.199,0.125,0.1,0.9553,0.09553,27.63
8890.0,1.933,2.0339,1.97,0.191,0.25,0.1,0.7537,0.07537,27.66
8900.0,1.8538,1.9918,1.9581,0.195,0.344,0.1,0.8094,0.08094,27.69
8910.0,2.1678,2.0024,1.9697,0.223,0.219,0.1,0.6924,0.06924,27.72
8920.0,1.8355,2.0193,1.9813,0.211,0.281,0.1,1.12,0.112,27.75
8930.0,2.0152,2.0154,1.9747,0.195,0.188,0.1,0.5945,0.05945,27.78
8940.0,2.1304,2.0099,1.9631,0.195,0.188,0.1,1.17,0.117,27.81
8950.0,1.9325,1.9884,1.9589,0.211,0.156,0.1,0.9731,0.09731,27.84
8960.0,1.9696,1.9693,1.9676,0.207,0.156,0.1,1.104,0.1104,27.87
8970.0,1.8792,2.0066,1.9811,0.176,0.156,0.1,0.9439,0.09439,27.89
8980.0,1.9021,2.0166,1.9854,0.195,0.25,0.1,0.7943,0.07943,27.92
8990.0,2.0136,1.9604,2.0096,0.199,0.188,0.1,0.8193,0.08193,27.95
9000.0,1.9957,1.9585,1.9722,0.184,0.312,0.1,1.543,0.1543,27.98
9010.0,2.2419,2.0078,1.9895,0.172,0.125,0.1,2.232,0.2232,28.01
9020.0,2.1286,2.0245,1.9554,0.215,0.125,0.1,0.6024,0.06024,28.04
9030.0,2.005,2.0093,1.975,0.191,0.25,0.1,0.6037,0.06037,28.07
9040.0,2.2246,2.0002,2.0032,0.184,0.312,0.1,2.089,0.2089,28.1
9050.0,1.8601,2.0002,1.9722,0.172,0.312,0.1,1.379,0.1379,28.13
9060.0,1.9396,1.9986,1.9523,0.207,0.188,0.1,0.9089,0.09089,28.16
9070.0,2.0657,1.998,1.9614,0.207,0.188,0.1,0.9275,0.09275,28.19
9080.0,2.0923,1.9804,2.0208,0.168,0.219,0.1,3.913,0.3913,28.22
9090.0,1.8139,1.9768,1.9972,0.23,0.375,0.1,1.279,0.1279,28.25
9100.0,2.043,2.0191,2.0005,0.211,0.188,0.1,1.134,0.1134,28.28
9110.0,2.0187,2.0365,1.987,0.188,0.219,0.1,1.002,0.1002,28.32
9120.0,2.0719,2.0189,2.0306,0.203,0.25,0.1,0.8395,0.08395,28.35
9130.0,1.8959,2.0218,2.0297,0.23,0.312,0.1,1.53,0.153,28.38
9140.0,1.9922,2.031,1.9697,0.195,0.312,0.1,0.7972,0.07972,28.41
9150.0,1.996,2.0082,1.9848,0.195,0.094,0.1,0.8037,0.08037,28.44
9160.0,1.8264,1.9786,1.9822,0.215,0.25,0.1,0.6855,0.06855,28.47
9170.0,2.4077,1.9938,2.0757,0.176,0.25,0.1,3.248,0.3248,28.5
9180.0,1.932,1.9948,1.9549,0.172,0.344,0.1,0.9537,0.09537,28.53
9190.0,2.0876,2.0141,1.9519,0.215,0.25,0.1,0.9176,0.09176,28.56
9200.0,1.9166,2.0525,1.9582,0.215,0.312,0.1,1.153,0.1153,28.59
9210.0,2.0313,2.0287,2.0595,0.188,0.25,0.1,1.678,0.1678,28.63
9220.0,2.1851,2.0306,1.9887,0.184,0.188,0.1,1.414,0.1414,28.66
9230.0,2.1195,2.0328,1.9871,0.203,0.188,0.1,1.017,0.1017,28.69
9240.0,2.1471,2.0406,1.9716,0.223,0.219,0.1,1.408,0.1408,28.72
9250.0,1.8412,2.0198,1.9818,0.18,0.188,0.1,0.8093,0.08093,28.75
9260.0,2.1614,2.0219,1.9732,0.238,0.125,0.1,1.092,0.1092,28.78
9270.0,1.9633,2.0332,2.0091,0.195,0.344,0.1,0.8806,0.08806,28.81
9280.0,1.9141,2.0187,1.9583,0.184,0.219,0.1,0.7334,0.07334,28.84
9290.0,1.9246,2.0518,2.0068,0.195,0.344,0.1,1.794,0.1794,28.87
9300.0,2.0775,2.0485,1.9749,0.191,0.156,0.1,0.5234,0.05234,28.9
9310.0,2.1474,2.0216,1.9796,0.18,0.188,0.1,0.8596,0.08596,28.93
9320.0,2.1323,2.0096,1.9446,0.195,0.219,0.1,0.547,0.0547,28.96
9330.0,1.901,1.9923,1.9537,0.207,0.281,0.1,0.9048,0.09048,28.99
9340.0,1.9357,1.9736,2.0024,0.199,0.188,0.1,0.6769,0.06769,29.02
9350.0,2.0512,1.9815,1.9917,0.199,0.156,0.1,1.048,0.1048,29.05
9360.0,2.1037,2.0134,2.0015,0.199,0.188,0.1,1.61,0.161,29.08
9370.0,1.9304,1.9941,1.994,0.211,0.25,0.1,0.9281,0.09281,29.11
9380.0,2.0031,1.9636,1.9705,0.215,0.125,0.1,0.951,0.0951,29.14
9390.0,1.9861,2.003,1.9666,0.184,0.312,0.1,0.8174,0.08174,29.17
9400.0,2.0611,2.0022,1.9714,0.176,0.188,0.1,1.166,0.1166,29.2
9410.0,2.0805,1.974,1.9565,0.188,0.156,0.1,0.8523,0.08523,29.23
9420.0,1.8914,2.0219,1.9671,0.199,0.25,0.1,0.7677,0.07677,29.26
9430.0,2.2114,2.0102,2.0557,0.188,0.094,0.1,1.638,0.1638,29.29
9440.0,2.0765,1.9734,1.9866,0.176,0.219,0.1,0.8044,0.08044,29.32
9450.0,2.0842,1.9936,1.9836,0.188,0.219,0.1,1.354,0.1354,29.34
9460.0,2.0134,1.9994,1.9948,0.211,0.156,0.1,1.061,0.1061,29.37
9470.0,2.0524,2.0301,1.9535,0.203,0.156,0.1,0.7786,0.07786,29.4
9480.0,2.0626,2.0201,1.9939,0.168,0.125,0.1,0.6071,0.06071,29.43
9490.0,1.983,1.9967,1.9615,0.16,0.188,0.1,0.7808,0.07808,29.46
9500.0,1.9119,2.0377,1.9568,0.164,0.406,0.1,0.6286,0.06286,29.49
9510.0,1.8352,2.0165,2.0183,0.172,0.188,0.1,0.8821,0.08821,29.52
9520.0,1.8832,1.9843,2.007,0.234,0.281,0.1,0.8538,0.08538,29.55
9530.0,2.0552,2.0235,1.9597,0.188,0.156,0.1,1.439,0.1439,29.58
9540.0,1.9596,2.0278,1.965,0.176,0.156,0.1,0.5679,0.05679,29.61
9550.0,1.961,1.99,1.991,0.184,0.281,0.1,1.056,0.1056,29.64
9560.0,1.9539,1.9956,1.9606,0.191,0.188,0.1,1.04,0.104,29.67
9570.0,2.0118,2.0554,1.9586,0.215,0.219,0.1,0.9967,0.09967,29.7
9580.0,1.8556,2.0406,1.9599,0.184,0.281,0.1,0.7824,0.07824,29.73
9590.0,2.195,2.0212,1.9814,0.207,0.094,0.1,1.347,0.1347,29.76
9600.0,2.1583,2.0278,2.01,0.195,0.312,0.1,1.481,0.1481,29.79
9610.0,2.0071,1.986,1.9843,0.168,0.219,0.1,0.54,0.054,29.82
9620.0,1.8934,1.9727,1.9692,0.191,0.25,0.1,0.5697,0.05697,29.85
9630.0,2.0243,1.9944,1.9781,0.211,0.25,0.1,0.8983,0.08983,29.88
9640.0,1.96,1.9871,1.9478,0.227,0.281,0.1,0.5473,0.05473,29.91
9650.0,1.8014,1.9593,1.9633,0.211,0.25,0.1,0.8869,0.08869,29.94
9660.0,1.7744,1.9691,1.9553,0.238,0.25,0.1,1.093,0.1093,29.97
9670.0,1.8244,2.001,1.9476,0.211,0.281,0.1,1.063,0.1063,30.0
9680.0,1.7963,2.0047,1.952,0.184,0.281,0.1,0.9431,0.09431,30.03
9690.0,1.9463,1.9945,1.9926,0.164,0.156,0.1,1.157,0.1157,30.06
9700.0,2.0946,1.9767,2.0337,0.215,0.156,0.1,1.944,0.1944,30.09
9710.0,1.9738,1.9908,1.9648,0.191,0.188,0.1,1.18,0.118,30.11
9720.0,2.103,2.0108,1.9528,0.23,0.156,0.1,0.729,0.0729,30.14
9730.0,2.081,1.9945,1.9847,0.219,0.156,0.1,1.622,0.1622,30.17
9740.0,2.1588,2.0181,1.982,0.168,0.094,0.1,1.398,0.1398,30.2
9750.0,2.1409,2.0274,1.9458,0.203,0.25,0.1,1.497,0.1497,30.23
9760.0,1.8198,1.9947,1.9797,0.188,0.125,0.1,0.6772,0.06772,30.26
9770.0,2.016,1.977,1.9638,0.207,0.188,0.1,2.264,0.2264,30.29
9780.0,2.1957,2.0038,1.9571,0.207,0.188,0.1,1.632,0.1632,30.32
9790.0,1.9272,2.0314,1.9581,0.199,0.219,0.1,1.101,0.1101,30.35
9800.0,2.1241,2.0338,1.9877,0.207,0.156,0.1,1.503,0.1503,30.38
9810.0,1.9721,2.0504,1.9573,0.219,0.094,0.1,0.631,0.0631,30.41
9820.0,1.9566,2.0243,2.0283,0.203,0.25,0.1,1.724,0.1724,30.44
9830.0,2.0578,2.0029,1.9915,0.215,0.188,0.1,1.771,0.1771,30.47
9840.0,1.9166,1.9928,1.947,0.199,0.25,0.1,2.012,0.2012,30.5
9850.0,1.8819,1.9602,1.9637,0.219,0.25,0.1,0.7715,0.07715,30.53
9860.0,1.8411,1.9902,1.9385,0.227,0.281,0.1,1.059,0.1059,30.56
9870.0,1.946,1.9493,1.9484,0.207,0.25,0.1,1.017,0.1017,30.59
9880.0,2.1703,1.9353,1.9377,0.191,0.094,0.1,0.9663,0.09663,30.62
9890.0,1.9731,1.9453,1.954,0.191,0.25,0.1,1.327,0.1327,30.65
9900.0,2.0158,1.9684,1.9535,0.172,0.188,0.1,1.036,0.1036,30.68
9910.0,2.0998,2.0017,1.936,0.211,0.219,0.1,1.02,0.102,30.71
9920.0,1.9116,1.9812,1.9818,0.195,0.156,0.1,0.6851,0.06851,30.74
9930.0,2.0587,2.0138,1.9776,0.219,0.219,0.1,1.496,0.1496,30.77
9940.0,2.0543,2.0146,1.983,0.203,0.219,0.1,0.6952,0.06952,30.8
9950.0,2.0157,1.9952,1.9323,0.238,0.219,0.1,1.211,0.1211,30.83
9960.0,2.2045,1.9994,1.9552,0.188,0.188,0.1,1.577,0.1577,30.85
9970.0,1.9293,2.021,1.9563,0.211,0.281,0.1,1.311,0.1311,30.88
9980.0,2.0896,2.0115,1.9737,0.215,0.188,0.1,1.471,0.1471,30.91
9990.0,2.0613,2.022,1.9696,0.207,0.156,0.1,0.8816,0.08816,30.94
10000.0,2.108,2.0141,1.9886,0.188,0.094,0.1,0.9227,0.09227,30.97
10010.0,2.0866,1.9675,1.9466,0.219,0.25,0.1,1.204,0.1204,31.0
10020.0,1.9775,1.9971,1.9552,0.219,0.281,0.1,0.9894,0.09894,31.03
10030.0,1.9115,1.9982,2.0096,0.188,0.281,0.1,1.077,0.1077,31.06
10040.0,1.9644,1.9663,1.9503,0.215,0.25,0.1,0.7505,0.07505,31.09
10050.0,1.9731,1.9773,1.9443,0.188,0.312,0.1,0.6571,0.06571,31.12
10060.0,1.9183,1.9954,1.9797,0.227,0.281,0.1,1.06,0.106,31.15
10070.0,1.9308,2.0217,1.9928,0.215,0.25,0.1,0.7037,0.07037,31.18
10080.0,1.8181,2.0479,1.9651,0.227,0.281,0.1,0.7052,0.07052,31.21
10090.0,1.9567,2.0312,1.9821,0.23,0.312,0.1,0.7909,0.07909,31.24
10100.0,2.0609,1.9946,1.9655,0.219,0.25,0.1,0.9765,0.09765,31.27
10110.0,2.0035,2.0122,1.9714,0.203,0.219,0.1,1.942,0.1942,31.3
10120.0,1.8017,1.9922,1.974,0.219,0.281,0.1,0.6351,0.06351,31.33
10130.0,2.0056,1.9574,1.9572,0.188,0.281,0.1,0.9705,0.09705,31.36
10140.0,1.9137,1.9679,1.9457,0.219,0.25,0.1,0.8254,0.08254,31.39
10150.0,2.0056,1.9578,1.9996,0.223,0.094,0.1,1.667,0.1667,31.42
10160.0,1.9954,1.9804,1.9765,0.199,0.312,0.1,0.8812,0.08812,31.45
10170.0,2.1349,1.9846,1.9586,0.191,0.188,0.1,1.538,0.1538,31.48
10180.0,1.9161,1.9908,2.0167,0.227,0.469,0.1,0.7667,0.07667,31.51
10190.0,1.9646,2.0118,1.9842,0.207,0.406,0.1,1.468,0.1468,31.54
10200.0,2.0677,1.9966,2.0242,0.227,0.156,0.1,1.059,0.1059,31.57
10210.0,1.8697,2.0184,1.9642,0.219,0.156,0.1,0.6227,0.06227,31.59
10220.0,1.9795,2.0233,1.9623,0.258,0.375,0.1,0.7786,0.07786,31.62
10230.0,1.8711,1.9881,1.9721,0.211,0.25,0.1,0.7023,0.07023,31.65
10240.0,1.9409,1.9664,1.9715,0.215,0.156,0.1,0.7032,0.07032,31.68
10250.0,2.0135,1.9908,1.9558,0.176,0.062,0.1,0.9984,0.09984,31.71
10260.0,1.7231,1.9698,1.971,0.203,0.281,0.1,0.966,0.0966,31.74
10270.0,2.1352,1.9675,1.9927,0.23,0.25,0.1,2.073,0.2073,31.77
10280.0,2.033,2.0168,1.981,0.227,0.281,0.1,0.8042,0.08042,31.8
10290.0,2.2337,2.031,1.9905,0.223,0.094,0.1,1.884,0.1884,31.83
10300.0,1.9195,1.9928,1.9826,0.203,0.188,0.1,0.8126,0.08126,31.86
10310.0,2.183,1.9694,2.0447,0.168,0.219,0.1,1.772,0.1772,31.89
10320.0,2.0508,2.0139,1.9957,0.211,0.25,0.1,0.9334,0.09334,31.92
10330.0,2.0869,2.0131,2.0123,0.191,0.188,0.1,1.5,0.15,31.95
10340.0,2.0341,1.9851,2.0437,0.254,0.281,0.1,1.239,0.1239,31.98
10350.0,1.8465,1.9835,1.9432,0.223,0.312,0.1,1.246,0.1246,32.01
10360.0,2.0287,1.9511,1.9414,0.227,0.125,0.1,1.243,0.1243,32.04
10370.0,2.179,1.972,1.9734,0.199,0.219,0.1,1.26,0.126,32.07
10380.0,1.9869,2.0035,1.9815,0.18,0.25,0.1,1.247,0.1247,32.1
10390.0,2.08,1.9766,1.9393,0.23,0.062,0.1,1.1,0.11,32.13
10400.0,1.9932,1.9598,1.9805,0.207,0.219,0.1,0.9328,0.09328,32.16
10410.0,2.1042,1.9714,1.9775,0.211,0.219,0.1,1.189,0.1189,32.19
10420.0,2.1356,2.0361,1.9841,0.211,0.25,0.1,1.546,0.1546,32.22
10430.0,2.0613,2.0301,2.0144,0.215,0.312,0.1,1.944,0.1944,32.25
10440.0,1.9809,1.9993,1.9727,0.18,0.188,0.1,0.8513,0.08513,32.28
10450.0,2.073,2.0068,2.0196,0.211,0.188,0.1,1.188,0.1188,32.31
10460.0,1.9418,2.0148,1.9728,0.242,0.219,0.1,1.069,0.1069,32.33
10470.0,1.7186,1.9504,2.016,0.184,0.219,0.1,0.7155,0.07155,32.36
10480.0,2.1053,1.9607,2.0085,0.23,0.25,0.1,1.223,0.1223,32.39
10490.0,2.1494,2.0328,1.9815,0.223,0.281,0.1,0.8842,0.08842,32.42
10500.0,1.8422,1.984,1.9457,0.242,0.219,0.1,1.491,0.1491,32.45
10510.0,1.8775,1.9553,1.9403,0.223,0.219,0.1,1.466,0.1466,32.48
10520.0,1.9559,1.9905,1.9753,0.223,0.312,0.1,0.7516,0.07516,32.51
10530.0,2.0072,2.0058,1.9498,0.211,0.219,0.1,0.9653,0.09653,32.54
10540.0,2.1255,1.9872,1.9812,0.188,0.156,0.1,1.526,0.1526,32.59
10550.0,1.9198,1.9716,1.9662,0.215,0.281,0.1,0.6347,0.06347,32.62
10560.0,1.8848,1.9808,1.985,0.242,0.156,0.1,1.454,0.1454,32.65
10570.0,1.7564,1.9667,1.9388,0.258,0.312,0.1,1.576,0.1576,32.68
10580.0,1.9282,1.9455,1.9569,0.23,0.219,0.1,1.306,0.1306,32.71
10590.0,1.9839,1.971,1.9727,0.223,0.281,0.1,1.362,0.1362,32.74
10600.0,2.1248,1.9945,2.0041,0.195,0.25,0.1,1.689,0.1689,32.77
10610.0,2.0679,1.9914,1.9626,0.168,0.219,0.1,1.743,0.1743,32.8
10620.0,1.8592,1.9681,1.9748,0.16,0.25,0.1,0.8279,0.08279,32.83
10630.0,2.0279,1.9544,1.9236,0.211,0.406,0.1,0.9388,0.09388,32.86
10640.0,2.095,1.9855,1.9447,0.203,0.281,0.1,1.041,0.1041,32.89
10650.0,1.8162,2.0077,1.9683,0.219,0.344,0.1,0.8902,0.08902,32.91
10660.0,2.1008,1.9934,1.9462,0.242,0.312,0.1,0.9612,0.09612,32.94
10670.0,2.0499,1.9792,2.0119,0.242,0.188,0.1,1.098,0.1098,32.97
10680.0,2.0443,1.9875,1.9761,0.211,0.156,0.1,1.33,0.133,33.0
10690.0,1.9704,2.0069,2.004,0.223,0.125,0.1,0.8347,0.08347,33.03
10700.0,1.9037,2.0116,1.9415,0.203,0.219,0.1,0.6627,0.06627,33.06
10710.0,1.885,1.982,1.9443,0.207,0.25,0.1,0.9918,0.09918,33.09
10720.0,2.2084,1.9891,1.9668,0.199,0.219,0.1,0.9723,0.09723,33.12
10730.0,1.9605,1.9805,1.9871,0.23,0.156,0.1,1.17,0.117,33.15
10740.0,1.9808,1.9819,1.9593,0.23,0.188,0.1,0.6421,0.06421,33.18
10750.0,1.9197,1.9863,1.9581,0.234,0.219,0.1,0.7171,0.07171,33.21
10760.0,1.8477,1.9654,1.9625,0.188,0.406,0.1,0.7136,0.07136,33.24
10770.0,2.1071,2.0063,1.9591,0.215,0.219,0.1,1.828,0.1828,33.27
10780.0,1.9207,2.0211,1.9571,0.223,0.375,0.1,0.6829,0.06829,33.3
10790.0,1.8882,1.9975,1.9641,0.215,0.188,0.1,1.194,0.1194,33.33
10800.0,2.0942,1.9836,1.9759,0.223,0.156,0.1,0.7917,0.07917,33.37
10810.0,2.3061,1.9938,2.073,0.246,0.094,0.1,1.366,0.1366,33.4
10820.0,1.827,1.9715,1.9533,0.191,0.281,0.1,0.7765,0.07765,33.43
10830.0,2.0864,1.9524,1.9476,0.195,0.281,0.1,1.17,0.117,33.46
10840.0,1.8248,1.9779,1.9378,0.191,0.344,0.1,1.866,0.1866,33.49
10850.0,1.8033,1.9791,2.0014,0.211,0.312,0.1,0.7823,0.07823,33.52
10860.0,2.0327,1.9926,2.0185,0.176,0.188,0.1,1.582,0.1582,33.56
10870.0,1.8969,1.9858,1.974,0.242,0.25,0.1,1.039,0.1039,33.59
10880.0,1.9925,1.9814,2.0193,0.23,0.219,0.1,1.789,0.1789,33.62
10890.0,1.9788,1.9903,1.9347,0.223,0.156,0.1,0.8308,0.08308,33.65
10900.0,1.9623,1.9738,1.9503,0.254,0.156,0.1,1.484,0.1484,33.68
10910.0,1.94,1.9818,1.9626,0.246,0.188,0.1,0.6607,0.06607,33.71
10920.0,2.3487,1.9982,1.9574,0.211,0.25,0.1,1.353,0.1353,33.74
10930.0,1.8994,1.9711,1.9527,0.223,0.156,0.1,0.914,0.0914,33.77
10940.0,2.1139,1.9883,1.9926,0.234,0.25,0.1,0.6813,0.06813,33.8
10950.0,2.1984,2.0014,1.9894,0.246,0.188,0.1,1.959,0.1959,33.83
10960.0,1.874,1.9629,1.9876,0.246,0.281,0.1,0.5915,0.05915,33.86
10970.0,1.8947,1.972,1.9611,0.23,0.312,0.1,0.7518,0.07518,33.89
10980.0,2.161,1.9998,2.0198,0.227,0.125,0.1,1.982,0.1982,33.92
10990.0,2.0883,1.9828,1.9619,0.223,0.312,0.1,1.618,0.1618,33.95
11000.0,2.1475,1.945,1.9542,0.211,0.281,0.1,1.273,0.1273,33.98
11010.0,1.9282,1.9478,1.9554,0.215,0.156,0.1,0.951,0.0951,34.01
11020.0,1.822,1.911,1.9521,0.25,0.281,0.1,0.7979,0.07979,34.04
11030.0,1.9647,1.9213,1.9259,0.246,0.125,0.1,1.065,0.1065,34.07
11040.0,2.0109,1.9891,2.0206,0.176,0.25,0.1,1.053,0.1053,34.1
11050.0,1.8439,1.9902,1.9388,0.23,0.312,0.1,1.612,0.1612,34.13
11060.0,2.028,1.9502,2.0073,0.199,0.312,0.1,1.022,0.1022,34.16
11070.0,2.0455,1.9891,1.9817,0.238,0.188,0.1,1.432,0.1432,34.19
11080.0,2.1376,2.0184,1.9714,0.219,0.25,0.1,0.8892,0.08892,34.22
11090.0,2.0191,1.996,1.9946,0.211,0.188,0.1,0.8815,0.08815,34.25
11100.0,2.0286,2.0124,2.0161,0.18,0.219,0.1,1.274,0.1274,34.28
11110.0,2.0493,1.998,1.9894,0.188,0.125,0.1,0.6355,0.06355,34.31
11120.0,2.119,1.9908,1.9587,0.23,0.25,0.1,1.136,0.1136,34.34
11130.0,2.0256,2.0162,1.9581,0.219,0.219,0.1,1.039,0.1039,34.37
11140.0,2.0191,2.0524,1.9925,0.227,0.312,0.1,1.925,0.1925,34.4
11150.0,2.0971,2.0122,1.9759,0.211,0.156,0.1,2.327,0.2327,34.43
11160.0,2.1725,1.968,1.9735,0.207,0.125,0.1,1.154,0.1154,34.46
11170.0,2.1777,1.9828,2.012,0.18,0.188,0.1,2.277,0.2277,34.49
11180.0,1.836,1.9572,1.9454,0.215,0.25,0.1,1.29,0.129,34.52
11190.0,1.9354,1.9526,1.9674,0.203,0.219,0.1,1.027,0.1027,34.55
11200.0,2.085,1.9895,1.9469,0.219,0.25,0.1,1.711,0.1711,34.58
11210.0,1.9944,2.0078,1.964,0.234,0.219,0.1,1.18,0.118,34.61
11220.0,2.0732,1.9961,1.9927,0.223,0.219,0.1,0.7956,0.07956,34.64
11230.0,1.9959,1.9792,1.9867,0.223,0.25,0.1,0.8444,0.08444,34.67
11240.0,2.222,1.9983,1.9998,0.227,0.219,0.1,1.944,0.1944,34.7
11250.0,1.9013,1.9891,1.9581,0.23,0.156,0.1,1.019,0.1019,34.73
11260.0,2.0184,1.9299,1.9597,0.207,0.25,0.1,1.087,0.1087,34.76
11270.0,1.9904,1.9382,1.9822,0.227,0.219,0.1,0.6676,0.06676,34.79
11280.0,1.9645,1.9661,1.9785,0.211,0.312,0.1,0.5133,0.05133,34.81
11290.0,1.9676,1.9689,1.9773,0.23,0.219,0.1,0.6723,0.06723,34.84
11300.0,1.9604,1.9831,1.9853,0.219,0.281,0.1,1.924,0.1924,34.87
11310.0,2.0538,1.9733,1.9782,0.215,0.125,0.1,2.343,0.2343,34.9
11320.0,1.9611,1.9718,1.9771,0.188,0.188,0.1,0.9236,0.09236,34.93
11330.0,2.108,1.9958,1.9634,0.203,0.188,0.1,0.9893,0.09893,34.96
11340.0,1.8051,1.9877,1.9651,0.219,0.312,0.1,1.004,0.1004,34.99
11350.0,1.8731,1.9709,1.9617,0.203,0.344,0.1,0.6286,0.06286,35.02
11360.0,1.7635,1.9664,2.0044,0.223,0.312,0.1,0.9113,0.09113,35.05
11370.0,1.952,2.0067,1.9965,0.234,0.219,0.1,1.94,0.194,35.08
11380.0,1.9218,1.9938,2.0084,0.195,0.312,0.1,0.7923,0.07923,35.11
11390.0,1.9604,1.9509,2.0379,0.207,0.25,0.1,1.074,0.1074,35.14
11400.0,2.1146,2.0113,1.9673,0.211,0.312,0.1,1.499,0.1499,35.17
11410.0,1.8536,2.0023,1.9837,0.188,0.281,0.1,1.008,0.1008,35.2
11420.0,1.7466,1.9532,1.9814,0.211,0.406,0.1,0.7633,0.07633,35.23
11430.0,2.155,1.9757,1.9869,0.172,0.062,0.1,1.061,0.1061,35.26
11440.0,2.0745,1.996,2.0077,0.188,0.125,0.1,1.244,0.1244,35.29
11450.0,1.8193,1.9814,1.973,0.242,0.312,0.1,0.9861,0.09861,35.32
11460.0,1.9884,1.9552,1.9682,0.199,0.188,0.1,1.539,0.1539,35.35
11470.0,1.8288,1.9318,1.933,0.246,0.156,0.1,2.299,0.2299,35.38
11480.0,1.8887,1.9451,1.9464,0.242,0.406,0.1,0.8976,0.08976,35.41
11490.0,2.0965,1.9566,1.9803,0.211,0.312,0.1,0.9923,0.09923,35.44
11500.0,1.9206,1.9553,1.9867,0.211,0.25,0.1,1.283,0.1283,35.47
11510.0,2.1563,1.9923,1.9649,0.18,0.188,0.1,0.9317,0.09317,35.5
11520.0,1.9561,2.0143,1.9708,0.23,0.156,0.1,0.8788,0.08788,35.53
11530.0,2.137,1.9824,1.952,0.203,0.156,0.1,0.8208,0.08208,35.56
11540.0,1.833,1.9381,1.9503,0.234,0.281,0.1,1.633,0.1633,35.59
11550.0,2.1141,1.9325,1.961,0.191,0.188,0.1,0.7402,0.07402,35.62
11560.0,2.055,1.9552,1.9457,0.199,0.188,0.1,0.7593,0.07593,35.65
11570.0,1.8739,1.9823,2.0356,0.203,0.156,0.1,1.06,0.106,35.68
11580.0,1.8566,1.975,1.9562,0.223,0.188,0.1,0.841,0.0841,35.71
11590.0,2.0482,1.9665,1.9844,0.246,0.156,0.1,1.248,0.1248,35.74
11600.0,2.1795,1.9623,1.9809,0.207,0.125,0.1,0.7861,0.07861,35.77
11610.0,2.0113,1.9705,2.0337,0.223,0.25,0.1,1.388,0.1388,35.8
11620.0,1.9742,1.9663,1.9752,0.199,0.25,0.1,1.184,0.1184,35.83
11630.0,1.8229,1.9841,2.011,0.199,0.188,0.1,0.8215,0.08215,35.85
11640.0,2.1188,1.9825,2.0383,0.234,0.031,0.1,1.363,0.1363,35.88
11650.0,1.9612,1.9693,1.9639,0.223,0.25,0.1,1.703,0.1703,35.91
11660.0,1.996,1.99,2.0053,0.215,0.125,0.1,0.9878,0.09878,35.94
11670.0,2.0202,2.0102,2.0485,0.203,0.219,0.1,0.8031,0.08031,35.97
11680.0,1.9512,2.0001,2.0002,0.238,0.125,0.1,1.871,0.1871,36.0
11690.0,1.9957,2.0142,1.9866,0.188,0.188,0.1,0.9129,0.09129,36.03
11700.0,2.0532,2.0432,1.961,0.234,0.25,0.1,3.571,0.3571,36.06
11710.0,2.1182,2.0076,1.9722,0.242,0.188,0.1,0.7963,0.07963,36.09
11720.0,1.7828,1.9764,1.9834,0.207,0.375,0.1,1.538,0.1538,36.12
11730.0,1.9888,1.9981,2.0268,0.195,0.25,0.1,1.563,0.1563,36.15
11740.0,1.9719,1.9862,1.9987,0.18,0.25,0.1,1.482,0.1482,36.18
11750.0,1.96,1.9799,1.9792,0.211,0.188,0.1,1.355,0.1355,36.21
11760.0,1.9768,2.0255,1.9749,0.199,0.281,0.1,0.6839,0.06839,36.24
11770.0,2.078,2.0309,1.9639,0.219,0.219,0.1,1.165,0.1165,36.27
11780.0,1.9177,1.9702,2.145,0.203,0.156,0.1,1.741,0.1741,36.3
11790.0,1.9822,1.9376,1.9841,0.219,0.25,0.1,0.8969,0.08969,36.33
11800.0,2.0358,1.9472,1.9652,0.23,0.281,0.1,0.807,0.0807,36.36
11810.0,1.9525,1.9394,1.944,0.211,0.219,0.1,0.8658,0.08658,36.39
11820.0,2.0564,1.9542,1.9404,0.219,0.094,0.1,1.494,0.1494,36.42
11830.0,2.0518,1.9698,2.0291,0.172,0.25,0.1,0.9199,0.09199,36.45
11840.0,2.2157,1.9874,1.9789,0.23,0.125,0.1,1.478,0.1478,36.47
11850.0,1.9827,2.0015,1.9889,0.191,0.281,0.1,1.657,0.1657,36.51
11860.0,2.0491,1.9763,1.9457,0.234,0.188,0.1,1.039,0.1039,36.53
11870.0,1.9841,1.9543,1.9938,0.25,0.188,0.1,1.435,0.1435,36.56
11880.0,2.1985,1.9967,1.9317,0.215,0.094,0.1,0.6643,0.06643,36.59
11890.0,2.0587,1.9747,2.0005,0.211,0.312,0.1,1.186,0.1186,36.62
11900.0,1.9928,2.0064,1.981,0.211,0.156,0.1,0.5304,0.05304,36.65
11910.0,2.4178,2.0885,1.9455,0.262,0.25,0.1,1.769,0.1769,36.68
11920.0,1.8114,2.0355,1.9613,0.242,0.281,0.1,2.024,0.2024,36.71
11930.0,1.9557,1.9689,1.9569,0.242,0.312,0.1,0.9027,0.09027,36.75
11940.0,1.9488,1.9718,1.9487,0.258,0.156,0.1,0.9575,0.09575,36.78
11950.0,1.9484,1.977,1.9589,0.25,0.219,0.1,1.387,0.1387,36.81
11960.0,2.2063,1.973,1.9882,0.195,0.094,0.1,1.154,0.1154,36.85
11970.0,1.8823,1.987,1.9658,0.262,0.438,0.1,0.7883,0.07883,36.89
11980.0,1.9759,1.9823,1.9764,0.227,0.219,0.1,1.32,0.132,36.92
11990.0,1.9851,1.953,1.9567,0.238,0.188,0.1,0.7052,0.07052,36.96
12000.0,1.9971,1.9494,1.9408,0.258,0.25,0.1,0.9144,0.09144,36.99
12010.0,1.9794,1.978,1.9731,0.227,0.281,0.1,0.6879,0.06879,37.02
12020.0,2.0851,1.9777,1.9427,0.277,0.219,0.1,1.366,0.1366,37.05
12030.0,2.0389,1.9719,1.9884,0.234,0.312,0.1,2.305,0.2305,37.09
12040.0,2.279,1.9428,1.9894,0.258,0.219,0.1,1.75,0.175,37.12
12050.0,2.0248,1.9696,1.9864,0.25,0.156,0.1,1.171,0.1171,37.15
12060.0,2.206,2.0182,1.9944,0.207,0.125,0.1,0.5783,0.05783,37.18
12070.0,2.0951,1.9852,1.9622,0.227,0.125,0.1,0.7417,0.07417,37.21
12080.0,2.0398,1.9755,1.9763,0.234,0.25,0.1,1.364,0.1364,37.24
12090.0,1.8115,1.982,1.9642,0.227,0.219,0.1,0.6593,0.06593,37.27
12100.0,2.1147,1.9583,1.9544,0.215,0.25,0.1,1.078,0.1078,37.3
12110.0,2.1262,1.9488,1.9953,0.262,0.312,0.1,1.376,0.1376,37.33
12120.0,1.9617,1.9897,1.9712,0.238,0.188,0.1,1.289,0.1289,37.36
12130.0,1.9288,2.0251,1.9608,0.219,0.344,0.1,0.9163,0.09163,37.39
12140.0,2.2448,2.0008,2.0259,0.219,0.125,0.1,1.125,0.1125,37.43
12150.0,1.7345,1.952,1.9527,0.246,0.344,0.1,0.989,0.0989,37.46
12160.0,1.8305,1.935,1.9978,0.223,0.344,0.1,1.01,0.101,37.49
12170.0,1.749,1.9582,1.954,0.25,0.344,0.1,0.5276,0.05276,37.52
12180.0,1.8393,1.9769,1.989,0.238,0.344,0.1,1.493,0.1493,37.56
12190.0,2.2383,1.9903,1.9354,0.246,0.156,0.1,3.094,0.3094,37.59
12200.0,1.909,1.9899,1.9566,0.238,0.125,0.1,1.222,0.1222,37.62
12210.0,2.0678,1.9647,2.0199,0.199,0.156,0.1,1.428,0.1428,37.65
12220.0,1.8244,1.9471,2.0129,0.211,0.406,0.1,0.9592,0.09592,37.68
12230.0,2.109,1.9173,1.9622,0.227,0.312,0.1,1.611,0.1611,37.71
12240.0,2.0952,1.918,1.9369,0.234,0.219,0.1,1.087,0.1087,37.74
12250.0,1.9545,1.9553,1.9372,0.188,0.438,0.1,0.9532,0.09532,37.77
12260.0,2.1935,2.0107,1.9292,0.254,0.344,0.1,0.8466,0.08466,37.8
12270.0,2.1679,2.0305,2.0138,0.219,0.281,0.1,1.062,0.1062,37.83
12280.0,2.035,2.0405,1.9855,0.219,0.312,0.1,0.8648,0.08648,37.86
12290.0,2.166,1.9933,1.9364,0.242,0.25,0.1,1.536,0.1536,37.89
12300.0,1.9711,1.9199,1.9982,0.227,0.219,0.1,0.961,0.0961,37.92
12310.0,2.1985,1.9741,1.9602,0.238,0.188,0.1,1.173,0.1173,37.95
12320.0,2.0028,1.986,1.9518,0.211,0.25,0.1,1.566,0.1566,37.98
12330.0,1.8448,1.9671,1.9677,0.211,0.312,0.1,1.087,0.1087,38.01
12340.0,1.9816,2.0313,2.0016,0.23,0.156,0.1,1.371,0.1371,38.04
12350.0,2.076,2.0223,1.939,0.242,0.344,0.1,1.573,0.1573,38.07
12360.0,1.9895,1.9631,2.053,0.207,0.281,0.1,0.7547,0.07547,38.1
12370.0,2.0608,1.9704,1.9779,0.191,0.281,0.1,0.7588,0.07588,38.13
12380.0,1.7556,1.9722,1.9497,0.199,0.375,0.1,0.7499,0.07499,38.16
12390.0,1.6847,1.9282,1.9838,0.219,0.469,0.1,0.9578,0.09578,38.19
12400.0,2.0797,1.9576,1.9727,0.227,0.094,0.1,0.9447,0.09447,38.22
12410.0,1.9291,1.9731,1.9639,0.203,0.156,0.1,0.7941,0.07941,38.25
12420.0,2.0256,1.9481,1.9389,0.23,0.156,0.1,2.67,0.267,38.27
12430.0,2.0941,1.9584,1.9791,0.254,0.188,0.1,1.183,0.1183,38.3
12440.0,1.8803,1.9621,2.0084,0.234,0.375,0.1,0.9388,0.09388,38.33
12450.0,1.8463,2.0267,1.9671,0.223,0.312,0.1,1.402,0.1402,38.36
12460.0,1.9492,1.9872,1.985,0.223,0.219,0.1,1.316,0.1316,38.39
12470.0,1.9305,1.9565,1.9697,0.223,0.25,0.1,0.8444,0.08444,38.42
12480.0,1.863,2.0164,1.978,0.246,0.25,0.1,1.15,0.115,38.45
12490.0,1.9133,1.977,1.9876,0.219,0.344,0.1,1.398,0.1398,38.48
12500.0,1.6664,1.9401,1.9424,0.219,0.312,0.1,1.291,0.1291,38.51
12510.0,1.928,1.9528,1.9559,0.223,0.188,0.1,1.07,0.107,38.54
12520.0,1.9981,1.9474,1.9656,0.234,0.219,0.1,1.212,0.1212,38.57
12530.0,2.0713,1.977,1.9614,0.199,0.188,0.1,0.8657,0.08657,38.6
12540.0,2.1275,2.0056,2.045,0.199,0.125,0.1,1.045,0.1045,38.63
12550.0,1.9363,1.9893,1.9842,0.242,0.25,0.1,1.036,0.1036,38.66
12560.0,2.2145,1.9975,2.0019,0.215,0.156,0.1,1.525,0.1525,38.69
12570.0,1.6644,1.9641,2.0333,0.234,0.375,0.1,0.8337,0.08337,38.72
12580.0,1.9141,1.9357,1.9655,0.258,0.312,0.1,0.8723,0.08723,38.75
12590.0,1.9046,1.9605,1.9759,0.211,0.25,0.1,1.128,0.1128,38.78
12600.0,2.0482,1.9212,1.9455,0.254,0.156,0.1,1.047,0.1047,38.81
12610.0,1.9814,1.9276,1.9575,0.25,0.188,0.1,2.308,0.2308,38.84
12620.0,2.1234,1.9788,1.9979,0.215,0.188,0.1,1.429,0.1429,38.87
12630.0,1.9338,1.9891,1.9173,0.246,0.312,0.1,1.28,0.128,38.9
12640.0,2.0524,1.9812,1.9584,0.191,0.25,0.1,1.277,0.1277,38.93
12650.0,1.9257,1.9656,1.9493,0.242,0.219,0.1,1.383,0.1383,38.96
12660.0,1.8223,1.9628,1.9502,0.258,0.344,0.1,1.121,0.1121,38.99
12670.0,1.9749,1.9537,1.972,0.246,0.188,0.1,1.433,0.1433,39.02
12680.0,2.1394,1.9992,2.0444,0.234,0.25,0.1,2.067,0.2067,39.05
12690.0,1.9203,1.9923,1.9698,0.266,0.25,0.1,1.653,0.1653,39.08
12700.0,1.8207,1.93,1.987,0.25,0.219,0.1,1.033,0.1033,39.11
12710.0,1.911,1.9298,1.9382,0.223,0.125,0.1,1.001,0.1001,39.14
12720.0,1.9214,1.9515,2.0138,0.242,0.312,0.1,1.478,0.1478,39.17
12730.0,1.9423,1.9692,1.9592,0.207,0.312,0.1,1.389,0.1389,39.2
12740.0,1.787,1.9834,1.9731,0.219,0.219,0.1,0.6993,0.06993,39.23
12750.0,1.9223,1.9599,1.9605,0.207,0.281,0.1,1.062,0.1062,39.26
12760.0,1.8377,1.9433,1.9429,0.23,0.375,0.1,0.7388,0.07388,39.29
12770.0,2.0158,2.0029,1.9748,0.223,0.219,0.1,0.7727,0.07727,39.31
12780.0,1.9586,2.0181,1.9477,0.238,0.281,0.1,1.053,0.1053,39.34
12790.0,1.8549,1.9443,1.9557,0.199,0.188,0.1,0.5444,0.05444,39.37
12800.0,1.957,1.9411,1.963,0.203,0.188,0.1,1.66,0.166,39.4
12810.0,1.9522,1.9786,1.9629,0.188,0.188,0.1,0.5387,0.05387,39.43
12820.0,2.0162,1.9365,1.989,0.223,0.25,0.1,2.207,0.2207,39.46
12830.0,2.0772,1.9188,1.9456,0.234,0.219,0.1,0.9035,0.09035,39.49
12840.0,1.9235,1.9508,1.9184,0.25,0.312,0.1,0.9045,0.09045,39.52
12850.0,1.9279,1.9663,1.9578,0.238,0.312,0.1,0.9319,0.09319,39.55
12860.0,1.843,1.9794,1.9188,0.23,0.281,0.1,0.8038,0.08038,39.58
12870.0,1.9648,1.9585,1.9436,0.258,0.188,0.1,1.3,0.13,39.61
12880.0,1.8441,1.9341,1.9366,0.242,0.312,0.1,0.6848,0.06848,39.64
12890.0,1.8361,1.9554,1.9359,0.199,0.156,0.1,0.7843,0.07843,39.67
12900.0,1.9737,1.9382,1.9643,0.188,0.25,0.1,1.094,0.1094,39.7
12910.0,1.8416,1.9339,1.9959,0.219,0.344,0.1,1.148,0.1148,39.73
12920.0,2.0777,1.9728,2.0128,0.25,0.281,0.1,1.25,0.125,39.76
12930.0,2.0069,1.9658,1.9507,0.23,0.25,0.1,1.729,0.1729,39.79
12940.0,1.8172,1.93,1.9577,0.207,0.344,0.1,0.8228,0.08228,39.82
12950.0,1.9553,1.9256,1.9515,0.199,0.156,0.1,0.9849,0.09849,39.85
12960.0,1.9044,1.9491,1.9325,0.203,0.219,0.1,0.8943,0.08943,39.88
12970.0,1.807,1.9728,1.9497,0.246,0.281,0.1,0.8019,0.08019,39.9
12980.0,1.8141,1.9716,1.9473,0.242,0.188,0.1,0.7651,0.07651,39.93
12990.0,1.9889,1.9736,1.9402,0.254,0.25,0.1,0.978,0.0978,39.96
13000.0,1.9424,2.0069,1.9475,0.219,0.188,0.1,1.069,0.1069,39.99
13010.0,1.8144,1.9862,1.9565,0.219,0.25,0.1,1.097,0.1097,40.02
13020.0,2.038,1.9408,1.9554,0.215,0.156,0.1,0.7245,0.07245,40.05
13030.0,1.9336,1.9521,1.9823,0.215,0.344,0.1,1.718,0.1718,40.08
13040.0,2.0196,2.004,1.9639,0.23,0.281,0.1,0.7939,0.07939,40.11
13050.0,1.8586,1.9839,1.976,0.188,0.156,0.1,1.123,0.1123,40.14
13060.0,1.9018,1.9532,1.9388,0.246,0.094,0.1,1.242,0.1242,40.17
13070.0,1.7613,1.9403,1.9417,0.215,0.219,0.1,1.46,0.146,40.2
13080.0,1.9701,1.948,1.9693,0.23,0.25,0.1,2.019,0.2019,40.23
13090.0,2.0709,1.984,1.9712,0.223,0.125,0.1,1.036,0.1036,40.26
13100.0,2.0107,1.9218,1.9818,0.238,0.281,0.1,1.129,0.1129,40.29
13110.0,2.0391,1.8892,1.9344,0.242,0.156,0.1,1.42,0.142,40.32
13120.0,2.0217,1.962,1.9501,0.246,0.156,0.1,1.289,0.1289,40.35
13130.0,1.882,1.9863,1.9634,0.23,0.281,0.1,0.8895,0.08895,40.38
13140.0,2.0743,1.9006,1.9436,0.25,0.25,0.1,1.381,0.1381,40.41
13150.0,1.898,1.842,1.9675,0.242,0.156,0.1,1.185,0.1185,40.44
13160.0,2.1122,1.8957,1.9785,0.246,0.188,0.1,0.9367,0.09367,40.47
13170.0,2.171,1.955,1.9758,0.238,0.219,0.1,1.798,0.1798,40.5
13180.0,1.7483,1.9456,1.9439,0.242,0.25,0.1,0.5708,0.05708,40.53
13190.0,1.9955,1.9111,1.9808,0.211,0.156,0.1,1.114,0.1114,40.56
13200.0,1.7852,1.9221,1.9489,0.219,0.281,0.1,0.5595,0.05595,40.59
13210.0,1.8618,1.9672,1.9649,0.219,0.219,0.1,0.8879,0.08879,40.62
13220.0,2.0893,1.9665,1.974,0.227,0.281,0.1,1.78,0.178,40.65
13230.0,1.9738,1.9689,1.927,0.227,0.188,0.1,0.7183,0.07183,40.68
13240.0,1.9115,1.958,1.9291,0.195,0.344,0.1,1.523,0.1523,40.7
13250.0,2.0752,1.9745,1.9519,0.223,0.344,0.1,1.328,0.1328,40.73
13260.0,1.6446,1.9951,1.9937,0.199,0.375,0.1,0.8956,0.08956,40.76
13270.0,1.9935,1.9996,1.9452,0.227,0.25,0.1,0.9042,0.09042,40.79
13280.0,2.081,1.9966,1.9777,0.227,0.344,0.1,1.429,0.1429,40.82
13290.0,2.0267,1.9364,1.9664,0.227,0.188,0.1,1.988,0.1988,40.85
13300.0,1.9091,1.9353,1.9412,0.188,0.219,0.1,1.122,0.1122,40.88
13310.0,1.7915,1.9335,1.9826,0.215,0.406,0.1,1.102,0.1102,40.91
13320.0,1.8668,1.9285,1.9869,0.199,0.406,0.1,0.6408,0.06408,40.94
13330.0,1.8221,1.9436,1.9649,0.223,0.25,0.1,1.567,0.1567,40.97
13340.0,1.8896,1.9391,1.9647,0.23,0.125,0.1,0.6501,0.06501,41.0
13350.0,2.0291,1.9632,1.976,0.227,0.094,0.1,1.163,0.1163,41.03
13360.0,1.5468,1.9235,1.9671,0.223,0.469,0.1,1.486,0.1486,41.06
13370.0,1.9449,1.9385,1.9502,0.188,0.281,0.1,0.9803,0.09803,41.09
13380.0,2.0782,1.9564,1.9887,0.219,0.219,0.1,1.27,0.127,41.12
13390.0,1.93,1.9325,1.9497,0.219,0.188,0.1,0.7709,0.07709,41.17
13400.0,1.8265,1.9528,1.9157,0.223,0.25,0.1,1.23,0.123,41.2
13410.0,1.936,1.9771,1.9372,0.246,0.156,0.1,0.8625,0.08625,41.23
13420.0,1.8588,1.9439,1.9492,0.242,0.281,0.1,1.499,0.1499,41.26
13430.0,1.9727,1.8732,1.9352,0.234,0.312,0.1,0.7334,0.07334,41.29
13440.0,1.6423,1.8772,1.9544,0.223,0.344,0.1,1.819,0.1819,41.32
13450.0,1.8195,1.9094,1.9364,0.223,0.438,0.1,1.303,0.1303,41.35
13460.0,2.0154,1.9607,1.9463,0.219,0.125,0.1,0.9814,0.09814,41.38
13470.0,1.9821,1.9508,1.9141,0.227,0.188,0.1,0.9466,0.09466,41.41
13480.0,2.0215,1.9216,1.9643,0.242,0.375,0.1,1.196,0.1196,41.44
13490.0,2.1439,1.9547,1.9412,0.227,0.219,0.1,1.346,0.1346,41.47
13500.0,2.2412,1.9617,2.0147,0.223,0.188,0.1,1.948,0.1948,41.5
13510.0,1.9647,1.889,1.9377,0.195,0.156,0.1,0.7407,0.07407,41.53
13520.0,1.9825,1.8678,1.9784,0.219,0.188,0.1,0.8347,0.08347,41.55
13530.0,1.8686,1.9189,1.9338,0.215,0.344,0.1,0.9319,0.09319,41.58
13540.0,1.9454,1.9632,1.9824,0.262,0.25,0.1,1.254,0.1254,41.61
13550.0,1.9184,1.9437,1.9611,0.223,0.188,0.1,1.233,0.1233,41.64
13560.0,1.9083,1.9117,1.9376,0.215,0.344,0.1,1.086,0.1086,41.67
13570.0,2.0516,1.9745,1.9614,0.227,0.281,0.1,0.9728,0.09728,41.7
13580.0,1.8709,1.9752,1.9448,0.223,0.406,0.1,0.8744,0.08744,41.73
13590.0,1.9034,1.9552,1.943,0.223,0.219,0.1,0.8696,0.08696,41.76
13600.0,1.9939,1.9428,1.9562,0.234,0.406,0.1,1.706,0.1706,41.79
13610.0,1.9422,1.9234,1.9824,0.191,0.188,0.1,1.337,0.1337,41.82
13620.0,2.0644,1.9639,1.9624,0.176,0.156,0.1,1.039,0.1039,41.85
13630.0,2.1629,1.9936,1.9665,0.266,0.156,0.1,1.278,0.1278,41.88
13640.0,2.198,1.9927,2.0065,0.215,0.188,0.1,2.353,0.2353,41.91
13650.0,2.089,1.9669,1.9714,0.199,0.281,0.1,1.254,0.1254,41.94
13660.0,2.0907,1.9744,1.9382,0.215,0.156,0.1,1.07,0.107,41.97
13670.0,1.8072,1.9915,1.9374,0.238,0.25,0.1,0.7542,0.07542,42.0
13680.0,1.8056,2.0198,1.9921,0.25,0.219,0.1,0.7331,0.07331,42.02
13690.0,1.6654,1.9571,1.9736,0.168,0.281,0.1,0.7951,0.07951,42.05
13700.0,2.0101,1.8836,1.9639,0.25,0.344,0.1,0.5955,0.05955,42.08
13710.0,1.9062,1.9208,1.9431,0.223,0.156,0.1,0.9253,0.09253,42.11
13720.0,1.7238,1.9206,1.9785,0.246,0.375,0.1,0.7511,0.07511,42.14
13730.0,1.9443,1.8838,2.0874,0.238,0.312,0.1,1.992,0.1992,42.17
13740.0,1.7084,1.9132,1.9441,0.227,0.219,0.1,1.049,0.1049,42.2
13750.0,1.7202,1.9422,1.945,0.219,0.281,0.1,1.104,0.1104,42.23
13760.0,1.748,1.9797,1.9395,0.234,0.219,0.1,1.697,0.1697,42.26
13770.0,2.0916,1.9918,1.9666,0.238,0.156,0.1,1.363,0.1363,42.29
13780.0,1.8635,1.9325,1.9404,0.23,0.281,0.1,0.9219,0.09219,42.32
13790.0,2.03,1.8932,1.9284,0.238,0.156,0.1,1.05,0.105,42.35
13800.0,2.0133,1.9363,2.0256,0.223,0.219,0.1,0.9778,0.09778,42.38
13810.0,2.0031,1.9803,1.9789,0.203,0.219,0.1,0.9818,0.09818,42.41
13820.0,1.8511,1.9846,1.9711,0.234,0.312,0.1,1.429,0.1429,42.44
13830.0,1.8582,1.9747,1.9497,0.227,0.219,0.1,1.708,0.1708,42.47
13840.0,1.9753,1.9367,1.9328,0.203,0.125,0.1,1.244,0.1244,42.5
13850.0,1.837,1.9463,1.9675,0.219,0.281,0.1,1.067,0.1067,42.53
13860.0,2.0198,1.9818,1.9635,0.234,0.219,0.1,0.7116,0.07116,42.56
13870.0,1.6706,1.9772,1.9341,0.223,0.312,0.1,1.496,0.1496,42.59
13880.0,1.607,1.9417,1.9499,0.223,0.438,0.1,1.312,0.1312,42.62
13890.0,1.8413,1.9022,1.9367,0.234,0.438,0.1,1.169,0.1169,42.64
13900.0,1.8434,1.9203,1.9357,0.234,0.312,0.1,1.153,0.1153,42.67
13910.0,1.953,1.9742,1.945,0.207,0.344,0.1,1.373,0.1373,42.7
13920.0,1.9494,1.9802,1.9271,0.23,0.156,0.1,1.069,0.1069,42.73
13930.0,1.539,1.927,1.9755,0.223,0.312,0.1,1.037,0.1037,42.76
13940.0,2.072,1.91,1.971,0.207,0.188,0.1,2.733,0.2733,42.79
13950.0,1.7943,1.9468,1.9602,0.211,0.5,0.1,0.8247,0.08247,42.82
13960.0,1.9043,1.9476,1.9323,0.234,0.281,0.1,1.355,0.1355,42.85
13970.0,1.9885,1.9603,1.9727,0.215,0.25,0.1,0.9639,0.09639,42.88
13980.0,2.2511,1.9284,1.9479,0.242,0.125,0.1,1.229,0.1229,42.91
13990.0,2.0586,1.8872,2.0141,0.219,0.281,0.1,1.135,0.1135,42.94
14000.0,1.9602,1.9181,1.9563,0.242,0.312,0.1,0.827,0.0827,42.97
14010.0,1.7807,1.9495,1.9577,0.211,0.188,0.1,1.909,0.1909,43.0
14020.0,2.2664,1.956,2.0248,0.219,0.125,0.1,1.762,0.1762,43.03
14030.0,2.1071,1.9524,1.9654,0.211,0.25,0.1,1.425,0.1425,43.06
14040.0,2.0215,1.9697,1.9536,0.203,0.406,0.1,0.933,0.0933,43.09
14050.0,1.9806,1.9503,2.0009,0.227,0.344,0.1,1.44,0.144,43.12
14060.0,1.9436,1.9045,2.0364,0.219,0.25,0.1,1.094,0.1094,43.15
14070.0,1.9668,1.8806,1.9586,0.23,0.219,0.1,1.216,0.1216,43.18
14080.0,1.7612,1.864,1.9506,0.207,0.281,0.1,1.82,0.182,43.21
14090.0,2.1138,1.899,1.9585,0.219,0.281,0.1,1.206,0.1206,43.23
14100.0,1.8902,1.9026,1.9544,0.238,0.375,0.1,1.203,0.1203,43.26
14110.0,1.9443,1.9149,1.9821,0.223,0.344,0.1,1.715,0.1715,43.29
14120.0,1.766,1.929,1.9581,0.242,0.406,0.1,0.7639,0.07639,43.32
14130.0,2.1683,1.8778,1.934,0.246,0.344,0.1,0.9983,0.09983,43.35
14140.0,1.9124,1.9005,1.9335,0.258,0.188,0.1,1.832,0.1832,43.38
14150.0,1.8539,1.9329,1.9523,0.254,0.281,0.1,1.213,0.1213,43.41
14160.0,1.7751,1.9326,1.954,0.285,0.281,0.1,1.036,0.1036,43.44
14170.0,1.8239,1.9614,1.9407,0.27,0.281,0.1,0.7433,0.07433,43.47
14180.0,1.8426,1.9368,1.9176,0.234,0.281,0.1,0.9971,0.09971,43.5
14190.0,1.8478,1.9031,1.9714,0.273,0.375,0.1,1.562,0.1562,43.53
14200.0,2.1306,1.9336,1.9381,0.246,0.219,0.1,1.515,0.1515,43.56
14210.0,1.9686,1.9584,1.943,0.254,0.188,0.1,1.174,0.1174,43.59
14220.0,1.8698,1.9761,1.9401,0.238,0.25,0.1,1.092,0.1092,43.62
14230.0,1.9071,1.9927,1.9788,0.246,0.312,0.1,0.7,0.07,43.65
14240.0,1.7864,1.9384,1.9543,0.246,0.25,0.1,1.021,0.1021,43.68
14250.0,1.83,1.9514,1.948,0.227,0.281,0.1,1.015,0.1015,43.71
14260.0,1.838,1.9833,1.9424,0.238,0.281,0.1,0.842,0.0842,43.74
14270.0,1.633,1.9132,1.9315,0.227,0.5,0.1,1.042,0.1042,43.77
14280.0,2.035,1.93,1.9598,0.211,0.25,0.1,0.8355,0.08355,43.79
14290.0,1.7726,1.9307,2.0133,0.238,0.281,0.1,0.8433,0.08433,43.82
14300.0,1.8463,1.8925,1.9338,0.258,0.312,0.1,1.32,0.132,43.85
14310.0,2.0993,1.9467,1.9426,0.242,0.281,0.1,1.278,0.1278,43.88
14320.0,2.2527,1.9941,1.9145,0.293,0.094,0.1,1.476,0.1476,43.91
14330.0,2.024,2.014,2.051,0.215,0.25,0.1,1.202,0.1202,43.94
14340.0,2.0448,2.0113,1.9182,0.254,0.281,0.1,0.7886,0.07886,43.97
14350.0,1.7942,1.9656,1.9238,0.23,0.281,0.1,0.8258,0.08258,44.0
14360.0,1.9451,1.9169,1.9324,0.25,0.219,0.1,0.8123,0.08123,44.03
14370.0,1.9392,1.8907,1.9421,0.262,0.219,0.1,1.108,0.1108,44.06
14380.0,1.74,1.8989,1.926,0.23,0.281,0.1,1.178,0.1178,44.09
14390.0,2.0929,1.9236,1.9563,0.234,0.188,0.1,1.392,0.1392,44.12
14400.0,1.7031,1.9195,1.9388,0.273,0.375,0.1,1.116,0.1116,44.15
14410.0,1.6215,1.8827,1.9449,0.227,0.25,0.1,1.203,0.1203,44.18
14420.0,2.0017,1.9254,1.9802,0.211,0.219,0.1,0.7,0.07,44.21
14430.0,1.938,1.9861,2.0005,0.168,0.312,0.1,1.595,0.1595,44.24
14440.0,1.9832,1.976,1.9791,0.203,0.219,0.1,0.8088,0.08088,44.27
14450.0,2.0089,2.0028,1.9257,0.219,0.25,0.1,1.125,0.1125,44.3
14460.0,1.9517,1.9826,1.9319,0.227,0.312,0.1,1.271,0.1271,44.33
14470.0,1.8335,1.9312,1.9384,0.238,0.406,0.1,1.047,0.1047,44.36
14480.0,1.8733,1.8979,1.9189,0.254,0.25,0.1,0.7872,0.07872,44.39
14490.0,2.0724,1.9098,1.914,0.246,0.156,0.1,1.247,0.1247,44.42
14500.0,2.0429,1.9535,1.9952,0.238,0.188,0.1,1.373,0.1373,44.45
14510.0,1.9372,1.9503,1.9198,0.27,0.25,0.1,0.815,0.0815,44.48
14520.0,1.732,1.8875,1.9687,0.23,0.312,0.1,1.262,0.1262,44.51
14530.0,1.9208,1.8813,1.926,0.258,0.25,0.1,1.307,0.1307,44.54
14540.0,2.0147,1.9592,1.9676,0.258,0.25,0.1,1.526,0.1526,44.57
14550.0,1.8367,1.9432,1.9096,0.219,0.25,0.1,1.033,0.1033,44.59
14560.0,1.8319,1.8936,2.0144,0.199,0.312,0.1,0.9012,0.09012,44.62
14570.0,2.071,1.8947,1.9589,0.238,0.312,0.1,0.7556,0.07556,44.65
14580.0,2.1077,1.9316,1.9919,0.219,0.219,0.1,2.161,0.2161,44.68
14590.0,1.7959,1.9592,1.9447,0.23,0.219,0.1,1.031,0.1031,44.71
14600.0,1.8128,1.9353,1.992,0.238,0.344,0.1,1.409,0.1409,44.74
14610.0,1.7856,1.9152,1.9438,0.23,0.219,0.1,1.505,0.1505,44.77
14620.0,2.2046,1.9462,1.9919,0.227,0.219,0.1,1.21,0.121,44.8
14630.0,2.0157,1.9619,1.9914,0.191,0.281,0.1,1.95,0.195,44.83
14640.0,1.8329,1.9362,1.9506,0.242,0.281,0.1,1.332,0.1332,44.86
14650.0,1.8346,1.898,1.9811,0.227,0.438,0.1,0.8746,0.08746,44.89
14660.0,2.0174,1.8932,1.9994,0.242,0.281,0.1,1.029,0.1029,44.92
14670.0,1.9548,1.9472,1.9623,0.219,0.312,0.1,1.79,0.179,44.95
14680.0,1.6869,1.9324,1.9407,0.234,0.5,0.1,1.321,0.1321,44.98
14690.0,1.5726,1.8919,1.9501,0.227,0.375,0.1,1.272,0.1272,45.01
14700.0,1.8191,1.886,2.003,0.199,0.281,0.1,0.8526,0.08526,45.04
14710.0,1.9877,1.8957,1.9328,0.238,0.125,0.1,1.242,0.1242,45.07
14720.0,1.9364,1.9373,1.9267,0.23,0.219,0.1,0.9479,0.09479,45.1
14730.0,1.9424,1.9461,1.923,0.23,0.281,0.1,0.9059,0.09059,45.13
14740.0,1.7557,1.9631,1.9228,0.234,0.375,0.1,0.782,0.0782,45.16
14750.0,1.8742,1.9451,1.9727,0.242,0.375,0.1,1.625,0.1625,45.18
14760.0,1.7666,1.8861,1.924,0.262,0.281,0.1,1.135,0.1135,45.21
14770.0,1.9312,1.8883,1.8969,0.277,0.25,0.1,1.534,0.1534,45.24
14780.0,1.9302,1.922,1.9341,0.277,0.25,0.1,1.085,0.1085,45.27
14790.0,1.9853,1.9411,1.941,0.242,0.219,0.1,0.9727,0.09727,45.3
14800.0,2.1608,1.9637,1.943,0.258,0.219,0.1,1.438,0.1438,45.33
14810.0,1.7557,1.9427,1.931,0.234,0.438,0.1,0.8742,0.08742,45.36
14820.0,1.8863,1.9192,1.9632,0.23,0.125,0.1,1.49,0.149,45.39
14830.0,1.7875,1.9085,1.9177,0.223,0.25,0.1,0.7593,0.07593,45.42
14840.0,1.8646,1.9397,1.9182,0.25,0.219,0.1,1.926,0.1926,45.45
14850.0,1.9033,1.9761,1.915,0.223,0.312,0.1,2.004,0.2004,45.48
14860.0,1.8633,1.9183,1.9573,0.227,0.312,0.1,1.97,0.197,45.51
14870.0,1.8307,1.8812,1.9452,0.23,0.156,0.1,0.6427,0.06427,45.54
14880.0,1.85,1.8569,1.9469,0.207,0.219,0.1,1.241,0.1241,45.57
14890.0,2.0314,1.8979,1.9101,0.258,0.094,0.1,1.528,0.1528,45.6
14900.0,1.94,1.9603,1.9182,0.242,0.344,0.1,1.488,0.1488,45.63
14910.0,1.827,1.9442,1.9347,0.23,0.312,0.1,0.8818,0.08818,45.66
14920.0,2.2682,1.9679,1.9578,0.23,0.219,0.1,1.517,0.1517,45.69
14930.0,1.8826,1.9377,1.9885,0.23,0.156,0.1,1.356,0.1356,45.72
14940.0,1.8338,1.9078,1.9409,0.234,0.344,0.1,1.28,0.128,45.75
14950.0,1.6585,1.9361,1.9614,0.219,0.156,0.1,0.9192,0.09192,45.78
14960.0,1.8459,1.917,1.9185,0.25,0.281,0.1,1.451,0.1451,45.81
14970.0,1.9812,1.9249,1.9216,0.297,0.25,0.1,1.853,0.1853,45.84
14980.0,2.0826,1.9135,1.95,0.223,0.25,0.1,1.177,0.1177,45.87
14990.0,1.9382,1.8731,1.9633,0.23,0.281,0.1,0.7835,0.07835,45.89
15000.0,2.1568,1.9055,1.9211,0.25,0.188,0.1,1.08,0.108,45.92
15010.0,1.9835,1.9653,1.9351,0.223,0.156,0.1,1.348,0.1348,45.95
15020.0,2.0551,1.9588,1.9082,0.258,0.312,0.1,1.09,0.109,45.98
15030.0,1.7456,1.9146,1.9204,0.207,0.344,0.1,1.474,0.1474,46.01
15040.0,1.7656,1.8988,1.9269,0.203,0.25,0.1,0.8643,0.08643,46.04
15050.0,1.8164,1.8862,1.9145,0.234,0.25,0.1,1.006,0.1006,46.07
15060.0,1.9095,1.9413,1.925,0.262,0.25,0.1,1.118,0.1118,46.1
15070.0,1.9519,1.971,1.9234,0.219,0.312,0.1,0.9274,0.09274,46.13
15080.0,2.1673,1.9087,1.8949,0.273,0.188,0.1,1.567,0.1567,46.16
15090.0,1.8599,1.9071,1.9153,0.219,0.312,0.1,0.8573,0.08573,46.19
15100.0,1.9696,1.9229,1.9053,0.262,0.094,0.1,1.366,0.1366,46.22
15110.0,1.9945,1.9449,1.9122,0.258,0.156,0.1,1.013,0.1013,46.25
15120.0,1.6967,1.929,1.9254,0.234,0.219,0.1,0.7994,0.07994,46.28
15130.0,1.9993,1.888,1.9217,0.199,0.219,0.1,1.497,0.1497,46.31
15140.0,1.7852,1.8929,1.9491,0.191,0.25,0.1,0.8873,0.08873,46.34
15150.0,1.8088,1.9346,1.926,0.219,0.219,0.1,1.621,0.1621,46.37
15160.0,2.0673,1.9663,1.9183,0.234,0.344,0.1,0.587,0.0587,46.4
15170.0,2.1033,1.9404,1.8997,0.262,0.125,0.1,2.88,0.288,46.43
15180.0,2.1013,1.9313,1.944,0.238,0.312,0.1,1.088,0.1088,46.46
15190.0,1.9376,1.911,1.9027,0.262,0.281,0.1,1.024,0.1024,46.49
15200.0,1.9389,1.8983,1.9223,0.266,0.219,0.1,0.7834,0.07834,46.52
15210.0,2.0737,1.9203,1.9169,0.281,0.375,0.1,2.702,0.2702,46.55
15220.0,2.0658,1.9164,1.9475,0.25,0.219,0.1,1.445,0.1445,46.58
15230.0,1.8024,1.8857,1.9042,0.223,0.25,0.1,0.6966,0.06966,46.61
15240.0,2.0003,1.8927,1.9772,0.176,0.219,0.1,1.032,0.1032,46.64
15250.0,1.8889,1.937,1.9692,0.227,0.25,0.1,1.306,0.1306,46.66
15260.0,2.1955,1.958,1.9658,0.219,0.188,0.1,1.846,0.1846,46.69
15270.0,2.1366,1.9773,1.9741,0.195,0.125,0.1,1.695,0.1695,46.72
15280.0,1.8659,1.9542,1.9222,0.211,0.281,0.1,1.106,0.1106,46.75
15290.0,2.0214,1.931,1.9162,0.285,0.281,0.1,0.984,0.0984,46.78
15300.0,1.9381,1.9438,1.966,0.223,0.188,0.1,1.051,0.1051,46.81
15310.0,1.7752,1.9524,1.9293,0.234,0.188,0.1,1.547,0.1547,46.84
15320.0,1.9102,1.9697,1.9328,0.203,0.219,0.1,1.219,0.1219,46.87
15330.0,1.9394,1.9625,1.9564,0.23,0.25,0.1,1.13,0.113,46.9
15340.0,2.133,1.9431,1.9644,0.234,0.281,0.1,1.154,0.1154,46.93
15350.0,1.8799,1.9244,1.9149,0.254,0.219,0.1,1.314,0.1314,46.96
15360.0,1.8942,1.908,1.9288,0.238,0.281,0.1,1.04,0.104,46.99
15370.0,1.84,1.9389,1.9514,0.258,0.188,0.1,1.176,0.1176,47.02
15380.0,1.9788,1.9412,1.9545,0.246,0.25,0.1,0.8902,0.08902,47.05
15390.0,1.9494,1.9347,1.9263,0.238,0.344,0.1,0.928,0.0928,47.08
15400.0,1.9387,1.9534,1.8972,0.234,0.281,0.1,0.8903,0.08903,47.11
15410.0,2.1367,1.9666,2.0593,0.223,0.125,0.1,1.546,0.1546,47.14
15420.0,2.1574,1.9714,1.9938,0.219,0.094,0.1,0.7958,0.07958,47.17
15430.0,2.0125,1.9212,1.9227,0.219,0.25,0.1,0.6246,0.06246,47.2
15440.0,1.8648,1.9003,1.9678,0.23,0.219,0.1,1.436,0.1436,47.23
15450.0,1.7346,1.8717,1.9459,0.242,0.375,0.1,1.126,0.1126,47.26
15460.0,1.8523,1.8787,1.9317,0.238,0.281,0.1,1.12,0.112,47.29
15470.0,1.9411,1.9354,1.9495,0.27,0.312,0.1,1.059,0.1059,47.32
15480.0,1.9052,1.9712,1.9951,0.258,0.281,0.1,1.472,0.1472,47.34
15490.0,1.9333,2.0006,1.9473,0.246,0.188,0.1,2.05,0.205,47.37
15500.0,1.9107,1.971,1.9223,0.254,0.281,0.1,0.7974,0.07974,47.4
15510.0,1.807,1.9422,1.9197,0.262,0.344,0.1,0.9722,0.09722,47.43
15520.0,2.0278,1.9541,1.9404,0.25,0.188,0.1,1.139,0.1139,47.46
15530.0,1.9341,1.943,1.9181,0.281,0.25,0.1,1.036,0.1036,47.49
15540.0,1.9092,1.8975,1.9045,0.262,0.312,0.1,0.9355,0.09355,47.52
15550.0,2.0698,1.9251,1.9401,0.219,0.281,0.1,1.379,0.1379,47.55
15560.0,1.8762,1.9324,1.9091,0.238,0.219,0.1,1.219,0.1219,47.58
15570.0,1.8196,1.9131,1.9063,0.246,0.219,0.1,1.464,0.1464,47.61
15580.0,1.9533,1.9274,1.9847,0.195,0.281,0.1,1.067,0.1067,47.64
15590.0,1.7543,1.8991,1.9318,0.242,0.156,0.1,1.004,0.1004,47.67
15600.0,1.957,1.8993,1.9495,0.207,0.156,0.1,1.219,0.1219,47.7
15610.0,2.0517,1.9027,2.0099,0.211,0.125,0.1,1.818,0.1818,47.73
15620.0,2.0597,1.8814,1.9165,0.266,0.188,0.1,1.379,0.1379,47.76
15630.0,1.9793,1.8874,1.9523,0.254,0.25,0.1,1.11,0.111,47.79
15640.0,1.997,1.9012,1.9594,0.25,0.281,0.1,1.251,0.1251,47.82
15650.0,1.7751,1.9057,1.9276,0.246,0.312,0.1,0.6017,0.06017,47.85
15660.0,2.2258,1.912,1.9271,0.266,0.25,0.1,1.203,0.1203,47.88
15670.0,1.8383,1.9151,1.9379,0.238,0.406,0.1,1.257,0.1257,47.91
15680.0,1.764,1.8954,1.9365,0.242,0.312,0.1,0.8008,0.08008,47.94
15690.0,1.7447,1.881,1.9131,0.277,0.375,0.1,1.456,0.1456,47.96
15700.0,1.8609,1.9028,1.9446,0.254,0.281,0.1,1.298,0.1298,47.99
15710.0,1.8296,1.9137,1.927,0.25,0.375,0.1,1.342,0.1342,48.02
15720.0,1.9988,1.9455,1.9373,0.273,0.188,0.1,1.185,0.1185,48.05
15730.0,2.1192,1.9409,1.9398,0.25,0.25,0.1,1.351,0.1351,48.08
15740.0,1.8376,1.8797,1.9139,0.266,0.219,0.1,1.132,0.1132,48.11
15750.0,1.8496,1.9019,1.9363,0.254,0.406,0.1,0.7723,0.07723,48.14
15760.0,1.8578,1.9376,1.9157,0.254,0.219,0.1,1.027,0.1027,48.17
15770.0,1.9693,1.9014,1.9827,0.211,0.219,0.1,1.209,0.1209,48.2
15780.0,1.8555,1.8641,1.9472,0.246,0.188,0.1,0.8309,0.08309,48.23
15790.0,1.8841,1.9106,1.9121,0.23,0.469,0.1,1.011,0.1011,48.26
15800.0,2.0633,1.9596,1.9386,0.227,0.219,0.1,0.8468,0.08468,48.29
15810.0,1.9743,1.9471,1.928,0.242,0.344,0.1,1.503,0.1503,48.32
15820.0,1.9259,1.9062,1.9097,0.25,0.25,0.1,1.153,0.1153,48.35
15830.0,1.8881,1.875,1.9134,0.246,0.25,0.1,1.197,0.1197,48.38
15840.0,1.9027,1.8921,1.9514,0.25,0.344,0.1,1.268,0.1268,48.41
15850.0,1.8513,1.9004,1.9288,0.262,0.219,0.1,0.7924,0.07924,48.44
15860.0,2.1016,1.9336,1.935,0.281,0.219,0.1,1.249,0.1249,48.47
15870.0,1.6383,1.8956,2.0073,0.234,0.344,0.1,1.752,0.1752,48.5
15880.0,1.8058,1.8582,1.9999,0.23,0.25,0.1,0.951,0.0951,48.53
15890.0,1.8207,1.9435,1.9156,0.254,0.25,0.1,1.051,0.1051,48.55
15900.0,2.0202,1.962,1.9336,0.238,0.219,0.1,1.863,0.1863,48.58
15910.0,2.1558,1.9331,1.9482,0.25,0.25,0.1,1.564,0.1564,48.61
15920.0,1.7007,1.9179,1.9587,0.223,0.125,0.1,1.002,0.1002,48.64
15930.0,1.8966,1.8907,2.0048,0.215,0.25,0.1,1.683,0.1683,48.67
15940.0,1.9458,1.9202,1.9907,0.215,0.344,0.1,1.192,0.1192,48.7
15950.0,2.0437,1.916,1.9503,0.246,0.188,0.1,2.882,0.2882,48.73
15960.0,1.6855,1.907,1.9381,0.25,0.312,0.1,1.113,0.1113,48.76
15970.0,1.9316,1.9396,1.9845,0.223,0.219,0.1,1.071,0.1071,48.79
15980.0,2.0092,1.9327,1.938,0.254,0.219,0.1,0.8049,0.08049,48.82
15990.0,1.8512,1.9272,1.917,0.246,0.188,0.1,0.8893,0.08893,48.85
16000.0,1.7429,1.8778,1.906,0.262,0.406,0.1,1.104,0.1104,48.88
16010.0,1.7455,1.8465,1.9403,0.262,0.438,0.1,0.952,0.0952,48.91
16020.0,1.9585,1.9229,1.926,0.254,0.25,0.1,1.149,0.1149,48.94
16030.0,2.1066,2.003,1.9316,0.27,0.25,0.1,0.7463,0.07463,48.97
16040.0,1.8313,1.9948,1.9166,0.254,0.25,0.1,1.528,0.1528,49.0
16050.0,1.9366,1.9413,1.9119,0.254,0.375,0.1,1.423,0.1423,49.03
16060.0,1.7717,1.906,1.9122,0.277,0.281,0.1,1.071,0.1071,49.06
16070.0,1.9485,1.905,1.8912,0.27,0.375,0.1,1.263,0.1263,49.08
16080.0,1.846,1.8868,1.899,0.254,0.281,0.1,0.9586,0.09586,49.11
16090.0,1.9505,1.9207,1.9104,0.262,0.281,0.1,0.7907,0.07907,49.14
16100.0,1.9124,1.9496,1.9618,0.258,0.312,0.1,0.7472,0.07472,49.17
16110.0,1.8014,1.9318,1.9202,0.25,0.25,0.1,0.7875,0.07875,49.2
16120.0,1.8974,1.9304,1.9504,0.238,0.188,0.1,1.072,0.1072,49.23
16130.0,1.7686,1.9317,1.9404,0.266,0.312,0.1,1.073,0.1073,49.26
16140.0,1.9434,1.9227,1.9158,0.254,0.312,0.1,1.02,0.102,49.29
16150.0,1.9947,1.8916,1.92,0.25,0.188,0.1,0.9445,0.09445,49.32
16160.0,1.9631,1.943,1.95,0.246,0.188,0.1,0.8181,0.08181,49.35
16170.0,1.7195,1.9904,1.9464,0.246,0.281,0.1,0.7554,0.07554,49.38
16180.0,1.7848,1.9575,1.9636,0.266,0.281,0.1,0.6536,0.06536,49.41
16190.0,1.7842,1.908,1.9135,0.234,0.375,0.1,1.231,0.1231,49.44
16200.0,1.9012,1.8766,2.0341,0.277,0.25,0.1,2.107,0.2107,49.47
16210.0,1.8955,1.8864,1.9082,0.242,0.312,0.1,1.281,0.1281,49.5
16220.0,1.7327,1.8686,1.9251,0.262,0.125,0.1,0.9851,0.09851,49.53
16230.0,2.0478,1.8352,1.9112,0.258,0.312,0.1,0.98,0.098,49.56
16240.0,1.7813,1.8631,1.9107,0.238,0.438,0.1,0.9529,0.09529,49.59
16250.0,1.9385,1.8763,1.9196,0.223,0.375,0.1,1.626,0.1626,49.62
16260.0,1.9043,1.8846,1.9209,0.258,0.219,0.1,1.396,0.1396,49.65
16270.0,2.0159,1.9429,1.9908,0.25,0.219,0.1,0.9851,0.09851,49.67
16280.0,1.8236,1.9522,1.9047,0.254,0.375,0.1,0.9952,0.09952,49.7
16290.0,2.0717,1.9545,1.9153,0.277,0.219,0.1,0.8402,0.08402,49.73
16300.0,1.8882,1.9647,1.9242,0.258,0.219,0.1,0.9919,0.09919,49.76
16310.0,1.8922,1.9406,1.9281,0.254,0.438,0.1,1.055,0.1055,49.79
16320.0,1.9511,1.9182,1.9178,0.234,0.219,0.1,1.064,0.1064,49.82
16330.0,1.7326,1.8927,1.9253,0.258,0.375,0.1,0.7352,0.07352,49.85
16340.0,1.9592,1.9233,1.9025,0.254,0.156,0.1,0.9397,0.09397,49.88
16350.0,1.8309,1.9001,1.9394,0.227,0.344,0.1,0.9393,0.09393,49.91
16360.0,1.8286,1.8611,1.9042,0.25,0.312,0.1,1.864,0.1864,49.94
16370.0,2.1272,1.8798,2.1002,0.23,0.156,0.1,2.908,0.2908,49.97
16380.0,1.8804,1.8884,1.9261,0.258,0.375,0.1,0.9081,0.09081,50.0
16390.0,1.9453,1.9201,1.931,0.25,0.281,0.1,1.391,0.1391,50.03
16400.0,1.9507,1.899,2.0298,0.254,0.312,0.1,1.965,0.1965,50.06
16410.0,1.8803,1.8706,1.9516,0.246,0.281,0.1,1.733,0.1733,50.09
16420.0,1.6978,1.8744,1.9723,0.238,0.312,0.1,0.9219,0.09219,50.12
16430.0,2.0186,1.9093,1.9218,0.227,0.312,0.1,1.329,0.1329,50.15
16440.0,1.918,1.934,1.9147,0.238,0.188,0.1,1.26,0.126,50.18
16450.0,1.7342,1.9025,1.9231,0.238,0.375,0.1,1.049,0.1049,50.2
16460.0,1.9171,1.949,1.9284,0.25,0.344,0.1,0.896,0.0896,50.24
16470.0,1.8858,1.9445,1.9474,0.227,0.406,0.1,1.258,0.1258,50.26
16480.0,1.8974,1.8989,1.9352,0.262,0.312,0.1,1.547,0.1547,50.29
16490.0,2.1283,1.9091,1.9175,0.262,0.094,0.1,1.594,0.1594,50.32
16500.0,1.8701,1.905,1.9196,0.25,0.281,0.1,0.9285,0.09285,50.35
16510.0,1.7435,1.9091,1.9075,0.254,0.312,0.1,0.9704,0.09704,50.38
16520.0,1.7751,1.9439,1.9697,0.254,0.312,0.1,0.7686,0.07686,50.41
16530.0,1.801,1.9285,1.9085,0.258,0.281,0.1,0.8876,0.08876,50.44
16540.0,1.8277,1.8626,1.9292,0.234,0.406,0.1,0.8022,0.08022,50.47
16550.0,1.815,1.8924,1.9107,0.262,0.125,0.1,2.12,0.212,50.5
16560.0,2.042,1.9134,2.0912,0.254,0.312,0.1,1.658,0.1658,50.53
16570.0,1.815,1.9447,1.9298,0.238,0.25,0.1,0.9781,0.09781,50.56
16580.0,1.8271,1.9566,1.9342,0.23,0.281,0.1,1.1,0.11,50.59
16590.0,2.1227,1.9672,1.9056,0.266,0.188,0.1,1.104,0.1104,50.62
16600.0,1.9871,1.9447,1.8977,0.254,0.344,0.1,1.368,0.1368,50.65
16610.0,1.9431,1.9051,1.9551,0.246,0.281,0.1,0.8728,0.08728,50.68
16620.0,1.929,1.9115,1.9135,0.242,0.344,0.1,1.453,0.1453,50.71
16630.0,1.9872,1.9159,1.9296,0.242,0.25,0.1,1.332,0.1332,50.74
16640.0,2.2242,1.9328,1.9557,0.207,0.156,0.1,2.108,0.2108,50.77
16650.0,1.8117,1.9191,1.9202,0.242,0.344,0.1,1.295,0.1295,50.8
16660.0,1.962,1.9168,1.9156,0.227,0.125,0.1,0.7112,0.07112,50.83
16670.0,1.9586,1.9044,1.9484,0.254,0.344,0.1,1.592,0.1592,50.85
16680.0,2.0467,1.9148,1.9065,0.258,0.125,0.1,1.23,0.123,50.88
16690.0,2.0416,1.9339,1.9315,0.254,0.25,0.1,0.8285,0.08285,50.91
16700.0,1.7641,1.9196,1.9359,0.23,0.188,0.1,0.8578,0.08578,50.94
16710.0,1.87,1.9324,1.9019,0.246,0.469,0.1,1.473,0.1473,50.97
16720.0,1.769,1.9724,1.9318,0.285,0.312,0.1,1.109,0.1109,51.0
16730.0,1.9308,1.9627,1.9689,0.227,0.281,0.1,0.8294,0.08294,51.03
16740.0,1.8972,1.9293,1.9894,0.227,0.281,0.1,1.776,0.1776,51.06
16750.0,1.6624,1.9231,1.9255,0.273,0.5,0.1,1.2,0.12,51.09
16760.0,1.6708,1.9157,1.9289,0.258,0.312,0.1,0.5031,0.05031,51.12
16770.0,1.7681,1.8803,1.9593,0.246,0.344,0.1,1.064,0.1064,51.15
16780.0,1.9229,1.8915,1.922,0.25,0.344,0.1,0.9432,0.09432,51.19
16790.0,1.9072,1.9124,1.9171,0.242,0.344,0.1,1.194,0.1194,51.23
16800.0,2.078,1.9029,1.9422,0.246,0.125,0.1,1.562,0.1562,51.26
16810.0,1.9254,1.9094,1.941,0.254,0.406,0.1,1.381,0.1381,51.29
16820.0,1.8442,1.9335,1.9693,0.254,0.438,0.1,0.8317,0.08317,51.32
16830.0,2.0403,1.9552,1.9645,0.277,0.188,0.1,0.8791,0.08791,51.35
16840.0,1.6425,1.9051,1.9633,0.25,0.312,0.1,1.986,0.1986,51.38
16850.0,2.1074,1.9092,1.9635,0.27,0.25,0.1,1.83,0.183,51.41
16860.0,2.1734,1.9831,1.9808,0.258,0.219,0.1,1.211,0.1211,51.44
16870.0,1.7939,1.962,1.9435,0.25,0.125,0.1,0.77,0.077,51.47
16880.0,1.8161,1.936,1.9856,0.188,0.406,0.1,1.144,0.1144,51.5
16890.0,1.7464,1.9489,1.9263,0.242,0.219,0.1,0.9529,0.09529,51.53
16900.0,1.7746,1.95,1.953,0.27,0.312,0.1,1.474,0.1474,51.56
16910.0,1.9896,1.9828,1.9344,0.246,0.344,0.1,0.8344,0.08344,51.59
16920.0,1.8402,2.0129,1.9201,0.289,0.25,0.1,0.8024,0.08024,51.62
16930.0,2.0807,1.9752,1.9016,0.273,0.25,0.1,1.556,0.1556,51.65
16940.0,2.0705,1.9244,1.9438,0.223,0.344,0.1,0.9784,0.09784,51.68
16950.0,1.96,1.9382,1.9107,0.262,0.219,0.1,1.006,0.1006,51.71
16960.0,1.7395,1.9467,1.9018,0.23,0.25,0.1,1.118,0.1118,51.74
16970.0,1.8018,1.9115,1.9672,0.234,0.312,0.1,2.075,0.2075,51.77
16980.0,1.7303,1.8708,1.9177,0.223,0.406,0.1,1.061,0.1061,51.81
16990.0,1.86,1.8604,1.9109,0.246,0.156,0.1,0.8415,0.08415,51.84
17000.0,2.0451,1.8763,1.9022,0.25,0.281,0.1,1.276,0.1276,51.87
17010.0,2.1448,1.9023,1.9053,0.238,0.188,0.1,1.021,0.1021,51.9
17020.0,1.9711,1.9027,1.9908,0.234,0.312,0.1,2.514,0.2514,51.93
17030.0,2.0448,1.9065,1.9637,0.199,0.219,0.1,1.056,0.1056,51.96
17040.0,1.9371,1.9291,1.9046,0.246,0.219,0.1,1.06,0.106,51.99
17050.0,2.1274,1.9025,1.9196,0.266,0.156,0.1,2.444,0.2444,52.02
17060.0,2.0739,1.8714,1.948,0.215,0.312,0.1,0.8128,0.08128,52.05
17070.0,1.8458,1.926,1.8944,0.27,0.281,0.1,1.023,0.1023,52.08
17080.0,1.9636,1.9663,1.9196,0.273,0.219,0.1,0.9407,0.09407,52.11
17090.0,2.0484,1.9337,1.9418,0.258,0.219,0.1,1.089,0.1089,52.14
17100.0,1.8464,1.9137,1.9258,0.25,0.344,0.1,0.6292,0.06292,52.17
17110.0,1.9234,1.939,1.9279,0.234,0.25,0.1,0.9839,0.09839,52.2
17120.0,1.8976,1.8986,1.9076,0.262,0.156,0.1,0.9287,0.09287,52.23
17130.0,1.9267,1.8749,2.0189,0.223,0.219,0.1,0.8043,0.08043,52.26
17140.0,1.8152,1.909,1.9302,0.242,0.375,0.1,1.144,0.1144,52.29
17150.0,1.9987,1.8896,1.9269,0.238,0.188,0.1,1.099,0.1099,52.32
17160.0,2.067,1.883,1.9315,0.246,0.25,0.1,0.9539,0.09539,52.35
17170.0,1.7601,1.8945,1.9165,0.242,0.312,0.1,0.6854,0.06854,52.38
17180.0,1.9979,1.8959,1.9206,0.238,0.25,0.1,1.231,0.1231,52.41
17190.0,1.8843,1.8948,1.9254,0.281,0.25,0.1,1.301,0.1301,52.44
17200.0,1.7979,1.91,1.9083,0.266,0.469,0.1,1.066,0.1066,52.47
17210.0,2.0856,1.9221,1.9144,0.23,0.219,0.1,1.19,0.119,52.51
17220.0,1.9859,1.9168,1.9376,0.242,0.188,0.1,1.431,0.1431,52.54
17230.0,1.8867,1.9243,1.9331,0.258,0.25,0.1,2.17,0.217,52.57
17240.0,2.0053,1.9668,1.9246,0.23,0.25,0.1,1.139,0.1139,52.6
17250.0,1.8534,1.9595,1.9516,0.238,0.344,0.1,1.006,0.1006,52.63
17260.0,2.009,1.9328,1.9486,0.234,0.156,0.1,1.149,0.1149,52.66
17270.0,1.9989,1.9303,1.9364,0.227,0.156,0.1,1.249,0.1249,52.69
17280.0,2.0647,1.9138,1.9212,0.238,0.281,0.1,1.237,0.1237,52.72
17290.0,1.8069,1.9245,1.9467,0.262,0.344,0.1,1.335,0.1335,52.75
17300.0,1.7346,1.9325,1.9625,0.227,0.344,0.1,1.02,0.102,52.78
17310.0,1.8834,1.906,1.9414,0.254,0.312,0.1,1.16,0.116,52.81
17320.0,1.7831,1.8711,1.9559,0.234,0.281,0.1,1.165,0.1165,52.84
17330.0,2.0871,1.9043,1.9313,0.246,0.094,0.1,0.9429,0.09429,52.87
17340.0,2.0125,1.9492,1.9505,0.254,0.25,0.1,0.9805,0.09805,52.9
17350.0,1.799,1.8935,1.943,0.227,0.188,0.1,1.296,0.1296,52.93
17360.0,1.8663,1.8625,1.9529,0.273,0.375,0.1,0.8496,0.08496,52.96
17370.0,1.9444,1.8897,1.9501,0.25,0.312,0.1,0.6632,0.06632,52.99
17380.0,2.0486,1.9096,1.9592,0.266,0.219,0.1,1.687,0.1687,53.02
17390.0,1.8475,1.8454,1.9421,0.262,0.312,0.1,1.178,0.1178,53.05
17400.0,1.9666,1.8415,1.9119,0.215,0.344,0.1,1.443,0.1443,53.08
17410.0,1.8301,1.8775,1.913,0.227,0.281,0.1,0.8347,0.08347,53.11
17420.0,1.9751,1.8768,2.0342,0.211,0.219,0.1,1.258,0.1258,53.14
17430.0,1.864,1.8841,1.9104,0.273,0.344,0.1,1.282,0.1282,53.17
17440.0,2.023,1.8833,1.975,0.215,0.125,0.1,1.651,0.1651,53.2
17450.0,1.6459,1.8775,1.9307,0.266,0.375,0.1,1.51,0.151,53.23
17460.0,1.9145,1.8564,1.9101,0.238,0.281,0.1,2.628,0.2628,53.26
17470.0,1.9671,1.9424,1.9307,0.207,0.125,0.1,1.479,0.1479,53.29
17480.0,1.6779,1.9756,1.927,0.246,0.406,0.1,0.9047,0.09047,53.32
17490.0,1.9627,1.9077,1.9489,0.238,0.312,0.1,1.562,0.1562,53.35
17500.0,1.7794,1.8828,1.928,0.23,0.281,0.1,1.006,0.1006,53.38
17510.0,2.0729,1.9036,1.9335,0.199,0.188,0.1,1.375,0.1375,53.41
17520.0,1.7448,1.9453,1.9331,0.227,0.375,0.1,1.458,0.1458,53.44
17530.0,1.9956,1.9603,1.9369,0.234,0.219,0.1,1.903,0.1903,53.47
17540.0,1.8305,1.9496,1.93,0.227,0.312,0.1,0.9414,0.09414,53.5
17550.0,1.942,1.8989,1.904,0.25,0.344,0.1,0.8653,0.08653,53.53
17560.0,1.7823,1.8673,1.9049,0.281,0.375,0.1,1.516,0.1516,53.57
17570.0,2.0023,1.9212,1.9426,0.234,0.25,0.1,1.226,0.1226,53.6
17580.0,1.7562,1.9785,1.949,0.207,0.281,0.1,0.9834,0.09834,53.63
17590.0,1.747,1.9352,1.9503,0.23,0.438,0.1,1.113,0.1113,53.66
17600.0,1.8826,1.9023,1.9339,0.199,0.25,0.1,0.9509,0.09509,53.69
17610.0,2.113,1.9211,1.9418,0.207,0.25,0.1,1.345,0.1345,53.72
17620.0,1.9447,1.8976,1.9395,0.25,0.312,0.1,1.055,0.1055,53.75
17630.0,1.6636,1.8867,1.9541,0.238,0.219,0.1,1.116,0.1116,53.78
17640.0,1.9105,1.9139,1.9041,0.273,0.25,0.1,1.305,0.1305,53.81
17650.0,1.9734,1.9714,1.939,0.266,0.219,0.1,1.238,0.1238,53.84
17660.0,1.9588,1.9744,1.923,0.211,0.25,0.1,2.565,0.2565,53.87
17670.0,1.726,1.9585,1.9373,0.227,0.375,0.1,1.25,0.125,53.9
17680.0,1.7514,1.9746,1.9488,0.211,0.312,0.1,0.652,0.0652,53.93
17690.0,1.8348,1.9295,1.9073,0.258,0.375,0.1,1.11,0.111,53.96
17700.0,1.8378,1.9152,1.9643,0.25,0.281,0.1,1.141,0.1141,53.99
17710.0,2.0883,1.9666,1.921,0.273,0.219,0.1,1.02,0.102,54.02
17720.0,1.6819,1.9569,1.9168,0.262,0.375,0.1,0.7463,0.07463,54.05
17730.0,1.9427,1.9671,1.9227,0.273,0.312,0.1,0.8875,0.08875,54.08
17740.0,1.963,1.9458,1.9699,0.25,0.25,0.1,1.539,0.1539,54.11
17750.0,1.6803,1.8974,1.9169,0.254,0.375,0.1,1.013,0.1013,54.14
17760.0,2.045,1.9188,1.9575,0.262,0.281,0.1,0.9758,0.09758,54.17
17770.0,2.1081,1.9561,1.9242,0.246,0.219,0.1,1.105,0.1105,54.2
17780.0,1.8557,1.9573,1.9207,0.242,0.25,0.1,0.9742,0.09742,54.23
17790.0,2.0094,1.9491,1.9542,0.238,0.344,0.1,0.8357,0.08357,54.26
17800.0,1.9696,1.9576,1.9312,0.25,0.344,0.1,1.006,0.1006,54.29
17810.0,1.7848,1.9081,1.9201,0.23,0.406,0.1,2.056,0.2056,54.32
17820.0,1.8,1.8645,1.8934,0.223,0.312,0.1,1.316,0.1316,54.35
17830.0,1.943,1.8941,1.9381,0.227,0.281,0.1,0.781,0.0781,54.38
17840.0,1.7578,1.9115,1.9278,0.234,0.312,0.1,1.019,0.1019,54.41
17850.0,1.8668,1.8916,1.9365,0.262,0.25,0.1,1.008,0.1008,54.44
17860.0,1.6267,1.9269,1.9212,0.27,0.281,0.1,0.9713,0.09713,54.47
17870.0,1.9663,1.9493,1.9285,0.27,0.25,0.1,1.066,0.1066,54.5
17880.0,1.8895,1.9886,1.9254,0.242,0.219,0.1,1.109,0.1109,54.53
17890.0,1.6572,1.9517,2.0138,0.242,0.438,0.1,0.8409,0.08409,54.56
17900.0,2.0935,1.8692,1.9883,0.238,0.25,0.1,2.285,0.2285,54.59
17910.0,1.7329,1.8851,1.9188,0.273,0.375,0.1,0.9787,0.09787,54.62
17920.0,2.0545,1.8956,1.9235,0.25,0.125,0.1,2.623,0.2623,54.65
17930.0,2.0217,1.922,1.9159,0.258,0.25,0.1,0.9616,0.09616,54.68
17940.0,1.7811,1.9243,1.9292,0.246,0.344,0.1,1.194,0.1194,54.71
17950.0,1.803,1.8767,1.9834,0.238,0.344,0.1,1.599,0.1599,54.74
17960.0,1.9474,1.8721,1.9078,0.242,0.25,0.1,1.152,0.1152,54.77
17970.0,2.0223,1.9332,1.9035,0.27,0.281,0.1,1.225,0.1225,54.8
17980.0,1.9352,1.9442,1.9038,0.25,0.281,0.1,1.003,0.1003,54.83
17990.0,1.8843,1.903,1.9155,0.266,0.156,0.1,1.314,0.1314,54.86
18000.0,1.998,1.8769,1.9296,0.262,0.156,0.1,0.8732,0.08732,54.89
18010.0,1.8226,1.8785,1.9329,0.25,0.344,0.1,1.104,0.1104,54.92
18020.0,1.8843,1.9157,1.8894,0.277,0.344,0.1,0.6946,0.06946,54.95
18030.0,1.9459,1.93,1.8923,0.312,0.25,0.1,2.172,0.2172,54.98
18040.0,2.0442,1.9238,1.928,0.258,0.281,0.1,1.449,0.1449,55.02
18050.0,1.7868,1.9028,1.9101,0.227,0.219,0.1,0.9286,0.09286,55.05
18060.0,1.94,1.8656,1.9415,0.242,0.344,0.1,1.447,0.1447,55.08
18070.0,1.8565,1.8655,1.9135,0.27,0.406,0.1,0.8126,0.08126,55.11
18080.0,1.8774,1.8958,1.9547,0.266,0.25,0.1,1.312,0.1312,55.14
18090.0,1.7355,1.934,1.9296,0.246,0.375,0.1,0.9092,0.09092,55.17
18100.0,1.7183,1.9129,1.9325,0.262,0.281,0.1,1.173,0.1173,55.2
18110.0,2.0471,1.8976,1.921,0.258,0.125,0.1,1.93,0.193,55.23
18120.0,1.6689,1.9211,1.9307,0.246,0.562,0.1,1.356,0.1356,55.26
18130.0,1.8443,1.9067,1.9126,0.246,0.219,0.1,0.8986,0.08986,55.29
18140.0,1.7804,1.8784,1.9265,0.234,0.281,0.1,0.8346,0.08346,55.32
18150.0,1.8547,1.9176,1.9393,0.258,0.25,0.1,0.9479,0.09479,55.35
18160.0,2.032,2.0017,1.9422,0.23,0.188,0.1,0.6769,0.06769,55.38
18170.0,1.7258,1.9845,1.9103,0.262,0.344,0.1,0.7016,0.07016,55.41
18180.0,1.9358,1.9186,1.9573,0.223,0.25,0.1,1.41,0.141,55.44
18190.0,1.8022,1.9248,1.9658,0.266,0.188,0.1,1.173,0.1173,55.47
18200.0,1.8391,1.9263,1.9667,0.23,0.344,0.1,2.407,0.2407,55.5
18210.0,1.9762,1.9344,2.0507,0.203,0.25,0.1,1.694,0.1694,55.53
18220.0,1.8693,1.9458,1.9017,0.215,0.375,0.1,0.882,0.0882,55.56
18230.0,1.9681,1.9688,1.9213,0.234,0.125,0.1,1.128,0.1128,55.59
18240.0,1.9514,1.9672,1.9118,0.258,0.188,0.1,0.5765,0.05765,55.62
18250.0,2.0097,1.9124,1.9058,0.266,0.281,0.1,0.8721,0.08721,55.65
18260.0,1.8035,1.8891,1.9103,0.223,0.344,0.1,2.009,0.2009,55.68
18270.0,1.8381,1.8624,1.9302,0.234,0.312,0.1,0.9201,0.09201,55.71
18280.0,1.7759,1.8781,1.8881,0.262,0.312,0.1,2.683,0.2683,55.74
18290.0,1.6263,1.9061,1.9138,0.211,0.25,0.1,1.087,0.1087,55.77
18300.0,1.8027,1.9302,1.8936,0.254,0.312,0.1,0.7437,0.07437,55.8
18310.0,1.776,1.9326,1.8928,0.27,0.312,0.1,1.026,0.1026,55.83
18320.0,2.0116,1.8635,1.9115,0.199,0.25,0.1,1.079,0.1079,55.86
18330.0,1.887,1.8949,1.914,0.23,0.312,0.1,0.7795,0.07795,55.89
18340.0,1.8625,1.9025,1.9068,0.242,0.25,0.1,1.238,0.1238,55.92
18350.0,2.0836,1.8781,1.9388,0.258,0.219,0.1,1.218,0.1218,55.95
18360.0,2.1516,1.922,1.9423,0.25,0.219,0.1,1.317,0.1317,55.98
18370.0,2.0838,1.9603,1.9264,0.227,0.219,0.1,0.9647,0.09647,56.01
18380.0,1.9194,1.9302,1.9266,0.266,0.25,0.1,0.6742,0.06742,56.04
18390.0,1.8708,1.8766,1.8878,0.273,0.188,0.1,0.841,0.0841,56.07
18400.0,1.939,1.9139,1.9124,0.23,0.375,0.1,0.7754,0.07754,56.1
18410.0,2.0189,1.9391,2.2195,0.219,0.281,0.1,2.43,0.243,56.14
18420.0,1.9928,1.9402,1.9103,0.273,0.094,0.1,1.521,0.1521,56.17
18430.0,1.73,1.9056,1.8837,0.277,0.25,0.1,1.579,0.1579,56.2
18440.0,2.1318,1.88,1.9504,0.223,0.312,0.1,2.151,0.2151,56.23
18450.0,1.9725,1.9337,1.9463,0.246,0.281,0.1,1.072,0.1072,56.26
18460.0,1.8653,1.9417,1.9138,0.25,0.281,0.1,0.8326,0.08326,56.29
18470.0,1.944,1.9385,1.8872,0.281,0.219,0.1,1.979,0.1979,56.32
18480.0,1.9961,1.96,1.8998,0.25,0.219,0.1,1.022,0.1022,56.35
18490.0,2.0161,1.9052,1.9054,0.258,0.25,0.1,0.6981,0.06981,56.38
18500.0,1.9313,1.9036,1.913,0.266,0.281,0.1,0.779,0.0779,56.41
18510.0,2.0254,1.9531,1.9048,0.289,0.312,0.1,1.28,0.128,56.44
18520.0,1.9364,1.9221,1.9093,0.285,0.188,0.1,1.036,0.1036,56.47
18530.0,1.9469,1.9277,2.0233,0.219,0.188,0.1,1.221,0.1221,56.5
18540.0,1.8607,1.9654,1.9152,0.246,0.281,0.1,1.246,0.1246,56.53
18550.0,1.6869,1.9181,1.9242,0.258,0.312,0.1,1.22,0.122,56.56
18560.0,2.0474,1.9338,1.9287,0.254,0.156,0.1,1.285,0.1285,56.59
18570.0,1.7737,1.9064,1.9453,0.238,0.344,0.1,0.8125,0.08125,56.62
18580.0,1.9256,1.8738,1.9775,0.258,0.281,0.1,1.283,0.1283,56.66
18590.0,1.8139,1.9087,1.9388,0.246,0.312,0.1,1.667,0.1667,56.69
18600.0,1.9624,1.9371,1.9345,0.234,0.219,0.1,1.726,0.1726,56.72
18610.0,1.8122,1.9692,1.9368,0.238,0.156,0.1,1.123,0.1123,56.76
18620.0,2.1927,1.918,1.992,0.238,0.25,0.1,1.501,0.1501,56.79
18630.0,1.7846,1.8777,1.898,0.266,0.438,0.1,1.687,0.1687,56.82
18640.0,1.8844,1.8664,1.9601,0.23,0.219,0.1,1.034,0.1034,56.85
18650.0,1.8687,1.8569,1.9085,0.242,0.25,0.1,1.675,0.1675,56.88
18660.0,1.8446,1.9206,1.9072,0.246,0.281,0.1,1.022,0.1022,56.91
18670.0,1.8725,1.9199,1.9382,0.238,0.219,0.1,0.8325,0.08325,56.94
18680.0,1.8092,1.8508,1.9449,0.211,0.375,0.1,1.094,0.1094,56.97
18690.0,1.9764,1.8387,1.9911,0.238,0.156,0.1,0.8572,0.08572,57.0
18700.0,2.1139,1.8919,1.9317,0.262,0.156,0.1,1.418,0.1418,57.03
18710.0,2.0009,1.9362,1.9601,0.246,0.094,0.1,1.513,0.1513,57.06
18720.0,2.0029,1.9069,1.8884,0.242,0.219,0.1,1.205,0.1205,57.09
18730.0,1.802,1.8805,1.9054,0.262,0.25,0.1,0.9083,0.09083,57.12
18740.0,1.7163,1.8768,1.9276,0.238,0.406,0.1,0.8513,0.08513,57.15
18750.0,1.8368,1.9197,1.9294,0.246,0.094,0.1,0.8384,0.08384,57.18
18760.0,1.9406,1.9555,1.9292,0.254,0.094,0.1,0.8498,0.08498,57.21
18770.0,2.0352,1.8974,1.9487,0.215,0.188,0.1,0.9882,0.09882,57.25
18780.0,1.9704,1.8514,1.8992,0.25,0.344,0.1,0.958,0.0958,57.28
18790.0,2.064,1.9053,1.9134,0.277,0.156,0.1,1.468,0.1468,57.31
18800.0,1.7908,1.8967,1.9471,0.227,0.469,0.1,0.7658,0.07658,57.34
18810.0,1.7416,1.8784,1.9082,0.25,0.219,0.1,0.7471,0.07471,57.37
18820.0,1.7853,1.9106,1.9142,0.258,0.406,0.1,1.05,0.105,57.4
18830.0,1.8619,1.8959,1.9447,0.25,0.281,0.1,1.06,0.106,57.44
18840.0,2.2061,1.8939,1.9015,0.266,0.219,0.1,1.748,0.1748,57.49
18850.0,2.1034,1.9348,1.9395,0.223,0.188,0.1,1.811,0.1811,57.53
18860.0,1.9011,1.9451,1.9101,0.289,0.281,0.1,0.9396,0.09396,57.57
18870.0,1.8334,1.911,1.8989,0.262,0.312,0.1,3.963,0.3963,57.62
18880.0,1.8757,1.9,1.9291,0.285,0.25,0.1,1.013,0.1013,57.66
18890.0,1.8703,1.9319,1.9108,0.281,0.281,0.1,0.7085,0.07085,57.7
18900.0,1.8354,1.9262,1.9453,0.238,0.219,0.1,0.7951,0.07951,57.75
18910.0,1.9675,1.9142,1.9445,0.246,0.156,0.1,0.8002,0.08002,57.79
18920.0,1.8828,1.9355,1.922,0.254,0.188,0.1,1.002,0.1002,57.82
18930.0,1.7183,1.8794,1.9235,0.266,0.312,0.1,0.751,0.0751,57.86
18940.0,1.8056,1.8259,1.902,0.254,0.281,0.1,0.7511,0.07511,57.9
18950.0,1.8535,1.8462,1.937,0.258,0.375,0.1,1.333,0.1333,57.93
18960.0,1.7403,1.8991,1.9287,0.258,0.312,0.1,0.8425,0.08425,57.96
18970.0,1.7184,1.8844,1.9496,0.211,0.281,0.1,0.7387,0.07387,58.0
18980.0,1.8453,1.8725,1.9005,0.254,0.344,0.1,2.01,0.201,58.06
18990.0,1.7808,1.9217,1.8929,0.262,0.312,0.1,0.7937,0.07937,58.09
19000.0,1.736,1.8902,1.9447,0.238,0.344,0.1,0.8131,0.08131,58.12
19010.0,2.0517,1.8603,1.8974,0.258,0.312,0.1,1.79,0.179,58.16
19020.0,2.0599,1.9218,1.905,0.262,0.25,0.1,1.099,0.1099,58.19
19030.0,1.9799,1.9353,1.8972,0.238,0.125,0.1,0.924,0.0924,58.22
19040.0,1.7725,1.8882,1.9044,0.25,0.25,0.1,1.035,0.1035,58.25
19050.0,1.8028,1.8651,1.9219,0.23,0.25,0.1,1.354,0.1354,58.28
19060.0,1.9839,1.9081,1.8933,0.25,0.25,0.1,1.806,0.1806,58.32
19070.0,1.9479,1.9443,1.9132,0.242,0.219,0.1,3.714,0.3714,58.35
19080.0,1.6614,1.8864,1.9016,0.266,0.375,0.1,1.017,0.1017,58.38
19090.0,1.8728,1.9294,1.8898,0.281,0.406,0.1,0.554,0.0554,58.41
19100.0,1.8735,1.941,1.8908,0.25,0.25,0.1,1.115,0.1115,58.44
19110.0,1.7934,1.8913,1.898,0.27,0.469,0.1,0.7068,0.07068,58.47
19120.0,1.7858,1.8922,1.9312,0.262,0.312,0.1,1.254,0.1254,58.5
19130.0,1.597,1.8788,1.9192,0.215,0.469,0.1,0.7829,0.07829,58.53
19140.0,1.7749,1.8785,1.8879,0.254,0.312,0.1,0.8252,0.08252,58.56
19150.0,1.885,1.8862,1.9185,0.25,0.281,0.1,0.852,0.0852,58.59
19160.0,1.9988,1.8943,1.8951,0.246,0.219,0.1,1.899,0.1899,58.62
19170.0,1.9829,1.8826,1.8838,0.266,0.312,0.1,4.009,0.4009,58.65
19180.0,1.6664,1.8974,1.9571,0.211,0.406,0.1,0.9735,0.09735,58.68
19190.0,1.7252,1.8728,1.9095,0.258,0.281,0.1,1.371,0.1371,58.71
19200.0,1.8142,1.8595,1.9495,0.227,0.375,0.1,1.711,0.1711,58.74
19210.0,1.8315,1.8852,1.9145,0.25,0.312,0.1,1.004,0.1004,58.78
19220.0,2.0289,1.8977,1.897,0.223,0.25,0.1,0.763,0.0763,58.81
19230.0,1.8755,1.8775,1.9239,0.242,0.25,0.1,1.896,0.1896,58.84
19240.0,1.9152,1.8819,1.9961,0.215,0.281,0.1,1.295,0.1295,58.87
19250.0,1.8764,1.8894,1.9047,0.242,0.188,0.1,1.39,0.139,58.9
19260.0,1.7219,1.883,1.903,0.234,0.531,0.1,0.9739,0.09739,58.94
19270.0,2.0072,1.9051,1.9874,0.211,0.344,0.1,1.202,0.1202,58.97
19280.0,2.0281,1.9105,1.983,0.246,0.312,0.1,1.16,0.116,59.0
19290.0,1.9015,1.9056,1.9315,0.223,0.281,0.1,1.173,0.1173,59.03
19300.0,1.9846,1.8988,1.9239,0.246,0.219,0.1,1.07,0.107,59.06
19310.0,1.726,1.9146,1.8992,0.238,0.344,0.1,1.052,0.1052,59.1
19320.0,1.873,1.8925,1.9249,0.246,0.344,0.1,0.9227,0.09227,59.13
19330.0,2.119,1.91,1.9544,0.238,0.25,0.1,0.8723,0.08723,59.16
19340.0,2.0739,1.9343,1.9155,0.234,0.156,0.1,0.926,0.0926,59.19
19350.0,1.7409,1.8827,1.9373,0.25,0.406,0.1,0.7891,0.07891,59.22
19360.0,2.041,1.8825,1.9476,0.23,0.219,0.1,1.053,0.1053,59.25
19370.0,1.8552,1.9186,1.9087,0.234,0.25,0.1,1.375,0.1375,59.28
19380.0,2.1025,1.9412,1.9937,0.234,0.25,0.1,1.529,0.1529,59.31
19390.0,2.1421,1.9766,1.9387,0.273,0.281,0.1,0.9436,0.09436,59.34
19400.0,2.1051,2.0095,1.9143,0.254,0.156,0.1,1.055,0.1055,59.37
19410.0,1.7864,1.9507,1.8901,0.262,0.281,0.1,0.9438,0.09438,59.41
19420.0,1.8952,1.8805,1.9739,0.219,0.219,0.1,1.402,0.1402,59.44
19430.0,1.7208,1.8753,1.8947,0.27,0.406,0.1,1.066,0.1066,59.47
19440.0,1.7844,1.901,1.9073,0.258,0.344,0.1,0.9441,0.09441,59.5
19450.0,1.7804,1.9607,1.9504,0.254,0.188,0.1,1.027,0.1027,59.53
19460.0,2.086,1.9583,1.9142,0.23,0.219,0.1,0.7233,0.07233,59.56
19470.0,2.1494,1.9242,1.9077,0.25,0.25,0.1,1.256,0.1256,59.59
19480.0,2.1135,1.9304,1.9217,0.238,0.188,0.1,1.45,0.145,59.62
19490.0,1.8375,1.9514,1.9296,0.227,0.25,0.1,0.8467,0.08467,59.65
19500.0,1.7439,1.91,1.8908,0.238,0.344,0.1,1.268,0.1268,59.68
19510.0,1.9295,1.8523,1.9112,0.293,0.344,0.1,1.094,0.1094,59.71
19520.0,1.9507,1.9025,1.9316,0.23,0.219,0.1,0.9831,0.09831,59.74
19530.0,1.8747,1.9457,1.8911,0.289,0.25,0.1,1.847,0.1847,59.77
19540.0,1.905,1.9385,1.9068,0.238,0.312,0.1,1.007,0.1007,59.8
19550.0,2.1885,1.9317,1.9756,0.25,0.156,0.1,1.54,0.154,59.84
19560.0,2.086,1.8817,1.9083,0.262,0.219,0.1,1.129,0.1129,59.87
19570.0,2.0056,1.9064,1.9302,0.227,0.281,0.1,1.567,0.1567,59.9
19580.0,1.699,1.9075,1.9072,0.227,0.5,0.1,1.419,0.1419,59.93
19590.0,1.892,1.9069,1.9182,0.23,0.438,0.1,0.9665,0.09665,59.96
19600.0,1.6579,1.9294,1.907,0.242,0.344,0.1,0.8595,0.08595,59.99
19610.0,1.8351,1.8934,1.9333,0.195,0.25,0.1,0.8372,0.08372,60.02
19620.0,2.0058,1.9176,1.9063,0.27,0.281,0.1,0.797,0.0797,60.05
19630.0,1.963,1.9265,1.8986,0.234,0.25,0.1,1.34,0.134,60.09
19640.0,2.0013,1.8751,1.9561,0.242,0.156,0.1,1.68,0.168,60.12
19650.0,1.8463,1.8614,1.8856,0.293,0.25,0.1,1.103,0.1103,60.15
19660.0,1.991,1.8877,1.8973,0.238,0.406,0.1,1.033,0.1033,60.18
19670.0,2.0212,1.9025,1.8992,0.258,0.312,0.1,3.476,0.3476,60.21
19680.0,1.778,1.9306,1.9363,0.234,0.219,0.1,1.577,0.1577,60.24
19690.0,1.8677,1.9515,1.933,0.254,0.25,0.1,1.01,0.101,60.27
19700.0,1.7465,1.9173,1.9014,0.266,0.281,0.1,0.946,0.0946,60.3
19710.0,1.8714,1.879,1.8779,0.262,0.281,0.1,2.363,0.2363,60.33
19720.0,1.8393,1.9131,1.9282,0.273,0.312,0.1,0.7883,0.07883,60.36
19730.0,1.8307,1.9403,1.9672,0.246,0.375,0.1,1.505,0.1505,60.4
19740.0,1.9598,1.9279,1.9113,0.227,0.156,0.1,1.449,0.1449,60.43
19750.0,2.0325,1.9464,1.9257,0.211,0.188,0.1,1.672,0.1672,60.46
19760.0,2.151,1.9313,1.8921,0.25,0.219,0.1,1.291,0.1291,60.49
19770.0,2.008,1.888,1.8769,0.285,0.281,0.1,1.047,0.1047,60.52
19780.0,1.9643,1.8929,1.9227,0.238,0.438,0.1,2.115,0.2115,60.55
19790.0,1.7805,1.8851,1.9432,0.242,0.312,0.1,1.252,0.1252,60.58
19800.0,1.7901,1.879,1.9383,0.23,0.344,0.1,0.9168,0.09168,60.61
19810.0,1.9264,1.8829,1.894,0.242,0.312,0.1,0.9222,0.09222,60.64
19820.0,2.0474,1.9262,1.9331,0.25,0.312,0.1,2.392,0.2392,60.67
19830.0,2.0961,1.9478,1.9265,0.262,0.156,0.1,2.477,0.2477,60.7
19840.0,2.047,1.8953,1.912,0.242,0.062,0.1,1.587,0.1587,60.73
19850.0,2.2123,1.9296,1.9376,0.25,0.062,0.1,0.7992,0.07992,60.77
19860.0,1.9432,1.9206,1.9097,0.246,0.25,0.1,0.9138,0.09138,60.8
19870.0,2.0426,1.866,1.9348,0.23,0.156,0.1,1.079,0.1079,60.83
19880.0,1.9957,1.8647,1.92,0.23,0.156,0.1,1.027,0.1027,60.86
19890.0,1.7799,1.8952,1.8811,0.258,0.281,0.1,0.6504,0.06504,60.89
19900.0,1.8976,1.9203,1.8831,0.27,0.344,0.1,1.136,0.1136,60.92
19910.0,1.8845,1.9076,1.9225,0.262,0.156,0.1,1.125,0.1125,60.95
19920.0,1.8902,1.9266,1.9034,0.281,0.344,0.1,0.7475,0.07475,60.98
19930.0,1.8443,1.9465,1.9145,0.254,0.156,0.1,0.9775,0.09775,61.01
19940.0,1.998,1.929,1.9159,0.254,0.25,0.1,0.7761,0.07761,61.04
19950.0,2.0047,1.8802,1.8904,0.238,0.188,0.1,5.807,0.5807,61.07
19960.0,1.8423,1.8871,1.972,0.223,0.406,0.1,1.438,0.1438,61.1
19970.0,1.9418,1.9403,1.9135,0.219,0.375,0.1,1.212,0.1212,61.13
19980.0,1.7885,1.8992,1.8909,0.258,0.469,0.1,0.968,0.0968,61.16
19990.0,1.9954,1.8813,1.9318,0.242,0.281,0.1,1.152,0.1152,61.19
20000.0,2.2846,1.9202,1.9457,0.223,0.219,0.1,2.506,0.2506,61.22
20010.0,1.857,1.9001,1.9069,0.254,0.312,0.1,0.9415,0.09415,61.25
20020.0,2.0865,1.8488,1.906,0.262,0.25,0.1,1.589,0.1589,61.28
20030.0,1.6808,1.8834,1.9111,0.23,0.344,0.1,0.766,0.0766,61.31
20040.0,2.039,1.9472,1.8953,0.242,0.188,0.1,1.256,0.1256,61.34
20050.0,1.7986,1.9165,1.9357,0.227,0.344,0.1,0.971,0.0971,61.37
20060.0,1.789,1.9082,1.9718,0.23,0.25,0.1,1.135,0.1135,61.41
20070.0,1.8609,1.9159,1.9134,0.258,0.25,0.1,1.329,0.1329,61.44
20080.0,2.0968,1.9415,1.9396,0.262,0.312,0.1,1.084,0.1084,61.47
20090.0,1.9941,1.9382,1.93,0.273,0.344,0.1,0.9333,0.09333,61.5
20100.0,1.744,1.9173,1.9059,0.25,0.312,0.1,1.888,0.1888,61.53
20110.0,1.7965,1.9007,1.9422,0.242,0.25,0.1,0.9869,0.09869,61.56
20120.0,1.8193,1.8526,1.934,0.262,0.188,0.1,1.054,0.1054,61.59
20130.0,1.8137,1.8746,1.9012,0.262,0.312,0.1,1.709,0.1709,61.62
20140.0,2.1826,1.9693,1.9649,0.25,0.188,0.1,1.519,0.1519,61.65
20150.0,1.8824,1.9589,1.9206,0.238,0.344,0.1,1.044,0.1044,61.69
20160.0,1.9287,1.9378,1.8904,0.254,0.219,0.1,0.8288,0.08288,61.72
20170.0,1.7702,1.9452,1.9333,0.27,0.375,0.1,1.055,0.1055,61.75
20180.0,2.0819,1.9759,2.0023,0.199,0.312,0.1,2.022,0.2022,61.78
20190.0,1.8544,2.0487,1.9715,0.242,0.375,0.1,1.657,0.1657,61.81
20200.0,1.7741,1.988,1.9913,0.207,0.312,0.1,2.906,0.2906,61.84
20210.0,2.0394,1.9618,1.9766,0.227,0.188,0.1,1.262,0.1262,61.87
20220.0,1.9491,1.9656,1.9061,0.266,0.219,0.1,0.6899,0.06899,61.9
20230.0,1.8911,1.939,1.897,0.25,0.281,0.1,1.104,0.1104,61.93
20240.0,1.6889,1.8922,1.8959,0.242,0.281,0.1,0.8193,0.08193,61.96
20250.0,2.0225,1.8974,1.8948,0.258,0.219,0.1,0.8231,0.08231,61.99
20260.0,1.6769,1.933,1.9051,0.234,0.219,0.1,0.8231,0.08231,62.02
20270.0,2.0205,1.8653,1.9408,0.219,0.125,0.1,1.025,0.1025,62.05
20280.0,1.9356,1.8451,1.9258,0.234,0.188,0.1,1.489,0.1489,62.08
20290.0,1.8631,1.914,1.9323,0.223,0.25,0.1,1.24,0.124,62.11
20300.0,1.9033,1.92,1.9002,0.23,0.281,0.1,1.415,0.1415,62.14
20310.0,1.8166,1.926,1.8889,0.262,0.25,0.1,0.8113,0.08113,62.17
20320.0,2.0894,2.0574,2.0339,0.227,0.281,0.1,1.463,0.1463,62.2
20330.0,1.8678,2.0932,1.9412,0.281,0.188,0.1,0.8775,0.08775,62.23
20340.0,1.716,1.9485,1.936,0.254,0.281,0.1,1.027,0.1027,62.26
20350.0,1.9274,1.9274,1.9681,0.223,0.094,0.1,1.022,0.1022,62.29
20360.0,1.9145,1.9794,1.9353,0.246,0.375,0.1,0.9799,0.09799,62.32
20370.0,1.9503,1.9362,1.9118,0.246,0.312,0.1,1.459,0.1459,62.35
20380.0,2.0101,1.9303,1.912,0.273,0.281,0.1,1.371,0.1371,62.38
20390.0,1.781,1.9174,1.9261,0.258,0.25,0.1,0.6668,0.06668,62.41
20400.0,1.7846,1.8962,1.9978,0.234,0.219,0.1,1.14,0.114,62.44
20410.0,1.83,1.8776,1.9401,0.262,0.25,0.1,1.866,0.1866,62.47
20420.0,1.941,1.9223,2.0151,0.195,0.156,0.1,1.042,0.1042,62.5
20430.0,1.6915,1.9393,1.9282,0.234,0.312,0.1,1.088,0.1088,62.53
20440.0,1.9689,1.8989,1.9063,0.227,0.188,0.1,1.067,0.1067,62.56
20450.0,1.8367,1.9246,1.8986,0.246,0.344,0.1,0.7495,0.07495,62.59
20460.0,1.8933,1.8997,1.902,0.23,0.344,0.1,1.224,0.1224,62.62
20470.0,1.8098,1.9016,1.8997,0.266,0.406,0.1,1.113,0.1113,62.66
20480.0,1.8175,1.9356,1.921,0.262,0.219,0.1,0.7177,0.07177,62.69
20490.0,1.9522,1.8882,1.9387,0.25,0.156,0.1,1.202,0.1202,62.72
20500.0,2.1246,1.8717,1.9311,0.234,0.219,0.1,1.757,0.1757,62.75
20510.0,1.8749,1.8729,1.9159,0.266,0.188,0.1,0.7179,0.07179,62.78
20520.0,1.7086,1.8601,1.9047,0.227,0.344,0.1,1.237,0.1237,62.81
20530.0,2.0232,1.8979,1.9332,0.242,0.188,0.1,1.966,0.1966,62.84
20540.0,1.8868,1.9155,1.9275,0.262,0.312,0.1,1.687,0.1687,62.87
20550.0,1.8345,1.9058,1.8954,0.273,0.375,0.1,0.869,0.0869,62.9
20560.0,1.7298,1.896,1.8953,0.246,0.25,0.1,1.2,0.12,62.93
20570.0,2.0914,1.9243,1.9018,0.266,0.281,0.1,1.253,0.1253,62.96
20580.0,2.0492,1.9372,1.8975,0.25,0.281,0.1,0.7512,0.07512,62.99
20590.0,1.8999,1.9212,1.9407,0.25,0.344,0.1,1.501,0.1501,63.02
20600.0,2.1779,1.9045,1.9355,0.223,0.219,0.1,0.7655,0.07655,63.05
20610.0,2.1073,1.9115,1.9935,0.211,0.25,0.1,2.285,0.2285,63.08
20620.0,1.8701,1.9259,1.9147,0.223,0.156,0.1,0.8024,0.08024,63.11
20630.0,1.5921,1.8908,1.9263,0.262,0.406,0.1,0.9289,0.09289,63.14
20640.0,1.9611,1.9047,1.9035,0.273,0.375,0.1,1.544,0.1544,63.17
20650.0,1.9586,1.9245,1.9645,0.234,0.281,0.1,1.182,0.1182,63.2
20660.0,1.8723,1.9282,1.9084,0.258,0.281,0.1,1.864,0.1864,63.23
20670.0,1.9248,1.9268,1.9088,0.215,0.312,0.1,1.442,0.1442,63.26
20680.0,1.8808,1.9148,1.9248,0.273,0.281,0.1,0.66,0.066,63.29
20690.0,1.6632,1.9021,1.8806,0.258,0.281,0.1,0.8366,0.08366,63.32
20700.0,2.0829,1.9354,1.9106,0.23,0.281,0.1,0.7322,0.07322,63.36
20710.0,1.934,1.9295,1.9273,0.219,0.281,0.1,1.141,0.1141,63.42
20720.0,1.9516,1.8705,1.8896,0.262,0.188,0.1,1.135,0.1135,63.45
20730.0,2.3867,1.858,1.9166,0.273,0.188,0.1,1.895,0.1895,63.48
20740.0,1.9943,1.886,1.8928,0.266,0.219,0.1,0.9805,0.09805,63.51
20750.0,1.8153,1.8797,1.9052,0.242,0.25,0.1,1.267,0.1267,63.54
20760.0,2.1656,1.8843,1.8992,0.238,0.188,0.1,1.524,0.1524,63.57
20770.0,1.8292,1.924,1.9034,0.25,0.281,0.1,0.8496,0.08496,63.6
20780.0,2.0309,1.9243,1.889,0.266,0.312,0.1,1.291,0.1291,63.63
20790.0,1.839,1.9554,1.8898,0.262,0.406,0.1,4.539,0.4539,63.66
20800.0,1.9538,1.9486,1.9262,0.246,0.344,0.1,1.153,0.1153,63.69
20810.0,1.916,1.9184,1.9026,0.289,0.281,0.1,1.182,0.1182,63.72
20820.0,1.9435,1.8964,1.9003,0.234,0.281,0.1,1.429,0.1429,63.75
20830.0,1.8376,1.8715,1.8903,0.277,0.344,0.1,2.615,0.2615,63.78
20840.0,2.0581,1.8892,1.9357,0.25,0.219,0.1,0.9047,0.09047,63.81
20850.0,1.8956,1.8674,1.9462,0.258,0.312,0.1,1.218,0.1218,63.84
20860.0,1.7741,1.866,1.9122,0.191,0.375,0.1,0.7052,0.07052,63.87
20870.0,1.8553,1.9559,1.9349,0.254,0.312,0.1,1.806,0.1806,63.9
20880.0,1.9907,1.97,1.9361,0.223,0.375,0.1,1.291,0.1291,63.93
20890.0,1.8035,1.9141,1.9202,0.211,0.219,0.1,1.28,0.128,63.96
20900.0,1.7681,1.9037,1.8925,0.238,0.281,0.1,0.7372,0.07372,63.99
20910.0,1.9976,1.9144,1.886,0.242,0.281,0.1,1.246,0.1246,64.02
20920.0,1.7988,1.8869,1.8953,0.23,0.25,0.1,1.316,0.1316,64.05
20930.0,1.9527,1.8833,1.9027,0.262,0.219,0.1,0.7487,0.07487,64.1
20940.0,2.1483,1.9547,1.9275,0.254,0.094,0.1,1.505,0.1505,64.15
20950.0,1.8137,1.958,1.9688,0.195,0.219,0.1,1.108,0.1108,64.18
20960.0,2.1601,1.9307,1.8867,0.25,0.156,0.1,1.026,0.1026,64.21
20970.0,1.8087,1.9552,1.9094,0.211,0.281,0.1,0.856,0.0856,64.24
20980.0,1.8775,1.9207,1.9047,0.223,0.344,0.1,2.261,0.2261,64.27
20990.0,1.6769,1.8375,1.9646,0.242,0.25,0.1,1.306,0.1306,64.3
21000.0,1.9753,1.8476,1.9737,0.211,0.25,0.1,1.473,0.1473,64.33
21010.0,1.8597,1.9104,1.9278,0.254,0.281,0.1,0.8129,0.08129,64.36
21020.0,1.7981,1.8807,1.9211,0.25,0.312,0.1,1.236,0.1236,64.39
21030.0,1.6554,1.8404,1.9147,0.25,0.312,0.1,0.9364,0.09364,64.42
21040.0,2.1339,1.8746,1.893,0.246,0.094,0.1,1.032,0.1032,64.45
21050.0,1.9467,1.9045,1.9062,0.234,0.25,0.1,0.944,0.0944,64.48
21060.0,1.993,1.9596,1.8974,0.238,0.188,0.1,1.266,0.1266,64.52
21070.0,1.6252,1.9581,1.9176,0.254,0.375,0.1,0.9923,0.09923,64.55
21080.0,1.8234,1.8627,1.8961,0.242,0.312,0.1,1.529,0.1529,64.58
21090.0,1.8238,1.8583,1.9207,0.215,0.219,0.1,1.189,0.1189,64.61
21100.0,1.8819,1.9171,1.9305,0.215,0.219,0.1,2.852,0.2852,64.64
21110.0,1.9129,1.9177,1.9519,0.227,0.219,0.1,1.006,0.1006,64.67
21120.0,2.0055,1.9128,1.9331,0.242,0.219,0.1,0.879,0.0879,64.7
21130.0,1.6035,1.8851,1.8953,0.262,0.438,0.1,1.02,0.102,64.73
21140.0,1.7574,1.8593,1.9007,0.227,0.25,0.1,1.055,0.1055,64.76
21150.0,1.888,1.8731,1.8955,0.246,0.281,0.1,0.8852,0.08852,64.79
21160.0,1.9413,1.8506,1.9131,0.273,0.25,0.1,2.146,0.2146,64.82
21170.0,1.9652,1.8868,1.8896,0.258,0.125,0.1,0.7519,0.07519,64.85
21180.0,1.9439,1.8814,1.9479,0.234,0.344,0.1,1.266,0.1266,64.88
21190.0,1.8938,1.8626,1.9326,0.215,0.312,0.1,1.202,0.1202,64.91
21200.0,1.7265,1.8746,1.9184,0.277,0.344,0.1,1.079,0.1079,64.94
21210.0,1.7569,1.873,1.9066,0.277,0.312,0.1,0.7338,0.07338,64.97
21220.0,1.795,1.8807,1.8762,0.266,0.344,0.1,0.8078,0.08078,65.0
21230.0,1.9137,1.8808,1.9169,0.238,0.375,0.1,1.498,0.1498,65.03
21240.0,2.0842,1.8748,1.8985,0.262,0.281,0.1,1.231,0.1231,65.06
21250.0,1.9476,1.9127,1.9156,0.258,0.25,0.1,1.736,0.1736,65.09
21260.0,1.7571,1.9115,1.9204,0.246,0.219,0.1,1.402,0.1402,65.12
21270.0,2.0308,1.8619,1.9694,0.215,0.188,0.1,0.6882,0.06882,65.15
21280.0,1.8563,1.8879,1.9118,0.238,0.219,0.1,0.9607,0.09607,65.18
21290.0,1.8554,1.8926,1.8887,0.242,0.375,0.1,0.7809,0.07809,65.21
21300.0,1.8975,1.8991,1.8928,0.242,0.25,0.1,0.7757,0.07757,65.24
21310.0,1.9232,1.9108,1.9048,0.234,0.188,0.1,1.033,0.1033,65.27
21320.0,1.6323,1.9259,1.9462,0.215,0.406,0.1,1.056,0.1056,65.3
21330.0,1.9345,1.9016,1.9105,0.238,0.25,0.1,0.932,0.0932,65.33
21340.0,2.1534,1.8874,1.9274,0.234,0.25,0.1,1.346,0.1346,65.36
21350.0,1.8855,1.9172,1.9041,0.242,0.25,0.1,0.7256,0.07256,65.39
21360.0,1.8124,1.8875,1.9075,0.27,0.312,0.1,1.247,0.1247,65.42
21370.0,1.8452,1.9099,1.9589,0.207,0.156,0.1,1.462,0.1462,65.45
21380.0,1.5839,1.8971,1.9593,0.238,0.344,0.1,1.047,0.1047,65.48
21390.0,1.8174,1.8414,1.8661,0.273,0.344,0.1,1.086,0.1086,65.51
21400.0,2.5181,1.8797,2.161,0.223,0.094,0.1,3.974,0.3974,65.54
21410.0,1.8739,1.8995,1.8992,0.262,0.219,0.1,0.9263,0.09263,65.57
21420.0,1.7919,1.8508,1.9031,0.262,0.312,0.1,0.9747,0.09747,65.6
21430.0,1.9877,1.8354,1.9369,0.234,0.375,0.1,1.192,0.1192,65.63
21440.0,1.8357,1.8138,1.9527,0.23,0.25,0.1,1.34,0.134,65.66
21450.0,2.0016,1.8634,1.9558,0.203,0.219,0.1,0.6543,0.06543,65.69
21460.0,1.9908,1.9297,1.937,0.238,0.219,0.1,0.7262,0.07262,65.72
21470.0,1.7285,1.9002,1.9043,0.246,0.344,0.1,0.9356,0.09356,65.75
21480.0,1.7178,1.8791,1.929,0.23,0.312,0.1,1.334,0.1334,65.78
21490.0,1.8725,1.8933,1.9174,0.227,0.375,0.1,0.9069,0.09069,65.81
21500.0,1.72,1.9128,1.9482,0.25,0.312,0.1,1.525,0.1525,65.84
21510.0,2.1381,1.9142,1.9198,0.266,0.219,0.1,1.475,0.1475,65.87
21520.0,1.8248,1.9256,1.9098,0.23,0.281,0.1,1.193,0.1193,65.9
21530.0,2.1679,1.896,1.9019,0.273,0.219,0.1,1.391,0.1391,65.93
21540.0,2.1147,1.8939,1.9316,0.277,0.031,0.1,1.471,0.1471,65.96
21550.0,1.8616,1.9054,1.9152,0.227,0.188,0.1,1.161,0.1161,65.99
21560.0,2.0282,1.9011,1.8938,0.227,0.219,0.1,1.184,0.1184,66.02
21570.0,1.6159,1.8712,1.9032,0.25,0.312,0.1,0.8545,0.08545,66.05
21580.0,1.9431,1.8692,1.8924,0.25,0.375,0.1,0.6866,0.06866,66.08
21590.0,1.8859,1.8918,1.9364,0.27,0.281,0.1,0.9874,0.09874,66.11
21600.0,1.7515,1.9027,1.9198,0.246,0.281,0.1,1.466,0.1466,66.14
21610.0,1.7945,1.9166,1.9132,0.281,0.188,0.1,0.7911,0.07911,66.17
21620.0,1.7391,1.871,1.9128,0.258,0.344,0.1,0.7024,0.07024,66.2
21630.0,1.9017,1.88,1.9005,0.238,0.219,0.1,0.9349,0.09349,66.23
21640.0,1.7673,1.8832,1.9225,0.227,0.312,0.1,0.9874,0.09874,66.26
21650.0,1.7358,1.8566,1.9198,0.215,0.344,0.1,1.512,0.1512,66.29
21660.0,2.1117,1.9097,1.9423,0.258,0.25,0.1,2.126,0.2126,66.32
21670.0,1.9574,1.9069,1.918,0.242,0.312,0.1,1.401,0.1401,66.35
21680.0,1.7789,1.8445,1.912,0.242,0.25,0.1,1.004,0.1004,66.38
21690.0,1.7952,1.8595,1.8976,0.242,0.312,0.1,1.366,0.1366,66.42
21700.0,1.9765,1.8954,1.8805,0.223,0.188,0.1,1.086,0.1086,66.45
21710.0,1.7334,1.9015,1.8905,0.246,0.344,0.1,1.188,0.1188,66.48
21720.0,1.8566,1.9241,1.8907,0.246,0.25,0.1,0.8684,0.08684,66.51
21730.0,1.6406,1.9017,1.8698,0.258,0.25,0.1,2.091,0.2091,66.54
21740.0,1.9112,1.8695,1.8953,0.246,0.188,0.1,1.354,0.1354,66.57
21750.0,1.8506,1.877,1.8784,0.258,0.281,0.1,1.101,0.1101,66.6
21760.0,1.8306,1.8418,1.9271,0.23,0.375,0.1,0.7314,0.07314,66.63
21770.0,1.9465,1.8308,1.9135,0.246,0.281,0.1,0.9207,0.09207,66.66
21780.0,1.8705,1.8836,1.9221,0.227,0.188,0.1,1.502,0.1502,66.69
21790.0,1.8432,1.8858,1.9208,0.223,0.188,0.1,1.226,0.1226,66.72
21800.0,1.6659,1.852,1.9132,0.25,0.281,0.1,2.102,0.2102,66.75
21810.0,1.883,1.8867,1.9489,0.254,0.281,0.1,0.9986,0.09986,66.78
21820.0,1.8553,1.9309,1.9147,0.266,0.219,0.1,1.026,0.1026,66.81
21830.0,1.7923,1.9154,1.9251,0.258,0.219,0.1,0.9021,0.09021,66.84
21840.0,1.7856,1.8702,1.9188,0.23,0.344,0.1,0.7006,0.07006,66.87
21850.0,2.179,1.8528,1.9535,0.227,0.281,0.1,1.843,0.1843,66.9
21860.0,1.8261,1.8661,1.9222,0.266,0.219,0.1,0.7975,0.07975,66.93
21870.0,1.6461,1.8527,1.9048,0.25,0.375,0.1,0.7931,0.07931,66.96
21880.0,1.8511,1.8874,1.896,0.258,0.312,0.1,1.225,0.1225,66.99
21890.0,1.8831,1.9355,1.9006,0.246,0.125,0.1,0.6456,0.06456,67.02
21900.0,1.7275,1.9348,1.8949,0.254,0.375,0.1,0.8616,0.08616,67.05
21910.0,2.0802,1.9257,1.8906,0.25,0.281,0.1,1.115,0.1115,67.08
21920.0,2.1046,1.8985,1.8753,0.242,0.312,0.1,1.023,0.1023,67.11
21930.0,1.8264,1.8141,1.9041,0.262,0.312,0.1,1.257,0.1257,67.14
21940.0,1.6264,1.8018,1.8796,0.277,0.344,0.1,0.8701,0.08701,67.17
21950.0,1.6626,1.8897,1.9132,0.227,0.312,0.1,1.22,0.122,67.2
21960.0,1.5977,1.8747,1.9487,0.246,0.344,0.1,1.263,0.1263,67.23
21970.0,2.161,1.8525,1.9492,0.246,0.281,0.1,1.204,0.1204,67.26
21980.0,1.7341,1.8351,1.9068,0.258,0.375,0.1,0.806,0.0806,67.29
21990.0,1.8702,1.8585,1.8904,0.25,0.25,0.1,1.132,0.1132,67.32
22000.0,1.7812,1.9109,1.9221,0.246,0.312,0.1,0.8682,0.08682,67.35
22010.0,2.022,1.9124,1.8876,0.242,0.188,0.1,0.8288,0.08288,67.38
22020.0,1.7976,1.9046,1.8955,0.242,0.25,0.1,0.7425,0.07425,67.44
22030.0,1.7329,1.8529,1.9005,0.258,0.281,0.1,0.9216,0.09216,67.48
22040.0,1.9939,1.8655,1.895,0.25,0.219,0.1,1.475,0.1475,67.51
22050.0,1.9114,1.9019,1.8969,0.254,0.156,0.1,0.8686,0.08686,67.54
22060.0,2.3057,1.9039,1.9258,0.203,0.188,0.1,1.514,0.1514,67.57
22070.0,1.9598,1.8733,1.9175,0.234,0.156,0.1,1.639,0.1639,67.6
22080.0,1.8479,1.8782,1.9431,0.246,0.281,0.1,0.7388,0.07388,67.63
22090.0,1.8103,1.9396,1.9498,0.219,0.344,0.1,0.7959,0.07959,67.66
22100.0,2.0356,1.9352,1.9763,0.215,0.219,0.1,1.931,0.1931,67.69
22110.0,1.8157,1.9134,1.9124,0.25,0.25,0.1,0.5746,0.05746,67.72
22120.0,1.7862,1.8775,1.9273,0.23,0.219,0.1,1.305,0.1305,67.75
22130.0,1.8638,1.8299,1.9372,0.223,0.312,0.1,1.898,0.1898,67.78
22140.0,2.0531,1.8613,1.9203,0.215,0.344,0.1,1.355,0.1355,67.81
22150.0,2.2572,1.9011,1.9106,0.258,0.062,0.1,1.816,0.1816,67.84
22160.0,1.7586,1.8764,1.9298,0.246,0.312,0.1,1.16,0.116,67.87
22170.0,1.645,1.882,1.9262,0.254,0.406,0.1,0.8976,0.08976,67.9
22180.0,1.972,1.9364,1.9025,0.27,0.312,0.1,1.061,0.1061,67.93
22190.0,1.8951,1.9289,1.8982,0.27,0.312,0.1,0.7296,0.07296,67.96
22200.0,1.76,1.9062,1.8776,0.281,0.406,0.1,3.128,0.3128,67.99
22210.0,1.9065,1.9105,1.9168,0.25,0.344,0.1,0.793,0.0793,68.02
22220.0,1.8823,1.8758,1.9359,0.262,0.188,0.1,1.303,0.1303,68.05
22230.0,2.0234,1.8503,1.9284,0.258,0.281,0.1,1.333,0.1333,68.08
22240.0,2.0661,1.8905,1.8809,0.293,0.344,0.1,1.423,0.1423,68.11
22250.0,1.7777,1.9242,1.893,0.297,0.344,0.1,1.349,0.1349,68.14
22260.0,1.9654,1.8957,1.9258,0.23,0.281,0.1,1.476,0.1476,68.17
22270.0,1.7562,1.8772,1.9079,0.266,0.312,0.1,0.7002,0.07002,68.2
22280.0,1.927,1.8592,1.8851,0.234,0.25,0.1,1.386,0.1386,68.23
22290.0,1.9382,1.8693,1.9058,0.234,0.344,0.1,1.059,0.1059,68.26
22300.0,1.7636,1.8762,1.9123,0.234,0.344,0.1,0.7422,0.07422,68.29
22310.0,1.8703,1.8736,1.8882,0.281,0.25,0.1,1.729,0.1729,68.32
22320.0,1.696,1.8966,1.8922,0.258,0.219,0.1,0.755,0.0755,68.35
22330.0,1.6379,1.8663,1.9033,0.238,0.469,0.1,0.972,0.0972,68.38
22340.0,2.0589,1.86,1.9294,0.258,0.188,0.1,1.41,0.141,68.41
22350.0,1.7088,1.8884,1.8993,0.27,0.188,0.1,1.234,0.1234,68.44
22360.0,1.7871,1.8948,1.9352,0.227,0.25,0.1,1.394,0.1394,68.48
22370.0,1.8696,1.8461,1.9452,0.25,0.344,0.1,1.506,0.1506,68.51
22380.0,1.927,1.866,1.939,0.234,0.406,0.1,1.069,0.1069,68.54
22390.0,1.8038,1.9227,1.9103,0.246,0.312,0.1,0.6562,0.06562,68.57
22400.0,1.7829,1.8823,1.9115,0.223,0.219,0.1,1.15,0.115,68.6
22410.0,1.7556,1.8538,1.9057,0.262,0.406,0.1,1.389,0.1389,68.63
22420.0,1.7419,1.8629,1.9566,0.215,0.344,0.1,0.5209,0.05209,68.66
22430.0,1.682,1.825,1.9091,0.242,0.312,0.1,0.6872,0.06872,68.69
22440.0,1.915,1.8214,1.9457,0.242,0.25,0.1,2.085,0.2085,68.72
22450.0,1.8954,1.8522,1.9034,0.227,0.344,0.1,1.256,0.1256,68.75
22460.0,2.0646,1.8366,1.9143,0.262,0.094,0.1,1.369,0.1369,68.78
22470.0,1.9527,1.8597,1.9731,0.227,0.25,0.1,1.863,0.1863,68.81
22480.0,1.6072,1.8681,1.9007,0.254,0.344,0.1,0.7876,0.07876,68.84
22490.0,1.7802,1.8429,1.9068,0.203,0.469,0.1,1.185,0.1185,68.87
22500.0,1.9178,1.892,1.9154,0.25,0.281,0.1,1.68,0.168,68.9
22510.0,1.7907,1.9217,1.9299,0.219,0.312,0.1,0.6945,0.06945,68.93
22520.0,1.9652,1.9262,1.8786,0.254,0.312,0.1,0.7292,0.07292,68.96
22530.0,1.817,1.8941,1.9033,0.238,0.094,0.1,1.764,0.1764,68.99
22540.0,1.8834,1.8153,1.9023,0.242,0.188,0.1,2.099,0.2099,69.02
22550.0,1.9381,1.873,1.9415,0.219,0.25,0.1,1.913,0.1913,69.05
22560.0,1.8735,1.9367,1.9049,0.223,0.188,0.1,0.841,0.0841,69.08
22570.0,2.125,1.9422,1.9296,0.242,0.219,0.1,2.06,0.206,69.11
22580.0,1.9077,1.9024,1.9047,0.207,0.188,0.1,0.9403,0.09403,69.14
22590.0,1.6661,1.8678,1.8877,0.246,0.219,0.1,0.9697,0.09697,69.17
22600.0,1.85,1.8501,1.8802,0.262,0.219,0.1,1.135,0.1135,69.2
22610.0,2.018,1.8623,1.8678,0.262,0.25,0.1,1.068,0.1068,69.23
22620.0,1.6788,1.8803,1.9452,0.188,0.312,0.1,0.9103,0.09103,69.26
22630.0,1.8045,1.8421,1.8769,0.238,0.312,0.1,0.7125,0.07125,69.29
22640.0,2.0006,1.8674,1.871,0.258,0.312,0.1,0.8507,0.08507,69.32
22650.0,1.6906,1.8865,1.894,0.266,0.312,0.1,2.053,0.2053,69.35
22660.0,1.827,1.8789,1.9011,0.234,0.281,0.1,1.59,0.159,69.38
22670.0,1.8299,1.923,1.9105,0.223,0.312,0.1,0.9276,0.09276,69.41
22680.0,1.8207,1.8997,1.8832,0.246,0.312,0.1,0.6782,0.06782,69.44
22690.0,1.9179,1.85,2.0162,0.199,0.312,0.1,1.481,0.1481,69.47
22700.0,1.7875,1.8871,1.9452,0.211,0.219,0.1,1.295,0.1295,69.5
22710.0,1.8379,1.9108,1.9265,0.25,0.281,0.1,1.015,0.1015,69.53
22720.0,1.8168,1.8989,1.9021,0.27,0.375,0.1,0.9628,0.09628,69.56
22730.0,2.0331,1.8918,1.8775,0.258,0.375,0.1,0.9275,0.09275,69.59
22740.0,1.9494,1.8995,1.8791,0.242,0.344,0.1,1.675,0.1675,69.62
22750.0,1.8188,1.9088,1.8764,0.242,0.312,0.1,0.9307,0.09307,69.65
22760.0,1.9257,1.9316,1.8815,0.246,0.219,0.1,1.026,0.1026,69.68
22770.0,1.8049,1.8992,1.9109,0.25,0.312,0.1,1.198,0.1198,69.71
22780.0,1.901,1.8301,1.9329,0.223,0.219,0.1,0.6756,0.06756,69.74
22790.0,1.8867,1.8532,1.8938,0.246,0.219,0.1,1.085,0.1085,69.77
22800.0,1.8721,1.9013,1.9064,0.262,0.25,0.1,0.9826,0.09826,69.8
22810.0,1.9089,1.9107,1.8984,0.238,0.312,0.1,0.909,0.0909,69.83
22820.0,2.0348,1.8719,1.9167,0.238,0.281,0.1,1.211,0.1211,69.86
22830.0,1.6553,1.8208,1.9048,0.23,0.219,0.1,0.8507,0.08507,69.89
22840.0,2.2417,1.8934,1.918,0.23,0.25,0.1,1.823,0.1823,69.93
22850.0,1.8925,1.9166,1.8847,0.262,0.375,0.1,0.8147,0.08147,69.96
22860.0,2.2358,1.8799,1.9067,0.219,0.125,0.1,1.348,0.1348,69.99
22870.0,1.6179,1.8723,1.8842,0.289,0.344,0.1,1.084,0.1084,70.02
22880.0,1.793,1.8581,1.9147,0.23,0.25,0.1,1.227,0.1227,70.05
22890.0,1.7738,1.8648,1.9382,0.203,0.281,0.1,1.045,0.1045,70.08
22900.0,1.5508,1.8658,1.9063,0.246,0.406,0.1,0.9525,0.09525,70.11
22910.0,2.2891,1.8727,1.9626,0.215,0.062,0.1,2.394,0.2394,70.14
22920.0,1.8098,1.8958,1.9295,0.207,0.188,0.1,0.7447,0.07447,70.17
22930.0,1.8087,1.8757,1.9073,0.258,0.344,0.1,1.15,0.115,70.2
22940.0,1.9188,1.851,1.9106,0.238,0.312,0.1,1.106,0.1106,70.23
22950.0,2.0084,1.8806,1.9105,0.246,0.25,0.1,1.22,0.122,70.26
22960.0,1.8572,1.9021,1.9594,0.223,0.281,0.1,1.223,0.1223,70.29
22970.0,1.9816,1.9261,1.9019,0.285,0.25,0.1,0.7253,0.07253,70.33
22980.0,1.9099,1.9278,1.9313,0.262,0.219,0.1,1.412,0.1412,70.38
22990.0,1.8168,1.9279,1.904,0.227,0.312,0.1,1.091,0.1091,70.42
23000.0,1.8697,1.908,1.8798,0.266,0.312,0.1,0.7223,0.07223,70.45
23010.0,1.9786,1.8672,1.8953,0.262,0.219,0.1,1.052,0.1052,70.48
23020.0,1.9242,1.8703,1.9252,0.25,0.312,0.1,1.101,0.1101,70.51
23030.0,2.094,1.9295,1.8928,0.281,0.156,0.1,1.789,0.1789,70.54
23040.0,1.7021,1.8934,1.8981,0.262,0.375,0.1,1.232,0.1232,70.57
23050.0,1.5377,1.8445,1.8748,0.258,0.375,0.1,0.7012,0.07012,70.6
23060.0,1.8028,1.86,1.8672,0.25,0.219,0.1,1.182,0.1182,70.63
23070.0,1.7488,1.8422,1.8986,0.23,0.188,0.1,0.9221,0.09221,70.66
23080.0,1.7618,1.837,1.9035,0.211,0.188,0.1,1.246,0.1246,70.68
23090.0,1.8116,1.8463,1.9064,0.238,0.25,0.1,0.569,0.0569,70.71
23100.0,1.9351,1.8962,1.9111,0.27,0.25,0.1,0.8974,0.08974,70.74
23110.0,1.9563,1.9306,1.8926,0.262,0.219,0.1,0.5949,0.05949,70.77
23120.0,1.831,1.8757,1.9153,0.266,0.375,0.1,0.9724,0.09724,70.8
23130.0,1.7871,1.865,1.8846,0.254,0.25,0.1,0.9524,0.09524,70.83
23140.0,1.7883,1.8914,1.9105,0.238,0.188,0.1,0.6692,0.06692,70.86
23150.0,1.8937,1.8867,1.9227,0.199,0.281,0.1,2.304,0.2304,70.89
23160.0,1.7715,1.8948,1.887,0.223,0.406,0.1,1.091,0.1091,70.92
23170.0,1.9078,1.8764,1.919,0.246,0.188,0.1,0.9752,0.09752,70.95
23180.0,1.6923,1.8285,1.9007,0.23,0.25,0.1,1.718,0.1718,70.98
23190.0,1.8134,1.8367,1.9276,0.234,0.344,0.1,1.405,0.1405,71.01
23200.0,1.8856,1.9057,1.9026,0.262,0.312,0.1,0.8862,0.08862,71.04
23210.0,2.0496,1.9527,1.9189,0.223,0.25,0.1,1.412,0.1412,71.07
23220.0,2.1979,1.9445,1.931,0.254,0.25,0.1,1.137,0.1137,71.1
23230.0,1.8125,1.9187,1.9123,0.227,0.344,0.1,1.153,0.1153,71.13
23240.0,1.9175,1.8837,1.9138,0.227,0.219,0.1,0.956,0.0956,71.16
23250.0,2.0021,1.8546,1.8919,0.27,0.219,0.1,0.9776,0.09776,71.19
23260.0,2.0617,1.8779,1.8831,0.242,0.312,0.1,1.571,0.1571,71.21
23270.0,1.8119,1.9473,1.9134,0.246,0.312,0.1,1.285,0.1285,71.24
23280.0,1.9571,1.9568,1.9228,0.238,0.312,0.1,1.75,0.175,71.27
23290.0,1.9178,1.8994,1.8842,0.285,0.188,0.1,1.133,0.1133,71.3
23300.0,1.8089,1.87,1.9297,0.238,0.312,0.1,1.129,0.1129,71.33
23310.0,1.8907,1.8799,1.9485,0.258,0.25,0.1,1.422,0.1422,71.36
23320.0,1.5516,1.834,1.8939,0.266,0.406,0.1,1.688,0.1688,71.39
23330.0,1.7067,1.8286,1.9193,0.23,0.375,0.1,1.09,0.109,71.42
23340.0,2.0019,1.8982,1.9096,0.25,0.344,0.1,1.406,0.1406,71.45
23350.0,2.0278,1.8763,1.8881,0.242,0.188,0.1,0.9248,0.09248,71.48
23360.0,1.9595,1.8546,1.8949,0.266,0.281,0.1,2.141,0.2141,71.51
23370.0,2.0473,1.8416,1.9045,0.23,0.312,0.1,1.267,0.1267,71.54
23380.0,1.9571,1.884,1.8988,0.23,0.406,0.1,0.7891,0.07891,71.57
23390.0,1.7007,1.9056,1.8911,0.262,0.344,0.1,1.381,0.1381,71.6
23400.0,1.8779,1.8605,1.9014,0.234,0.281,0.1,1.022,0.1022,71.63
23410.0,1.688,1.866,1.8674,0.285,0.438,0.1,0.9429,0.09429,71.66
23420.0,1.7882,1.9087,1.9202,0.27,0.219,0.1,0.9486,0.09486,71.68
23430.0,1.7095,1.9121,1.864,0.297,0.219,0.1,1.07,0.107,71.72
23440.0,1.9611,1.8966,1.9268,0.238,0.281,0.1,0.7172,0.07172,71.74
23450.0,1.9002,1.908,1.913,0.27,0.219,0.1,1.51,0.151,71.77
23460.0,1.7253,1.8968,1.9271,0.254,0.375,0.1,1.506,0.1506,71.8
23470.0,1.4937,1.8506,1.8946,0.27,0.375,0.1,0.9646,0.09646,71.83
23480.0,1.8831,1.8493,1.8837,0.277,0.188,0.1,1.185,0.1185,71.86
23490.0,1.7243,1.8656,1.9172,0.246,0.219,0.1,1.141,0.1141,71.89
23500.0,1.8728,1.8691,1.9468,0.207,0.25,0.1,1.192,0.1192,71.92
23510.0,1.7162,1.8675,1.888,0.234,0.312,0.1,0.8732,0.08732,71.95
23520.0,1.8591,1.8922,1.9247,0.215,0.375,0.1,1.199,0.1199,71.98
23530.0,1.7057,1.8995,1.8917,0.246,0.25,0.1,1.215,0.1215,72.01
23540.0,1.8315,1.903,1.8916,0.266,0.281,0.1,0.7936,0.07936,72.04
23550.0,1.8808,1.8993,1.8927,0.266,0.312,0.1,0.8261,0.08261,72.07
23560.0,2.0356,1.8662,1.8619,0.277,0.25,0.1,1.528,0.1528,72.1
23570.0,1.6981,1.874,1.9171,0.258,0.344,0.1,1.057,0.1057,72.13
23580.0,1.9931,1.8486,1.8744,0.258,0.281,0.1,1.421,0.1421,72.16
23590.0,1.842,1.8856,1.9245,0.238,0.406,0.1,1.401,0.1401,72.19
23600.0,1.7476,1.9216,1.8819,0.266,0.25,0.1,0.7259,0.07259,72.22
23610.0,1.7652,1.8987,1.8657,0.266,0.219,0.1,1.466,0.1466,72.25
23620.0,1.8162,1.9083,1.9161,0.227,0.281,0.1,1.688,0.1688,72.27
23630.0,1.8893,1.8876,1.8797,0.285,0.156,0.1,1.051,0.1051,72.3
23640.0,1.7855,1.8671,1.8963,0.258,0.344,0.1,0.9272,0.09272,72.33
23650.0,2.0495,1.8727,1.9032,0.227,0.219,0.1,0.8969,0.08969,72.36
23660.0,1.9934,1.8492,1.8842,0.25,0.312,0.1,1.206,0.1206,72.39
23670.0,1.779,1.8606,1.9,0.262,0.312,0.1,1.225,0.1225,72.42
23680.0,1.7199,1.857,1.8965,0.23,0.406,0.1,1.264,0.1264,72.46
23690.0,1.9631,1.885,1.9021,0.238,0.312,0.1,0.9055,0.09055,72.49
23700.0,1.922,1.9235,1.9075,0.238,0.281,0.1,0.9985,0.09985,72.52
23710.0,1.9109,1.8496,1.9016,0.258,0.219,0.1,0.9259,0.09259,72.55
23720.0,1.8739,1.8341,1.9157,0.23,0.25,0.1,1.525,0.1525,72.58
23730.0,2.0613,1.9008,1.9044,0.273,0.344,0.1,1.196,0.1196,72.61
23740.0,1.7699,1.9146,1.894,0.262,0.281,0.1,1.028,0.1028,72.64
23750.0,1.7382,1.8909,1.9301,0.242,0.406,0.1,1.402,0.1402,72.67
23760.0,2.0785,1.9096,1.8885,0.27,0.281,0.1,1.068,0.1068,72.7
23770.0,2.0189,1.9206,1.9028,0.254,0.219,0.1,1.549,0.1549,72.73
23780.0,1.8927,1.89,1.9001,0.23,0.312,0.1,0.5585,0.05585,72.76
23790.0,1.936,1.8571,1.9187,0.234,0.25,0.1,0.9029,0.09029,72.79
23800.0,1.8435,1.8101,1.8905,0.25,0.312,0.1,1.462,0.1462,72.81
23810.0,1.9512,1.8334,1.8956,0.203,0.188,0.1,1.212,0.1212,72.84
23820.0,1.7085,1.8268,1.8848,0.234,0.281,0.1,0.9969,0.09969,72.87
23830.0,2.1744,1.8342,1.9649,0.246,0.219,0.1,1.691,0.1691,72.9
23840.0,1.8517,1.8805,1.8932,0.234,0.312,0.1,0.9722,0.09722,72.93
23850.0,1.8363,1.856,1.9252,0.227,0.375,0.1,1.004,0.1004,72.96
23860.0,1.9699,1.9099,1.9058,0.246,0.125,0.1,0.8613,0.08613,72.99
23870.0,1.6836,1.8957,1.8997,0.266,0.406,0.1,1.039,0.1039,73.02
23880.0,1.9122,1.8418,1.902,0.281,0.344,0.1,2.356,0.2356,73.05
23890.0,2.1799,1.8996,1.8954,0.258,0.25,0.1,1.608,0.1608,73.08
23900.0,1.8897,1.9056,1.907,0.27,0.312,0.1,1.232,0.1232,73.11
23910.0,1.9925,1.8948,1.8905,0.254,0.219,0.1,1.146,0.1146,73.14
23920.0,1.7777,1.8978,1.8868,0.234,0.438,0.1,0.839,0.0839,73.17
23930.0,1.9993,1.8396,1.8997,0.27,0.406,0.1,0.7823,0.07823,73.2
23940.0,1.8364,1.8677,1.8795,0.277,0.406,0.1,1.015,0.1015,73.22
23950.0,1.8973,1.8539,1.9226,0.238,0.188,0.1,1.43,0.143,73.25
23960.0,1.9874,1.8216,1.9297,0.258,0.25,0.1,1.1,0.11,73.28
23970.0,1.6615,1.8849,1.8961,0.25,0.312,0.1,0.8989,0.08989,73.31
23980.0,1.7495,1.8871,1.8941,0.25,0.344,0.1,1.578,0.1578,73.34
23990.0,2.1053,1.9089,1.8828,0.242,0.219,0.1,1.362,0.1362,73.37
24000.0,2.1387,1.8795,1.9533,0.227,0.219,0.1,1.036,0.1036,73.4
24010.0,1.7279,1.8505,1.878,0.27,0.312,0.1,0.9722,0.09722,73.43
24020.0,1.7595,1.8854,1.9078,0.254,0.219,0.1,1.028,0.1028,73.46
24030.0,2.0154,1.8795,1.8954,0.258,0.156,0.1,1.075,0.1075,73.49
24040.0,2.0309,1.8655,1.9161,0.254,0.188,0.1,1.994,0.1994,73.52
24050.0,2.0137,1.8476,1.9078,0.246,0.125,0.1,1.216,0.1216,73.55
24060.0,1.9564,1.8522,1.9505,0.238,0.281,0.1,1.262,0.1262,73.58
24070.0,2.1344,1.8712,1.9013,0.25,0.25,0.1,1.36,0.136,73.61
24080.0,1.7008,1.869,1.9152,0.25,0.438,0.1,1.09,0.109,73.64
24090.0,2.0884,1.9085,1.8942,0.254,0.281,0.1,0.8756,0.08756,73.67
24100.0,1.9071,1.9239,1.8812,0.258,0.281,0.1,1.498,0.1498,73.7
24110.0,1.6974,1.8848,1.9073,0.238,0.344,0.1,1.251,0.1251,73.72
24120.0,1.7534,1.8808,1.8961,0.262,0.344,0.1,0.9698,0.09698,73.75
24130.0,1.9545,1.873,1.9349,0.211,0.125,0.1,1.449,0.1449,73.78
24140.0,1.8666,1.8475,1.9753,0.23,0.188,0.1,1.113,0.1113,73.81
24150.0,1.9603,1.8408,1.9103,0.27,0.281,0.1,0.841,0.0841,73.84
24160.0,1.7133,1.8518,1.9099,0.281,0.375,0.1,1.427,0.1427,73.87
24170.0,1.6515,1.8473,1.9231,0.23,0.375,0.1,0.9554,0.09554,73.9
24180.0,1.63,1.8562,1.9107,0.23,0.281,0.1,0.776,0.0776,73.93
24190.0,1.8593,1.8713,1.904,0.234,0.281,0.1,0.9753,0.09753,73.96
24200.0,1.9418,1.8775,1.9063,0.254,0.219,0.1,0.7508,0.07508,73.99
24210.0,1.7616,1.8736,1.8791,0.266,0.312,0.1,1.082,0.1082,74.02
24220.0,1.6975,1.8387,1.8946,0.25,0.312,0.1,1.248,0.1248,74.05
24230.0,1.781,1.868,1.9372,0.242,0.188,0.1,1.258,0.1258,74.08
24240.0,1.8358,1.9048,1.901,0.246,0.375,0.1,1.164,0.1164,74.11
24250.0,1.9139,1.8877,1.8986,0.27,0.344,0.1,0.9722,0.09722,74.13
24260.0,1.8067,1.8507,1.9192,0.223,0.312,0.1,1.229,0.1229,74.16
24270.0,1.9639,1.896,1.8941,0.266,0.219,0.1,1.008,0.1008,74.2
24280.0,1.8709,1.9515,1.8854,0.258,0.25,0.1,0.7624,0.07624,74.23
24290.0,1.7898,1.8772,1.9171,0.211,0.156,0.1,1.07,0.107,74.26
24300.0,1.6011,1.8495,1.8947,0.25,0.469,0.1,1.121,0.1121,74.29
24310.0,2.0457,1.8944,1.9059,0.219,0.156,0.1,0.9314,0.09314,74.32
24320.0,1.8326,1.9095,1.896,0.246,0.281,0.1,1.172,0.1172,74.35
24330.0,1.7458,1.9165,1.8999,0.242,0.438,0.1,0.9723,0.09723,74.38
24340.0,1.9509,1.8764,1.9018,0.246,0.25,0.1,1.122,0.1122,74.41
24350.0,2.1191,1.8717,1.8759,0.262,0.219,0.1,1.023,0.1023,74.44
24360.0,1.8951,1.9105,1.8789,0.262,0.156,0.1,0.8156,0.08156,74.47
24370.0,1.8503,1.8467,1.8965,0.246,0.344,0.1,1.962,0.1962,74.5
24380.0,2.0421,1.836,1.8949,0.234,0.25,0.1,0.6974,0.06974,74.53
24390.0,1.8834,1.8822,1.9568,0.203,0.344,0.1,1.224,0.1224,74.56
24400.0,1.844,1.895,1.8898,0.273,0.344,0.1,0.9513,0.09513,74.59
24410.0,1.8369,1.8845,1.8904,0.254,0.406,0.1,1.116,0.1116,74.62
24420.0,2.0556,1.9128,1.9046,0.266,0.156,0.1,0.9305,0.09305,74.65
24430.0,2.0608,1.9389,1.8951,0.258,0.188,0.1,1.419,0.1419,74.68
24440.0,1.848,1.9034,1.8891,0.242,0.344,0.1,0.623,0.0623,74.71
24450.0,1.8724,1.8689,1.8899,0.266,0.312,0.1,0.8225,0.08225,74.74
24460.0,1.8997,1.8319,1.8982,0.234,0.219,0.1,1.201,0.1201,74.77
24470.0,1.8128,1.8216,1.9131,0.23,0.125,0.1,1.353,0.1353,74.8
24480.0,1.9031,1.8205,1.8893,0.266,0.312,0.1,1.663,0.1663,74.83
24490.0,1.7675,1.8684,1.9417,0.242,0.188,0.1,1.168,0.1168,74.85
24500.0,1.8505,1.9384,1.8702,0.246,0.375,0.1,1.286,0.1286,74.88
24510.0,1.9005,1.8959,1.8979,0.227,0.281,0.1,1.588,0.1588,74.91
24520.0,1.942,1.8634,1.9038,0.219,0.219,0.1,1.407,0.1407,74.94
24530.0,1.7971,1.8923,1.9144,0.258,0.156,0.1,1.144,0.1144,74.97
24540.0,1.7723,1.8931,1.8869,0.262,0.344,0.1,0.8246,0.08246,75.0
24550.0,1.5036,1.8544,1.8869,0.293,0.344,0.1,1.134,0.1134,75.03
24560.0,1.8908,1.7915,1.8837,0.273,0.281,0.1,1.08,0.108,75.06
24570.0,1.6835,1.7762,1.9405,0.25,0.406,0.1,1.361,0.1361,75.09
24580.0,1.8556,1.8291,1.89,0.234,0.219,0.1,1.494,0.1494,75.12
24590.0,1.9738,1.8887,1.9542,0.254,0.156,0.1,1.123,0.1123,75.16
24600.0,2.1379,1.9208,1.9027,0.273,0.156,0.1,1.073,0.1073,75.19
24610.0,1.9331,1.9018,1.8795,0.266,0.344,0.1,1.069,0.1069,75.22
24620.0,1.601,1.8077,1.8877,0.246,0.344,0.1,0.9026,0.09026,75.25
24630.0,2.0197,1.7969,1.9091,0.27,0.125,0.1,0.929,0.0929,75.28
24640.0,2.0711,1.8687,1.8856,0.258,0.188,0.1,1.087,0.1087,75.31
24650.0,1.9387,1.901,1.8717,0.254,0.312,0.1,1.947,0.1947,75.34
24660.0,1.7182,1.911,1.8919,0.254,0.344,0.1,0.7113,0.07113,75.37
24670.0,1.7202,1.9077,1.879,0.246,0.438,0.1,1.16,0.116,75.4
24680.0,1.847,1.8836,1.8994,0.246,0.344,0.1,0.8349,0.08349,75.43
24690.0,1.9187,1.8898,1.9056,0.262,0.156,0.1,1.17,0.117,75.46
24700.0,1.8792,1.8824,1.8858,0.254,0.219,0.1,1.622,0.1622,75.49
24710.0,1.8814,1.8472,1.8862,0.27,0.312,0.1,1.465,0.1465,75.52
24720.0,1.7382,1.8311,1.8823,0.277,0.281,0.1,1.139,0.1139,75.55
24730.0,1.7751,1.8455,1.8909,0.277,0.25,0.1,0.8531,0.08531,75.58
24740.0,1.6716,1.8578,1.9003,0.297,0.375,0.1,0.969,0.0969,75.61
24750.0,1.8549,1.908,1.8927,0.23,0.125,0.1,1.314,0.1314,75.64
24760.0,1.701,1.9355,1.9022,0.266,0.375,0.1,1.015,0.1015,75.66
24770.0,1.9442,1.8765,1.8732,0.262,0.25,0.1,0.836,0.0836,75.69
24780.0,1.8484,1.8077,1.9389,0.254,0.312,0.1,1.17,0.117,75.72
24790.0,1.7815,1.8043,1.8845,0.254,0.281,0.1,0.9072,0.09072,75.75
24800.0,1.7669,1.8408,1.9056,0.219,0.281,0.1,0.9385,0.09385,75.78
24810.0,1.9906,1.8722,1.8938,0.234,0.219,0.1,0.8266,0.08266,75.81
24820.0,1.8138,1.9103,1.9062,0.23,0.25,0.1,0.9244,0.09244,75.84
24830.0,2.0605,1.9059,1.877,0.266,0.281,0.1,2.148,0.2148,75.87
24840.0,1.6596,1.8262,1.899,0.285,0.344,0.1,1.293,0.1293,75.9
24850.0,1.6626,1.7869,1.8723,0.254,0.312,0.1,1.375,0.1375,75.93
24860.0,1.74,1.8162,1.9163,0.246,0.312,0.1,1.559,0.1559,75.96
24870.0,1.9028,1.8445,1.8761,0.25,0.25,0.1,0.9946,0.09946,75.99
24880.0,1.9267,1.8263,1.9618,0.207,0.312,0.1,1.998,0.1998,76.01
24890.0,1.933,1.819,1.8846,0.258,0.406,0.1,1.492,0.1492,76.04
24900.0,1.8444,1.8276,1.88,0.242,0.438,0.1,0.8869,0.08869,76.07
24910.0,1.9183,1.8254,1.8719,0.27,0.344,0.1,1.068,0.1068,76.1
24920.0,1.7394,1.8445,1.9241,0.199,0.312,0.1,1.001,0.1001,76.13
24930.0,1.8995,1.839,1.879,0.266,0.188,0.1,0.9407,0.09407,76.16
24940.0,1.7573,1.8388,1.8779,0.254,0.219,0.1,0.8899,0.08899,76.19
24950.0,1.8064,1.8372,1.8977,0.254,0.312,0.1,1.04,0.104,76.22
24960.0,1.9791,1.8716,1.9047,0.23,0.344,0.1,1.309,0.1309,76.25
24970.0,1.8826,1.9005,1.9203,0.242,0.438,0.1,1.38,0.138,76.28
24980.0,2.0819,1.8895,1.887,0.227,0.125,0.1,1.166,0.1166,76.31
24990.0,1.5637,1.8455,1.8761,0.254,0.312,0.1,0.8927,0.08927,76.34
25000.0,1.8515,1.8301,1.883,0.246,0.281,0.1,1.176,0.1176,76.37
25010.0,1.7594,1.8469,1.8902,0.266,0.312,0.1,0.979,0.0979,76.4
25020.0,1.689,1.8801,1.9112,0.219,0.375,0.1,0.9261,0.09261,76.43
25030.0,1.8715,1.8795,1.8874,0.25,0.344,0.1,1.185,0.1185,76.46
25040.0,1.6804,1.8837,1.9003,0.234,0.375,0.1,1.088,0.1088,76.49
25050.0,1.788,1.9132,1.9059,0.25,0.375,0.1,1.073,0.1073,76.52
25060.0,1.7612,1.8649,1.9169,0.215,0.406,0.1,1.465,0.1465,76.55
25070.0,1.9148,1.8696,1.8767,0.254,0.375,0.1,0.8284,0.08284,76.58
25080.0,1.9062,1.8982,1.8897,0.25,0.312,0.1,0.9467,0.09467,76.6
25090.0,1.9511,1.9125,1.9303,0.262,0.281,0.1,2.349,0.2349,76.63
25100.0,1.8135,1.9052,1.8626,0.25,0.188,0.1,1.54,0.154,76.66
25110.0,1.616,1.8765,1.8817,0.273,0.438,0.1,0.808,0.0808,76.69
25120.0,1.61,1.8628,1.9189,0.25,0.312,0.1,1.061,0.1061,76.72
25130.0,1.7401,1.8732,1.9027,0.238,0.25,0.1,1.108,0.1108,76.76
25140.0,1.8808,1.8909,1.8854,0.258,0.344,0.1,1.597,0.1597,76.79
25150.0,2.1372,1.8686,1.9062,0.266,0.188,0.1,1.619,0.1619,76.82
25160.0,1.7483,1.8758,1.8731,0.262,0.281,0.1,0.8896,0.08896,76.85
25170.0,1.9729,1.8632,1.8735,0.273,0.281,0.1,1.197,0.1197,76.87
25180.0,1.6669,1.8402,1.9253,0.246,0.344,0.1,0.8588,0.08588,76.9
25190.0,1.9703,1.8622,1.873,0.293,0.375,0.1,0.9194,0.09194,76.93
25200.0,1.8775,1.872,1.9125,0.219,0.25,0.1,1.202,0.1202,76.96
25210.0,1.9251,1.8483,1.8681,0.301,0.188,0.1,0.8315,0.08315,76.99
25220.0,1.9029,1.8477,1.876,0.277,0.406,0.1,1.124,0.1124,77.02
25230.0,1.8914,1.8785,1.8831,0.281,0.25,0.1,0.7698,0.07698,77.05
25240.0,1.9851,1.8987,1.8876,0.242,0.094,0.1,0.8812,0.08812,77.08
25250.0,1.86,1.8824,1.894,0.246,0.125,0.1,0.9724,0.09724,77.11
25260.0,1.9394,1.8892,1.8619,0.254,0.25,0.1,0.9596,0.09596,77.14
25270.0,1.7133,1.8556,1.8988,0.23,0.281,0.1,1.759,0.1759,77.17
25280.0,1.7292,1.8324,1.8822,0.266,0.312,0.1,0.7946,0.07946,77.2
25290.0,1.6388,1.8174,1.8884,0.281,0.219,0.1,0.7231,0.07231,77.24
25300.0,2.1379,1.8461,1.8912,0.266,0.188,0.1,1.262,0.1262,77.27
25310.0,1.6532,1.9039,1.9014,0.281,0.344,0.1,0.9144,0.09144,77.3
25320.0,1.9053,1.86,1.9358,0.258,0.156,0.1,1.388,0.1388,77.33
25330.0,2.1082,1.8825,1.9416,0.254,0.156,0.1,2.381,0.2381,77.36
25340.0,1.8761,1.9156,1.8864,0.234,0.406,0.1,0.7391,0.07391,77.39
25350.0,1.9829,1.8898,1.8924,0.227,0.25,0.1,0.877,0.0877,77.42
25360.0,2.1915,1.8789,1.9104,0.234,0.188,0.1,1.506,0.1506,77.45
25370.0,2.0576,1.8756,1.9293,0.195,0.25,0.1,1.169,0.1169,77.48
25380.0,1.643,1.8533,1.9043,0.215,0.219,0.1,0.9972,0.09972,77.51
25390.0,1.8938,1.8339,1.9321,0.215,0.219,0.1,1.021,0.1021,77.54
25400.0,1.777,1.8291,1.8732,0.27,0.25,0.1,0.952,0.0952,77.57
25410.0,1.8306,1.863,1.8757,0.254,0.281,0.1,0.6668,0.06668,77.6
25420.0,1.4414,1.843,1.8825,0.262,0.438,0.1,0.9972,0.09972,77.62
25430.0,1.7049,1.8116,1.884,0.266,0.438,0.1,1.56,0.156,77.65
25440.0,1.7776,1.8661,1.9004,0.258,0.312,0.1,0.9606,0.09606,77.68
25450.0,2.0424,1.83,1.8807,0.266,0.312,0.1,1.335,0.1335,77.71
25460.0,1.8263,1.7977,1.8848,0.262,0.281,0.1,1.103,0.1103,77.74
25470.0,1.9057,1.81,1.9172,0.254,0.312,0.1,2.0,0.2,77.77
25480.0,1.7583,1.7901,1.932,0.223,0.438,0.1,1.254,0.1254,77.8
25490.0,1.7789,1.8442,1.9042,0.254,0.406,0.1,1.126,0.1126,77.83
25500.0,2.0796,1.8907,1.9115,0.246,0.219,0.1,1.089,0.1089,77.86
25510.0,2.0342,1.8749,1.873,0.281,0.25,0.1,1.09,0.109,77.89
25520.0,1.8842,1.9298,1.8921,0.258,0.156,0.1,0.9574,0.09574,77.92
25530.0,2.1263,1.9355,1.8913,0.266,0.25,0.1,1.43,0.143,77.95
25540.0,1.6309,1.8555,1.8738,0.281,0.219,0.1,0.7404,0.07404,77.98
25550.0,1.6222,1.8025,1.9444,0.23,0.375,0.1,1.023,0.1023,78.01
25560.0,1.9284,1.7741,1.9086,0.254,0.281,0.1,1.065,0.1065,78.04
25570.0,1.8766,1.8219,1.8779,0.281,0.219,0.1,1.057,0.1057,78.06
25580.0,2.0035,1.9112,1.8518,0.289,0.344,0.1,0.7915,0.07915,78.09
25590.0,1.6217,1.8595,1.8852,0.238,0.375,0.1,0.9279,0.09279,78.12
25600.0,1.8652,1.7893,1.8813,0.254,0.375,0.1,1.431,0.1431,78.15
25610.0,1.739,1.8062,1.865,0.254,0.312,0.1,1.868,0.1868,78.18
25620.0,2.0684,1.8798,1.898,0.254,0.188,0.1,0.8955,0.08955,78.21
25630.0,2.0512,1.8905,1.863,0.273,0.312,0.1,0.9975,0.09975,78.24
25640.0,2.0149,1.8617,1.8875,0.258,0.25,0.1,0.9856,0.09856,78.27
25650.0,1.7161,1.8551,1.8946,0.258,0.344,0.1,0.6242,0.06242,78.3
25660.0,1.9514,1.8264,1.8914,0.254,0.312,0.1,1.99,0.199,78.33
25670.0,1.6053,1.838,1.9027,0.227,0.469,0.1,1.057,0.1057,78.36
25680.0,1.7892,1.8249,1.8671,0.258,0.281,0.1,1.246,0.1246,78.39
25690.0,2.376,1.8257,1.8888,0.258,0.219,0.1,1.871,0.1871,78.42
25700.0,1.7858,1.8708,1.8621,0.285,0.406,0.1,1.027,0.1027,78.45
25710.0,1.6711,1.8709,1.9024,0.25,0.344,0.1,0.9243,0.09243,78.48
25720.0,1.6012,1.8821,1.8665,0.258,0.375,0.1,0.7677,0.07677,78.51
25730.0,1.8314,1.9165,1.8691,0.285,0.312,0.1,1.097,0.1097,78.54
25740.0,1.7825,1.8485,1.889,0.273,0.406,0.1,0.7997,0.07997,78.56
25750.0,1.7775,1.7621,1.8725,0.277,0.219,0.1,1.238,0.1238,78.59
25760.0,1.7432,1.7974,1.8585,0.258,0.375,0.1,1.002,0.1002,78.62
25770.0,1.923,1.8585,1.8963,0.258,0.281,0.1,0.9912,0.09912,78.65
25780.0,1.7053,1.8401,1.8699,0.25,0.25,0.1,0.8752,0.08752,78.68
25790.0,2.0145,1.8442,1.861,0.27,0.281,0.1,0.8286,0.08286,78.71
25800.0,2.02,1.8629,1.8783,0.273,0.219,0.1,1.436,0.1436,78.74
25810.0,1.8,1.8415,1.8837,0.262,0.344,0.1,1.177,0.1177,78.77
25820.0,1.9006,1.8261,1.9236,0.266,0.281,0.1,2.06,0.206,78.8
25830.0,1.7339,1.8368,1.8909,0.23,0.406,0.1,0.7221,0.07221,78.83
25840.0,1.788,1.8427,1.9097,0.238,0.406,0.1,1.172,0.1172,78.86
25850.0,1.7522,1.8667,1.9034,0.25,0.312,0.1,1.459,0.1459,78.89
25860.0,1.9109,1.8874,1.8647,0.25,0.312,0.1,0.8945,0.08945,78.92
25870.0,2.0618,1.8455,1.8802,0.246,0.281,0.1,1.082,0.1082,78.94
25880.0,1.8098,1.8695,1.8677,0.246,0.406,0.1,1.259,0.1259,78.97
25890.0,1.9628,1.8873,1.9099,0.258,0.312,0.1,1.754,0.1754,79.0
25900.0,1.9424,1.8658,1.8783,0.277,0.156,0.1,0.964,0.0964,79.03
25910.0,1.8572,1.8644,1.8685,0.27,0.344,0.1,1.465,0.1465,79.06
25920.0,1.7782,1.8436,1.8774,0.238,0.312,0.1,1.03,0.103,79.09
25930.0,1.8246,1.8082,1.8755,0.289,0.406,0.1,1.266,0.1266,79.12
25940.0,1.8807,1.8038,1.8771,0.258,0.219,0.1,0.8348,0.08348,79.15
25950.0,1.9288,1.8589,1.8887,0.223,0.188,0.1,1.081,0.1081,79.18
25960.0,1.7661,1.8371,1.8655,0.262,0.438,0.1,1.124,0.1124,79.21
25970.0,1.7779,1.8174,1.8755,0.242,0.219,0.1,1.177,0.1177,79.24
25980.0,1.8153,1.878,1.8632,0.273,0.188,0.1,1.055,0.1055,79.27
25990.0,2.0558,1.9315,1.8554,0.281,0.094,0.1,0.7031,0.07031,79.3
26000.0,1.82,1.8822,1.8661,0.266,0.312,0.1,0.7919,0.07919,79.33
26010.0,2.0934,1.865,1.9022,0.254,0.062,0.1,2.341,0.2341,79.36
26020.0,1.9211,1.8528,1.8843,0.281,0.281,0.1,1.878,0.1878,79.39
26030.0,1.6713,1.8064,1.8921,0.254,0.219,0.1,1.021,0.1021,79.41
26040.0,1.7371,1.8458,1.8762,0.262,0.344,0.1,1.385,0.1385,79.44
26050.0,1.7931,1.8509,1.9025,0.246,0.219,0.1,1.421,0.1421,79.47
26060.0,2.1665,1.8584,1.8739,0.266,0.125,0.1,1.114,0.1114,79.5
26070.0,1.7211,1.8732,1.9307,0.254,0.344,0.1,1.27,0.127,79.53
26080.0,1.6137,1.8428,1.8662,0.297,0.344,0.1,0.7268,0.07268,79.56
26090.0,1.8104,1.8552,1.9022,0.254,0.312,0.1,1.318,0.1318,79.59
26100.0,1.604,1.8119,1.8737,0.277,0.375,0.1,0.9766,0.09766,79.62
26110.0,2.0113,1.8126,1.8788,0.262,0.25,0.1,1.745,0.1745,79.65
26120.0,1.7793,1.8894,1.9048,0.266,0.344,0.1,0.7413,0.07413,79.68
26130.0,2.0182,1.8704,1.8654,0.277,0.312,0.1,1.481,0.1481,79.71
26140.0,1.9235,1.8474,1.8631,0.277,0.25,0.1,1.209,0.1209,79.74
26150.0,1.8655,1.8664,1.8771,0.262,0.438,0.1,1.026,0.1026,79.77
26160.0,1.7646,1.8823,1.879,0.262,0.344,0.1,0.6393,0.06393,79.8
26170.0,1.9001,1.854,1.8835,0.246,0.188,0.1,0.8398,0.08398,79.83
26180.0,2.1658,1.8351,1.858,0.258,0.219,0.1,1.46,0.146,79.86
26190.0,1.6791,1.8225,1.8901,0.254,0.344,0.1,1.168,0.1168,79.89
26200.0,1.8889,1.8174,1.9198,0.238,0.312,0.1,1.848,0.1848,79.92
26210.0,1.5732,1.8393,1.8997,0.285,0.344,0.1,1.223,0.1223,79.94
26220.0,1.831,1.8456,1.8686,0.293,0.25,0.1,1.035,0.1035,79.97
26230.0,1.8847,1.8542,1.8524,0.273,0.344,0.1,0.7059,0.07059,80.0
26240.0,1.9151,1.8501,1.8724,0.25,0.219,0.1,1.042,0.1042,80.03
26250.0,1.9425,1.8282,1.8718,0.25,0.219,0.1,1.183,0.1183,80.06
26260.0,2.0316,1.8251,1.931,0.238,0.188,0.1,1.694,0.1694,80.09
26270.0,1.8185,1.8457,1.8653,0.297,0.344,0.1,1.079,0.1079,80.12
26280.0,2.1696,1.8453,1.841,0.289,0.25,0.1,0.971,0.0971,80.15
26290.0,1.9018,1.8898,1.8794,0.273,0.188,0.1,0.9404,0.09404,80.18
26300.0,1.837,1.878,1.8786,0.285,0.25,0.1,1.36,0.136,80.21
26310.0,1.8822,1.8695,1.8924,0.242,0.281,0.1,2.666,0.2666,80.24
26320.0,1.6368,1.8738,1.8756,0.266,0.312,0.1,1.249,0.1249,80.27
26330.0,1.6664,1.8559,1.8642,0.262,0.375,0.1,1.273,0.1273,80.3
26340.0,1.7799,1.8941,1.8795,0.242,0.281,0.1,1.066,0.1066,80.33
26350.0,2.0142,1.8742,1.8727,0.273,0.219,0.1,0.7824,0.07824,80.36
26360.0,1.9242,1.8444,1.8638,0.27,0.188,0.1,1.38,0.138,80.39
26370.0,1.8353,1.8779,1.8758,0.242,0.375,0.1,1.651,0.1651,80.41
26380.0,1.7374,1.8663,1.8548,0.27,0.438,0.1,1.785,0.1785,80.44
26390.0,1.6959,1.7645,1.9516,0.258,0.438,0.1,1.421,0.1421,80.47
26400.0,1.9615,1.7906,1.8865,0.27,0.219,0.1,0.8185,0.08185,80.5
26410.0,1.8913,1.8608,1.8876,0.266,0.188,0.1,1.998,0.1998,80.53
26420.0,1.6962,1.8578,1.8613,0.266,0.312,0.1,0.8597,0.08597,80.56
26430.0,2.0686,1.9116,1.8919,0.27,0.219,0.1,1.506,0.1506,80.59
26440.0,2.102,1.9364,1.8994,0.242,0.281,0.1,1.04,0.104,80.62
26450.0,2.1219,1.9188,1.8524,0.27,0.188,0.1,1.419,0.1419,80.65
26460.0,2.1647,1.8835,1.8843,0.254,0.219,0.1,1.717,0.1717,80.68
26470.0,1.421,1.8343,1.8438,0.277,0.438,0.1,0.7907,0.07907,80.71
26480.0,1.7785,1.8314,1.8592,0.266,0.281,0.1,0.7401,0.07401,80.74
26490.0,1.8355,1.8752,1.8756,0.273,0.156,0.1,1.125,0.1125,80.77
26500.0,1.7143,1.8396,1.8522,0.277,0.312,0.1,0.924,0.0924,80.8
26510.0,1.7994,1.8237,1.8841,0.266,0.25,0.1,1.183,0.1183,80.83
26520.0,1.8633,1.8711,1.8591,0.266,0.25,0.1,1.404,0.1404,80.86
26530.0,1.8657,1.834,1.9092,0.25,0.344,0.1,0.753,0.0753,80.88
26540.0,2.0155,1.8096,1.8555,0.297,0.312,0.1,1.665,0.1665,80.91
26550.0,1.8942,1.8419,1.8606,0.258,0.344,0.1,0.9705,0.09705,80.94
26560.0,1.7466,1.8561,1.8652,0.262,0.312,0.1,1.024,0.1024,80.97
26570.0,1.639,1.8087,1.8801,0.25,0.312,0.1,1.382,0.1382,81.0
26580.0,1.8181,1.8314,1.8496,0.277,0.25,0.1,1.159,0.1159,81.03
26590.0,1.8082,1.9115,1.8758,0.242,0.344,0.1,0.9325,0.09325,81.06
26600.0,1.9814,1.8951,1.8985,0.285,0.344,0.1,1.154,0.1154,81.09
26610.0,1.9162,1.8432,1.8663,0.289,0.219,0.1,1.281,0.1281,81.12
26620.0,1.941,1.8315,1.8915,0.262,0.188,0.1,2.021,0.2021,81.15
26630.0,1.8046,1.8268,1.8629,0.254,0.25,0.1,1.192,0.1192,81.18
26640.0,1.7422,1.84,1.8598,0.293,0.312,0.1,0.9653,0.09653,81.21
26650.0,1.7938,1.8477,1.8512,0.281,0.375,0.1,1.046,0.1046,81.24
26660.0,1.8745,1.8262,1.8626,0.262,0.312,0.1,1.334,0.1334,81.27
26670.0,1.8636,1.854,1.8474,0.285,0.281,0.1,0.8763,0.08763,81.3
26680.0,1.8088,1.8558,1.8844,0.246,0.375,0.1,1.107,0.1107,81.33
26690.0,1.7536,1.8296,1.9151,0.227,0.25,0.1,1.288,0.1288,81.36
26700.0,2.039,1.8602,1.874,0.25,0.25,0.1,0.6872,0.06872,81.38
26710.0,2.041,1.8793,1.8915,0.227,0.281,0.1,1.702,0.1702,81.41
26720.0,1.8211,1.8952,1.8705,0.254,0.219,0.1,0.7683,0.07683,81.44
26730.0,1.882,1.8931,1.8708,0.27,0.281,0.1,1.331,0.1331,81.47
26740.0,1.8403,1.8283,1.9206,0.25,0.219,0.1,1.269,0.1269,81.5
26750.0,1.9443,1.8256,1.877,0.238,0.344,0.1,2.19,0.219,81.53
26760.0,1.6667,1.862,1.8561,0.277,0.438,0.1,1.054,0.1054,81.56
26770.0,2.1333,1.8768,1.8477,0.293,0.281,0.1,1.382,0.1382,81.59
26780.0,1.9759,1.8893,1.8603,0.273,0.312,0.1,1.334,0.1334,81.62
26790.0,1.8406,1.8349,1.8959,0.254,0.281,0.1,1.147,0.1147,81.65
26800.0,1.6762,1.8191,1.8428,0.293,0.406,0.1,0.8207,0.08207,81.68
26810.0,1.6546,1.7795,1.8673,0.273,0.312,0.1,0.9627,0.09627,81.71
26820.0,1.9692,1.8087,1.8819,0.273,0.188,0.1,1.952,0.1952,81.74
26830.0,1.6583,1.8588,1.8532,0.293,0.281,0.1,1.03,0.103,81.77
26840.0,1.6952,1.837,1.8998,0.273,0.25,0.1,1.107,0.1107,81.8
26850.0,2.1059,1.8863,1.8821,0.289,0.219,0.1,1.097,0.1097,81.83
26860.0,1.8809,1.8821,1.8822,0.266,0.312,0.1,0.7856,0.07856,81.85
26870.0,1.6986,1.8209,1.851,0.273,0.281,0.1,0.923,0.0923,81.88
26880.0,1.9249,1.8071,1.8795,0.273,0.312,0.1,1.654,0.1654,81.91
26890.0,1.7638,1.8569,1.8424,0.328,0.344,0.1,1.687,0.1687,81.94
26900.0,1.9243,1.8757,1.8863,0.27,0.219,0.1,1.251,0.1251,81.97
26910.0,1.9058,1.8464,1.8811,0.27,0.281,0.1,1.498,0.1498,82.0
26920.0,1.7812,1.8476,1.8801,0.246,0.375,0.1,1.11,0.111,82.03
26930.0,1.5095,1.8533,1.8923,0.246,0.5,0.1,1.021,0.1021,82.06
26940.0,1.7877,1.8229,1.8943,0.223,0.344,0.1,1.335,0.1335,82.09
26950.0,2.1803,1.8505,1.874,0.258,0.219,0.1,2.559,0.2559,82.12
26960.0,2.0379,1.904,1.8493,0.285,0.281,0.1,1.051,0.1051,82.15
26970.0,1.5918,1.8553,1.8762,0.223,0.406,0.1,1.161,0.1161,82.18
26980.0,1.8342,1.8285,1.8521,0.262,0.219,0.1,1.087,0.1087,82.21
26990.0,1.7951,1.8899,1.8992,0.246,0.25,0.1,0.7322,0.07322,82.23
27000.0,1.6582,1.8324,1.8646,0.258,0.312,0.1,0.9168,0.09168,82.27
27010.0,2.0208,1.7822,1.8776,0.281,0.25,0.1,1.302,0.1302,82.3
27020.0,2.0306,1.8194,1.8807,0.242,0.219,0.1,1.791,0.1791,82.32
27030.0,1.7241,1.8321,1.8945,0.266,0.375,0.1,1.205,0.1205,82.35
27040.0,2.1056,1.8343,1.8865,0.273,0.188,0.1,1.032,0.1032,82.38
27050.0,1.7247,1.8328,1.8733,0.242,0.375,0.1,1.065,0.1065,82.41
27060.0,1.7441,1.8147,1.8682,0.254,0.312,0.1,1.298,0.1298,82.44
27070.0,1.8382,1.8279,1.8642,0.266,0.344,0.1,1.371,0.1371,82.47
27080.0,1.8585,1.8761,1.8703,0.273,0.344,0.1,1.293,0.1293,82.5
27090.0,1.9561,1.9067,1.8789,0.246,0.188,0.1,0.8581,0.08581,82.53
27100.0,1.984,1.8969,1.9241,0.219,0.25,0.1,1.127,0.1127,82.56
27110.0,1.8043,1.8468,1.8621,0.281,0.375,0.1,1.328,0.1328,82.59
27120.0,2.0731,1.8497,1.8774,0.277,0.281,0.1,0.9448,0.09448,82.62
27130.0,1.9597,1.8689,1.8873,0.273,0.156,0.1,1.164,0.1164,82.65
27140.0,1.8101,1.8447,1.8714,0.277,0.406,0.1,0.8762,0.08762,82.68
27150.0,1.9676,1.8642,1.8678,0.262,0.312,0.1,0.9618,0.09618,82.71
27160.0,1.752,1.8833,1.8459,0.262,0.375,0.1,0.9696,0.09696,82.73
27170.0,1.564,1.8442,1.8816,0.293,0.344,0.1,1.042,0.1042,82.76
27180.0,1.9049,1.868,1.8472,0.262,0.25,0.1,0.9137,0.09137,82.79
27190.0,1.7427,1.9052,1.8688,0.246,0.375,0.1,1.606,0.1606,82.82
27200.0,2.0444,1.877,1.851,0.254,0.312,0.1,1.245,0.1245,82.85
27210.0,1.8813,1.802,1.8634,0.25,0.219,0.1,1.208,0.1208,82.88
27220.0,1.7187,1.8325,1.8658,0.262,0.344,0.1,2.263,0.2263,82.91
27230.0,2.0627,1.8824,1.897,0.227,0.25,0.1,0.9292,0.09292,82.94
27240.0,1.848,1.8777,1.8951,0.266,0.375,0.1,1.168,0.1168,82.97
27250.0,1.7698,1.8496,1.9124,0.227,0.375,0.1,1.309,0.1309,83.0
27260.0,1.8759,1.8491,1.8858,0.234,0.312,0.1,0.9697,0.09697,83.05
27270.0,1.8643,1.8848,1.8886,0.258,0.156,0.1,1.346,0.1346,83.1
27280.0,1.8007,1.8413,1.8696,0.246,0.312,0.1,1.173,0.1173,83.14
27290.0,1.8566,1.8448,1.8561,0.281,0.375,0.1,0.7341,0.07341,83.17
27300.0,1.9853,1.9218,1.8651,0.289,0.312,0.1,0.9398,0.09398,83.21
27310.0,1.8003,1.9654,1.8951,0.23,0.312,0.1,0.8494,0.08494,83.25
27320.0,1.8051,1.8886,1.8646,0.27,0.344,0.1,0.9567,0.09567,83.28
27330.0,1.8154,1.8383,1.9194,0.27,0.219,0.1,1.776,0.1776,83.31
27340.0,1.94,1.8439,1.8927,0.23,0.25,0.1,1.21,0.121,83.34
27350.0,1.6924,1.8197,1.8507,0.273,0.375,0.1,0.8437,0.08437,83.37
27360.0,1.8181,1.8035,1.8587,0.27,0.438,0.1,1.053,0.1053,83.4
27370.0,1.6967,1.8185,1.9299,0.27,0.375,0.1,1.106,0.1106,83.43
27380.0,1.6667,1.8468,1.8698,0.262,0.25,0.1,1.054,0.1054,83.46
27390.0,1.7011,1.8713,1.8898,0.273,0.281,0.1,1.621,0.1621,83.49
27400.0,1.777,1.8887,1.8924,0.246,0.219,0.1,0.7312,0.07312,83.52
27410.0,1.6714,1.8659,1.9188,0.258,0.438,0.1,0.694,0.0694,83.54
27420.0,1.8106,1.8135,1.8539,0.273,0.25,0.1,0.9388,0.09388,83.57
27430.0,2.0318,1.8041,1.8787,0.254,0.062,0.1,0.9522,0.09522,83.6
27440.0,1.8909,1.828,1.8751,0.266,0.281,0.1,1.026,0.1026,83.63
27450.0,1.7116,1.8117,1.8721,0.254,0.406,0.1,1.14,0.114,83.66
27460.0,1.6218,1.8024,1.8999,0.223,0.344,0.1,1.007,0.1007,83.69
27470.0,1.748,1.7964,1.9198,0.242,0.312,0.1,1.108,0.1108,83.72
27480.0,2.1358,1.8161,1.9068,0.238,0.188,0.1,2.517,0.2517,83.75
27490.0,1.773,1.862,1.8772,0.262,0.25,0.1,1.371,0.1371,83.78
27500.0,1.8166,1.8454,1.8727,0.277,0.281,0.1,1.602,0.1602,83.81
27510.0,1.8807,1.8397,1.8929,0.258,0.344,0.1,1.526,0.1526,83.84
27520.0,1.7681,1.8439,1.858,0.289,0.25,0.1,0.8106,0.08106,83.87
27530.0,2.0312,1.8547,1.8768,0.289,0.188,0.1,1.329,0.1329,83.9
27540.0,1.896,1.9108,1.867,0.258,0.281,0.1,1.045,0.1045,83.93
27550.0,1.721,1.8787,1.8831,0.25,0.312,0.1,0.8905,0.08905,83.96
27560.0,2.0215,1.8199,1.8789,0.25,0.219,0.1,1.108,0.1108,83.99
27570.0,2.0661,1.8419,1.9003,0.266,0.281,0.1,1.3,0.13,84.02
27580.0,1.6728,1.8226,1.9078,0.293,0.344,0.1,0.9006,0.09006,84.05
27590.0,1.7688,1.8107,1.8751,0.281,0.438,0.1,1.045,0.1045,84.08
27600.0,2.0249,1.8619,1.8657,0.305,0.281,0.1,0.8656,0.08656,84.11
27610.0,1.5929,1.8383,1.876,0.27,0.469,0.1,1.103,0.1103,84.13
27620.0,1.7894,1.7832,1.9553,0.242,0.281,0.1,1.229,0.1229,84.16
27630.0,1.903,1.8585,1.8837,0.258,0.281,0.1,1.126,0.1126,84.19
27640.0,1.7256,1.9065,1.8778,0.266,0.344,0.1,0.7303,0.07303,84.22
27650.0,1.7265,1.8229,1.8675,0.281,0.312,0.1,0.9102,0.09102,84.25
27660.0,1.8457,1.8239,1.8576,0.281,0.219,0.1,0.9766,0.09766,84.28
27670.0,2.1021,1.8628,1.884,0.246,0.156,0.1,0.9728,0.09728,84.31
27680.0,1.7731,1.8371,1.8863,0.273,0.312,0.1,1.118,0.1118,84.34
27690.0,1.8099,1.8211,1.9077,0.262,0.25,0.1,1.078,0.1078,84.37
27700.0,1.6726,1.8042,1.851,0.273,0.375,0.1,0.8644,0.08644,84.4
27710.0,1.7782,1.8156,1.8834,0.27,0.344,0.1,1.258,0.1258,84.43
27720.0,1.7919,1.8264,1.8738,0.262,0.312,0.1,1.004,0.1004,84.46
27730.0,1.7655,1.8505,1.8959,0.25,0.312,0.1,0.9727,0.09727,84.49
27740.0,1.8038,1.9077,1.861,0.262,0.375,0.1,0.9481,0.09481,84.52
27750.0,1.8724,1.8916,1.904,0.23,0.25,0.1,1.387,0.1387,84.55
27760.0,1.6702,1.8366,1.8749,0.285,0.406,0.1,1.002,0.1002,84.58
27770.0,1.9233,1.8688,1.8712,0.27,0.281,0.1,0.9797,0.09797,84.6
27780.0,1.8715,1.8581,1.8918,0.266,0.281,0.1,1.219,0.1219,84.63
27790.0,1.6522,1.8359,1.856,0.289,0.281,0.1,0.7513,0.07513,84.66
27800.0,2.2258,1.88,1.8944,0.27,0.25,0.1,1.861,0.1861,84.69
27810.0,2.2368,1.8589,1.8589,0.262,0.25,0.1,1.125,0.1125,84.72
27820.0,1.8504,1.8571,1.8776,0.277,0.312,0.1,1.455,0.1455,84.75
27830.0,2.0144,1.8881,1.8977,0.273,0.344,0.1,1.51,0.151,84.78
27840.0,1.7225,1.8392,1.8761,0.281,0.312,0.1,0.889,0.0889,84.81
27850.0,1.7573,1.8091,1.85,0.297,0.344,0.1,1.115,0.1115,84.84
27860.0,1.7259,1.8342,1.8426,0.309,0.406,0.1,0.7484,0.07484,84.87
27870.0,1.7154,1.8246,1.85,0.305,0.312,0.1,1.106,0.1106,84.9
27880.0,1.9111,1.8539,1.8656,0.277,0.219,0.1,0.9012,0.09012,84.93
27890.0,1.8914,1.905,1.862,0.25,0.312,0.1,1.115,0.1115,84.96
27900.0,1.8859,1.8629,1.8967,0.262,0.219,0.1,1.017,0.1017,84.98
27910.0,1.722,1.8499,1.8583,0.25,0.375,0.1,0.6931,0.06931,85.01
27920.0,1.8149,1.8801,1.8545,0.289,0.312,0.1,1.116,0.1116,85.04
27930.0,1.7722,1.8634,1.894,0.281,0.188,0.1,1.429,0.1429,85.08
27940.0,2.0379,1.861,1.8685,0.281,0.281,0.1,1.896,0.1896,85.12
27950.0,1.7622,1.833,1.8718,0.273,0.281,0.1,1.026,0.1026,85.15
27960.0,1.9216,1.831,1.8888,0.297,0.25,0.1,1.531,0.1531,85.17
27970.0,1.618,1.7865,1.8578,0.281,0.375,0.1,0.8282,0.08282,85.2
27980.0,1.7156,1.762,1.8671,0.262,0.375,0.1,0.7307,0.07307,85.23
27990.0,1.8929,1.8221,1.8517,0.281,0.25,0.1,0.9708,0.09708,85.26
28000.0,1.9463,1.8272,1.8851,0.246,0.219,0.1,1.128,0.1128,85.29
28010.0,1.7688,1.8147,1.844,0.293,0.438,0.1,1.413,0.1413,85.32
28020.0,1.7371,1.8076,1.9123,0.23,0.219,0.1,2.018,0.2018,85.35
28030.0,2.0161,1.8514,1.8868,0.238,0.188,0.1,1.074,0.1074,85.38
28040.0,1.9907,1.8577,1.8526,0.285,0.281,0.1,1.092,0.1092,85.41
28050.0,1.4967,1.8003,1.8529,0.254,0.406,0.1,1.141,0.1141,85.44
28060.0,1.7783,1.8529,1.8467,0.301,0.469,0.1,1.104,0.1104,85.47
28070.0,2.0888,1.9101,1.8578,0.289,0.344,0.1,0.9849,0.09849,85.5
28080.0,1.8296,1.855,1.875,0.262,0.344,0.1,1.207,0.1207,85.53
28090.0,1.98,1.8316,1.859,0.254,0.188,0.1,0.8466,0.08466,85.56
28100.0,1.795,1.8579,1.8396,0.285,0.375,0.1,1.104,0.1104,85.59
28110.0,1.5601,1.8153,1.918,0.25,0.531,0.1,1.121,0.1121,85.61
28120.0,1.7711,1.8285,1.865,0.273,0.219,0.1,0.7845,0.07845,85.64
28130.0,1.7843,1.8553,1.865,0.285,0.344,0.1,1.385,0.1385,85.67
28140.0,1.9497,1.8311,1.8758,0.266,0.188,0.1,0.7583,0.07583,85.7
28150.0,1.7138,1.7669,1.8891,0.297,0.438,0.1,1.21,0.121,85.73
28160.0,2.0622,1.7637,1.8834,0.27,0.312,0.1,1.673,0.1673,85.76
28170.0,1.9176,1.8707,1.8963,0.27,0.312,0.1,1.041,0.1041,85.79
28180.0,1.7581,1.8415,1.8903,0.238,0.406,0.1,0.9817,0.09817,85.82
28190.0,1.9175,1.8067,1.8746,0.25,0.25,0.1,0.7346,0.07346,85.85
28200.0,2.1924,1.8396,1.8629,0.27,0.344,0.1,2.118,0.2118,85.88
28210.0,2.1966,1.8439,1.889,0.246,0.25,0.1,1.087,0.1087,85.91
28220.0,1.9366,1.8441,1.8556,0.273,0.281,0.1,1.209,0.1209,85.94
28230.0,1.9759,1.808,1.8943,0.25,0.312,0.1,1.18,0.118,85.97
28240.0,1.5103,1.8019,1.8982,0.242,0.406,0.1,1.101,0.1101,86.0
28250.0,1.807,1.8094,1.8974,0.234,0.312,0.1,1.378,0.1378,86.03
28260.0,1.6738,1.8028,1.8756,0.242,0.438,0.1,0.7675,0.07675,86.06
28270.0,1.8563,1.8498,1.8745,0.27,0.25,0.1,1.484,0.1484,86.09
28280.0,1.7533,1.8495,1.8682,0.27,0.531,0.1,1.347,0.1347,86.13
28290.0,1.5474,1.8202,1.8847,0.273,0.312,0.1,0.9048,0.09048,86.16
28300.0,1.8916,1.8841,1.8688,0.285,0.344,0.1,1.305,0.1305,86.19
28310.0,1.9586,1.8947,1.9286,0.258,0.219,0.1,1.298,0.1298,86.22
28320.0,1.7914,1.8414,1.8858,0.246,0.312,0.1,0.8057,0.08057,86.25
28330.0,1.9466,1.845,1.8445,0.289,0.281,0.1,0.8129,0.08129,86.27
28340.0,1.8316,1.8893,1.8514,0.285,0.406,0.1,0.7468,0.07468,86.3
28350.0,1.8216,1.8832,1.8767,0.277,0.219,0.1,1.194,0.1194,86.34
28360.0,2.1053,1.8738,1.8851,0.273,0.188,0.1,1.046,0.1046,86.38
28370.0,1.7751,1.877,1.8631,0.289,0.25,0.1,1.061,0.1061,86.41
28380.0,1.6274,1.8181,1.8672,0.273,0.531,0.1,1.081,0.1081,86.44
28390.0,1.7834,1.7906,1.8429,0.27,0.25,0.1,0.7159,0.07159,86.47
28400.0,1.7566,1.7979,1.8716,0.266,0.312,0.1,0.809,0.0809,86.5
28410.0,1.7358,1.7945,1.8425,0.289,0.406,0.1,1.193,0.1193,86.53
28420.0,1.9533,1.7991,1.8346,0.309,0.25,0.1,1.911,0.1911,86.56
28430.0,2.0313,1.8446,1.8998,0.277,0.312,0.1,1.763,0.1763,86.59
28440.0,1.8559,1.8528,1.8642,0.277,0.281,0.1,0.9085,0.09085,86.62
28450.0,1.7815,1.8172,1.8723,0.281,0.344,0.1,0.9881,0.09881,86.64
28460.0,1.8552,1.8514,1.8784,0.293,0.375,0.1,1.15,0.115,86.67
28470.0,1.691,1.8301,1.9033,0.246,0.344,0.1,1.044,0.1044,86.7
28480.0,2.2647,1.8481,1.881,0.246,0.188,0.1,1.081,0.1081,86.73
28490.0,1.8415,1.9045,1.8446,0.289,0.281,0.1,1.214,0.1214,86.76
28500.0,1.6514,1.7997,1.8996,0.262,0.344,0.1,0.9419,0.09419,86.79
28510.0,1.6811,1.7768,1.884,0.277,0.219,0.1,1.004,0.1004,86.82
28520.0,1.8144,1.8484,1.8668,0.297,0.375,0.1,0.7694,0.07694,86.85
28530.0,1.7706,1.8434,1.8581,0.281,0.219,0.1,1.765,0.1765,86.88
28540.0,2.0825,1.8363,1.8781,0.258,0.375,0.1,2.048,0.2048,86.91
28550.0,1.6766,1.8347,1.8414,0.312,0.281,0.1,0.929,0.0929,86.94
28560.0,1.666,1.815,1.8418,0.285,0.375,0.1,0.6881,0.06881,86.97
28570.0,2.063,1.8213,1.8485,0.289,0.25,0.1,1.331,0.1331,87.0
28580.0,1.5349,1.7929,1.8593,0.285,0.406,0.1,0.6724,0.06724,87.03
28590.0,1.9009,1.8108,1.832,0.312,0.25,0.1,0.7451,0.07451,87.06
28600.0,1.7178,1.8727,1.8555,0.309,0.281,0.1,0.9134,0.09134,87.09
28610.0,1.6659,1.8341,1.8409,0.285,0.438,0.1,0.7996,0.07996,87.11
28620.0,1.8361,1.8103,1.9227,0.273,0.344,0.1,1.428,0.1428,87.14
28630.0,1.8994,1.8124,1.8595,0.297,0.125,0.1,0.7042,0.07042,87.17
28640.0,1.6924,1.8008,1.8545,0.285,0.375,0.1,0.7931,0.07931,87.2
28650.0,1.9848,1.8262,1.8637,0.297,0.312,0.1,1.369,0.1369,87.23
28660.0,1.7629,1.8023,1.8419,0.281,0.344,0.1,1.181,0.1181,87.26
28670.0,1.8891,1.8063,1.8508,0.273,0.281,0.1,1.335,0.1335,87.29
28680.0,1.9422,1.8296,1.9144,0.285,0.406,0.1,0.9488,0.09488,87.32
28690.0,1.6769,1.7758,1.8343,0.316,0.469,0.1,1.051,0.1051,87.35
28700.0,1.8142,1.7661,1.8899,0.266,0.375,0.1,1.729,0.1729,87.38
28710.0,2.2213,1.8262,1.8714,0.277,0.281,0.1,1.618,0.1618,87.41
28720.0,2.0708,1.8618,1.8764,0.297,0.156,0.1,1.133,0.1133,87.44
28730.0,1.7411,1.8265,1.8365,0.301,0.312,0.1,1.481,0.1481,87.47
28740.0,1.7836,1.8165,1.8628,0.297,0.344,0.1,1.117,0.1117,87.49
28750.0,1.8165,1.8191,1.9106,0.258,0.25,0.1,1.95,0.195,87.53
28760.0,1.9449,1.8334,1.9151,0.266,0.25,0.1,1.06,0.106,87.55
28770.0,1.7877,1.8638,1.8466,0.273,0.375,0.1,1.439,0.1439,87.58
28780.0,1.7478,1.8359,1.8689,0.262,0.469,0.1,1.704,0.1704,87.61
28790.0,1.7623,1.8378,1.8531,0.273,0.344,0.1,0.9861,0.09861,87.64
28800.0,1.6601,1.8159,1.8706,0.238,0.469,0.1,0.9332,0.09332,87.67
28810.0,1.6951,1.8256,1.8616,0.281,0.406,0.1,0.8681,0.08681,87.7
28820.0,1.9465,1.8482,1.8723,0.281,0.281,0.1,1.436,0.1436,87.73
28830.0,1.8063,1.8332,1.8462,0.277,0.375,0.1,0.7776,0.07776,87.76
28840.0,1.8294,1.8374,1.8751,0.254,0.25,0.1,1.063,0.1063,87.79
28850.0,1.819,1.8689,1.8929,0.258,0.406,0.1,1.084,0.1084,87.82
28860.0,2.0188,1.9013,1.887,0.238,0.25,0.1,1.121,0.1121,87.85
28870.0,1.9133,1.8573,1.857,0.285,0.219,0.1,1.375,0.1375,87.88
28880.0,1.7741,1.8265,1.8965,0.281,0.312,0.1,1.064,0.1064,87.91
28890.0,1.8348,1.8408,1.9007,0.285,0.25,0.1,1.133,0.1133,87.94
28900.0,1.8602,1.8661,1.8644,0.266,0.219,0.1,1.051,0.1051,87.97
28910.0,1.7556,1.8151,1.8634,0.258,0.25,0.1,1.352,0.1352,88.0
28920.0,1.8393,1.8257,1.8789,0.297,0.375,0.1,1.496,0.1496,88.03
28930.0,1.6112,1.8453,1.855,0.27,0.219,0.1,1.41,0.141,88.06
28940.0,2.1035,1.8272,1.8677,0.289,0.344,0.1,1.234,0.1234,88.09
28950.0,1.6067,1.834,1.8396,0.305,0.406,0.1,1.364,0.1364,88.11
28960.0,1.6952,1.8211,1.8461,0.281,0.438,0.1,1.108,0.1108,88.14
28970.0,2.078,1.8432,1.902,0.246,0.156,0.1,1.78,0.178,88.17
28980.0,1.877,1.8626,1.8854,0.242,0.281,0.1,0.6767,0.06767,88.2
28990.0,1.5495,1.8301,1.8437,0.289,0.438,0.1,1.012,0.1012,88.23
29000.0,1.7269,1.8314,1.8837,0.238,0.25,0.1,0.6037,0.06037,88.26
29010.0,1.7322,1.8681,1.8511,0.258,0.406,0.1,1.614,0.1614,88.29
29020.0,1.7201,1.8757,1.852,0.273,0.406,0.1,1.096,0.1096,88.32
29030.0,1.7236,1.8616,1.8351,0.289,0.438,0.1,0.9842,0.09842,88.35
29040.0,1.8138,1.8659,1.8451,0.305,0.312,0.1,1.319,0.1319,88.38
29050.0,1.8187,1.8764,1.8458,0.281,0.344,0.1,1.057,0.1057,88.41
29060.0,1.8132,1.8726,1.933,0.223,0.375,0.1,1.085,0.1085,88.44
29070.0,1.864,1.8758,1.8562,0.25,0.312,0.1,0.9189,0.09189,88.47
29080.0,2.0266,1.8878,1.848,0.293,0.375,0.1,1.353,0.1353,88.5
29090.0,1.8872,1.8824,1.8364,0.285,0.219,0.1,1.437,0.1437,88.53
29100.0,1.6677,1.8082,1.8625,0.273,0.438,0.1,0.9839,0.09839,88.56
29110.0,1.7851,1.8138,1.8514,0.27,0.25,0.1,1.483,0.1483,88.59
29120.0,1.6397,1.846,1.8465,0.281,0.469,0.1,0.979,0.0979,88.62
29130.0,1.713,1.8236,1.8787,0.266,0.219,0.1,1.008,0.1008,88.65
29140.0,1.8682,1.8106,1.86,0.266,0.281,0.1,1.17,0.117,88.68
29150.0,1.8674,1.8363,1.8557,0.309,0.281,0.1,1.318,0.1318,88.7
29160.0,1.9032,1.8965,1.8385,0.336,0.344,0.1,1.373,0.1373,88.73
29170.0,1.7382,1.8444,1.8591,0.262,0.344,0.1,1.479,0.1479,88.76
29180.0,1.9012,1.8235,1.8661,0.293,0.312,0.1,1.321,0.1321,88.79
29190.0,1.6552,1.8443,1.8496,0.281,0.406,0.1,1.3,0.13,88.82
29200.0,1.5477,1.804,1.8995,0.281,0.312,0.1,1.55,0.155,88.85
29210.0,2.0065,1.8259,1.8467,0.289,0.344,0.1,1.293,0.1293,88.88
29220.0,1.5422,1.8564,1.8651,0.273,0.375,0.1,1.221,0.1221,88.91
29230.0,1.7639,1.8974,1.8749,0.289,0.344,0.1,1.261,0.1261,88.94
29240.0,1.8183,1.8732,1.8699,0.281,0.344,0.1,1.203,0.1203,88.97
29250.0,1.9292,1.8101,1.8791,0.27,0.219,0.1,1.157,0.1157,89.0
29260.0,1.8457,1.8259,1.8622,0.289,0.375,0.1,1.318,0.1318,89.03
29270.0,1.8624,1.8257,1.8788,0.289,0.188,0.1,1.578,0.1578,89.06
29280.0,1.8674,1.8185,1.9182,0.266,0.312,0.1,1.462,0.1462,89.09
29290.0,1.8321,1.8127,1.8543,0.293,0.25,0.1,1.101,0.1101,89.11
29300.0,2.0063,1.8313,1.8384,0.293,0.219,0.1,0.9365,0.09365,89.14
29310.0,1.9447,1.8451,1.8941,0.25,0.281,0.1,1.055,0.1055,89.17
29320.0,1.6814,1.8104,1.8507,0.289,0.375,0.1,1.377,0.1377,89.2
29330.0,1.9284,1.8295,1.8931,0.285,0.344,0.1,1.379,0.1379,89.23
29340.0,1.8686,1.8451,1.8398,0.305,0.406,0.1,1.491,0.1491,89.26
29350.0,1.7345,1.8419,1.8839,0.266,0.25,0.1,1.415,0.1415,89.29
29360.0,1.8604,1.8085,1.8579,0.254,0.281,0.1,1.638,0.1638,89.33
29370.0,1.8199,1.8308,1.8449,0.27,0.281,0.1,0.9009,0.09009,89.36
29380.0,1.9363,1.8879,1.8727,0.27,0.281,0.1,1.063,0.1063,89.39
29390.0,1.9641,1.8892,1.851,0.281,0.188,0.1,0.9183,0.09183,89.42
29400.0,1.8889,1.8406,1.8734,0.273,0.25,0.1,1.464,0.1464,89.45
29410.0,1.9,1.7978,1.9098,0.262,0.406,0.1,1.537,0.1537,89.48
29420.0,2.3117,1.8392,1.8577,0.262,0.25,0.1,1.165,0.1165,89.52
29430.0,1.8277,1.8423,1.8576,0.254,0.281,0.1,0.7827,0.07827,89.55
29440.0,1.8697,1.832,1.8856,0.238,0.344,0.1,1.256,0.1256,89.58
29450.0,1.8096,1.8471,1.8386,0.305,0.344,0.1,1.213,0.1213,89.61
29460.0,1.7821,1.8384,1.8519,0.277,0.25,0.1,1.127,0.1127,89.64
29470.0,1.7324,1.8144,1.866,0.293,0.406,0.1,0.9489,0.09489,89.68
29480.0,2.0197,1.8796,1.8643,0.258,0.156,0.1,1.223,0.1223,89.71
29490.0,1.8437,1.8727,1.8465,0.273,0.375,0.1,1.129,0.1129,89.74
29500.0,1.9947,1.8992,1.8473,0.301,0.25,0.1,0.8546,0.08546,89.77
29510.0,2.0846,1.9177,1.9062,0.234,0.25,0.1,1.143,0.1143,89.8
29520.0,1.6948,1.8584,1.8376,0.293,0.438,0.1,1.307,0.1307,89.83
29530.0,1.7266,1.8127,1.8946,0.258,0.312,0.1,1.112,0.1112,89.86
29540.0,1.8161,1.789,1.849,0.25,0.281,0.1,1.36,0.136,89.89
29550.0,1.8095,1.8502,1.883,0.25,0.312,0.1,1.316,0.1316,89.92
29560.0,1.5936,1.8067,1.826,0.312,0.562,0.1,0.9564,0.09564,89.94
29570.0,2.199,1.7883,1.8499,0.277,0.281,0.1,1.948,0.1948,89.97
29580.0,1.7035,1.8447,1.8752,0.23,0.375,0.1,1.219,0.1219,90.0
29590.0,2.347,1.8767,1.8247,0.297,0.156,0.1,1.958,0.1958,90.03
29600.0,1.9677,1.9046,1.835,0.281,0.188,0.1,1.362,0.1362,90.06
29610.0,2.0069,1.9065,1.8823,0.258,0.344,0.1,0.9881,0.09881,90.09
29620.0,1.6693,1.855,1.8426,0.273,0.312,0.1,1.456,0.1456,90.12
29630.0,1.9566,1.8231,1.8745,0.258,0.312,0.1,1.372,0.1372,90.15
29640.0,1.6267,1.8658,1.8396,0.289,0.375,0.1,1.276,0.1276,90.18
29650.0,1.7212,1.8516,1.853,0.242,0.156,0.1,0.9347,0.09347,90.21
29660.0,1.9216,1.8269,1.8725,0.254,0.281,0.1,1.339,0.1339,90.24
29670.0,2.1335,1.8447,1.8405,0.293,0.25,0.1,1.433,0.1433,90.27
29680.0,1.7238,1.8344,1.826,0.285,0.406,0.1,1.309,0.1309,90.3
29690.0,1.6822,1.7878,1.8763,0.25,0.375,0.1,1.813,0.1813,90.33
29700.0,1.7041,1.7846,1.8404,0.27,0.312,0.1,1.231,0.1231,90.36
29710.0,1.5506,1.8219,1.869,0.258,0.406,0.1,0.9199,0.09199,90.39
29720.0,1.689,1.8242,1.8571,0.277,0.281,0.1,0.9696,0.09696,90.42
29730.0,1.6908,1.8376,1.843,0.285,0.375,0.1,0.876,0.0876,90.45
29740.0,1.8644,1.8757,1.8525,0.297,0.281,0.1,0.9404,0.09404,90.48
29750.0,1.932,1.8798,1.8552,0.285,0.219,0.1,1.448,0.1448,90.51
29760.0,1.8673,1.8323,1.8604,0.262,0.344,0.1,0.8854,0.08854,90.54
29770.0,1.7845,1.8337,1.8617,0.273,0.375,0.1,1.093,0.1093,90.57
29780.0,1.8448,1.8266,1.8583,0.25,0.25,0.1,1.297,0.1297,90.6
29790.0,1.5508,1.7811,1.8832,0.289,0.406,0.1,1.16,0.116,90.63
29800.0,1.7328,1.801,1.9032,0.266,0.312,0.1,1.122,0.1122,90.66
29810.0,1.7781,1.838,1.8565,0.297,0.312,0.1,1.093,0.1093,90.7
29820.0,1.801,1.8226,1.8744,0.238,0.312,0.1,1.022,0.1022,90.73
29830.0,1.8255,1.8018,1.8595,0.277,0.281,0.1,0.9827,0.09827,90.77
29840.0,1.8029,1.8218,1.8708,0.289,0.25,0.1,1.147,0.1147,90.8
29850.0,1.7648,1.8665,1.8526,0.27,0.25,0.1,0.8376,0.08376,90.83
29860.0,1.9791,1.8757,1.8439,0.273,0.281,0.1,1.352,0.1352,90.86
29870.0,1.7651,1.8151,1.8826,0.254,0.25,0.1,1.603,0.1603,90.9
29880.0,1.9881,1.7964,1.898,0.277,0.344,0.1,1.466,0.1466,90.93
29890.0,1.7436,1.8492,1.8569,0.289,0.375,0.1,0.9264,0.09264,90.96
29900.0,1.7819,1.8581,1.8733,0.266,0.375,0.1,1.295,0.1295,90.99
29910.0,1.4679,1.8058,1.8496,0.312,0.5,0.1,0.9735,0.09735,91.02
29920.0,1.8295,1.7872,1.8476,0.305,0.344,0.1,1.244,0.1244,91.05
29930.0,1.9269,1.8734,1.8364,0.309,0.344,0.1,0.9045,0.09045,91.08
29940.0,1.8842,1.9095,1.8631,0.285,0.25,0.1,1.37,0.137,91.11
29950.0,1.9009,1.8739,1.8723,0.258,0.375,0.1,1.136,0.1136,91.14
29960.0,1.7906,1.8359,1.8485,0.27,0.344,0.1,1.644,0.1644,91.19
29970.0,1.9533,1.869,1.8745,0.293,0.312,0.1,0.8999,0.08999,91.24
29980.0,1.8854,1.8777,1.9033,0.258,0.281,0.1,1.019,0.1019,91.27
29990.0,1.5732,1.8359,1.8497,0.305,0.469,0.1,1.132,0.1132,91.3
