step,loss,loss_avg10,probe_loss,probe_accuracy,batch_accuracy,lr,grad_norm,step_norm,wall_clock_s
0.0,2.6288,2.6288,2.5776,0.145,0.031,0.03,20.59,0.6176,0.02
10.0,2.7052,2.6213,2.5907,0.102,0.031,0.03,2.429,0.07288,0.05
20.0,2.391,2.5538,2.4471,0.102,0.062,0.03,2.033,0.061,0.09
30.0,2.3815,2.4325,2.3749,0.133,0.156,0.03,0.827,0.02481,0.12
40.0,2.4125,2.368,2.3637,0.109,0.125,0.03,2.055,0.06166,0.15
50.0,2.2076,2.356,2.3401,0.113,0.125,0.03,1.169,0.03507,0.18
60.0,2.3279,2.3657,2.383,0.094,0.094,0.03,0.8419,0.02526,0.21
70.0,2.3095,2.3548,2.3224,0.105,0.156,0.03,1.321,0.03962,0.25
80.0,2.317,2.3288,2.3244,0.129,0.219,0.03,1.048,0.03144,0.28
90.0,2.4278,2.3281,2.3199,0.109,0.094,0.03,2.12,0.06361,0.31
100.0,2.2738,2.3188,2.3207,0.105,0.062,0.03,1.254,0.03762,0.34
110.0,2.2892,2.3094,2.3042,0.137,0.156,0.03,1.12,0.0336,0.37
120.0,2.2622,2.3242,2.3285,0.086,0.094,0.03,1.373,0.04119,0.4
130.0,2.3209,2.3284,2.3102,0.133,0.094,0.03,0.8056,0.02417,0.44
140.0,2.3421,2.3235,2.293,0.137,0.031,0.03,2.112,0.06336,0.47
150.0,2.3085,2.3191,2.3186,0.109,0.094,0.03,1.384,0.04151,0.5
160.0,2.2838,2.3172,2.3299,0.121,0.125,0.03,1.03,0.0309,0.53
170.0,2.3602,2.3211,2.2925,0.141,0.062,0.03,1.927,0.05781,0.56
180.0,2.293,2.3073,2.2928,0.121,0.094,0.03,1.98,0.05939,0.59
190.0,2.294,2.3018,2.3085,0.145,0.125,0.03,0.8397,0.02519,0.62
200.0,2.2913,2.3129,2.3163,0.09,0.094,0.03,1.519,0.04558,0.65
210.0,2.3581,2.3228,2.3145,0.137,0.156,0.03,2.055,0.06166,0.68
220.0,2.3054,2.3185,2.2922,0.129,0.094,0.03,1.528,0.04583,0.72
230.0,2.3225,2.3102,2.3206,0.145,0.094,0.03,1.013,0.03038,0.75
240.0,2.2769,2.3017,2.315,0.105,0.094,0.03,0.6274,0.01882,0.78
250.0,2.2959,2.297,2.2769,0.156,0.031,0.03,0.939,0.02817,0.81
260.0,2.3265,2.3033,2.3208,0.078,0.062,0.03,1.218,0.03654,0.84
270.0,2.2533,2.3051,2.2844,0.133,0.094,0.03,1.05,0.03149,0.87
280.0,2.3889,2.3094,2.3309,0.109,0.0,0.03,1.493,0.0448,0.9
290.0,2.2687,2.3054,2.2826,0.172,0.188,0.03,0.5178,0.01553,0.93
300.0,2.3008,2.2994,2.2815,0.137,0.156,0.03,2.104,0.06311,0.96
310.0,2.2768,2.3007,2.3028,0.129,0.125,0.03,0.9454,0.02836,1.0
320.0,2.2377,2.3042,2.2794,0.137,0.156,0.03,1.248,0.03743,1.03
330.0,2.2305,2.2913,2.2766,0.109,0.188,0.03,1.272,0.03815,1.06
340.0,2.2631,2.2886,2.2522,0.168,0.125,0.03,1.733,0.052,1.09
350.0,2.3031,2.293,2.2679,0.16,0.094,0.03,0.7673,0.02302,1.12
360.0,2.2396,2.2763,2.2761,0.145,0.156,0.03,1.119,0.03358,1.16
370.0,2.4994,2.2851,2.2459,0.191,0.0,0.03,5.143,0.1543,1.19
380.0,2.2934,2.281,2.2511,0.188,0.156,0.03,0.821,0.02463,1.22
390.0,2.2768,2.2479,2.239,0.188,0.062,0.03,1.579,0.04738,1.26
400.0,2.2912,2.2448,2.2468,0.203,0.188,0.03,0.6897,0.02069,1.29
410.0,2.2662,2.257,2.234,0.18,0.062,0.03,1.445,0.04336,1.32
420.0,2.2858,2.2731,2.2754,0.172,0.125,0.03,1.997,0.05992,1.35
430.0,2.2581,2.2828,2.2719,0.133,0.188,0.03,1.539,0.04616,1.38
440.0,2.2574,2.2718,2.251,0.191,0.125,0.03,1.588,0.04763,1.41
450.0,2.2851,2.2723,2.243,0.141,0.125,0.03,0.8348,0.02505,1.44
460.0,2.2237,2.2684,2.2704,0.121,0.125,0.03,1.994,0.05981,1.47
470.0,2.2548,2.2566,2.2346,0.184,0.031,0.03,1.857,0.05571,1.5
480.0,2.1695,2.2491,2.2268,0.176,0.125,0.03,0.9069,0.02721,1.53
490.0,2.1426,2.2364,2.2177,0.207,0.219,0.03,0.892,0.02676,1.56
500.0,2.175,2.2423,2.2329,0.164,0.125,0.03,1.15,0.03449,1.6
510.0,2.2215,2.2575,2.2054,0.207,0.125,0.03,1.313,0.03938,1.63
520.0,2.2277,2.2564,2.2263,0.133,0.219,0.03,1.853,0.0556,1.66
530.0,2.2291,2.2454,2.2078,0.18,0.125,0.03,1.109,0.03326,1.69
540.0,2.1478,2.2285,2.2349,0.191,0.281,0.03,1.301,0.03902,1.72
550.0,2.1846,2.2007,2.2096,0.172,0.219,0.03,1.144,0.03431,1.75
560.0,2.26,2.2259,2.2686,0.137,0.125,0.03,0.9749,0.02925,1.79
570.0,2.2467,2.2447,2.2459,0.148,0.094,0.03,1.444,0.04333,1.82
580.0,2.1576,2.2074,2.2242,0.145,0.188,0.03,0.7602,0.0228,1.85
590.0,2.1111,2.1979,2.1858,0.227,0.156,0.03,0.6719,0.02016,1.88
600.0,2.4511,2.2228,2.4123,0.125,0.094,0.03,2.247,0.06742,1.91
610.0,2.2856,2.2399,2.1886,0.148,0.156,0.03,1.157,0.0347,1.94
620.0,2.2272,2.2184,2.2481,0.105,0.281,0.03,1.986,0.05958,1.97
630.0,2.1532,2.2032,2.2501,0.141,0.219,0.03,1.576,0.04727,2.01
640.0,2.2075,2.215,2.2161,0.176,0.219,0.03,1.613,0.04838,2.04
650.0,2.1788,2.2265,2.2278,0.168,0.156,0.03,1.292,0.03875,2.07
660.0,2.2737,2.2183,2.1834,0.195,0.188,0.03,0.9542,0.02863,2.1
670.0,2.1811,2.1941,2.1957,0.16,0.188,0.03,1.01,0.03031,2.13
680.0,2.1539,2.2136,2.1991,0.168,0.219,0.03,1.773,0.05319,2.22
690.0,2.248,2.1996,2.1489,0.207,0.062,0.03,2.794,0.08383,2.26
700.0,2.0706,2.1674,2.1635,0.191,0.156,0.03,0.7057,0.02117,2.29
710.0,2.0989,2.1771,2.1988,0.152,0.125,0.03,0.7964,0.02389,2.32
720.0,2.0878,2.1844,2.1753,0.211,0.156,0.03,1.301,0.03902,2.36
730.0,2.1681,2.1832,2.2021,0.148,0.156,0.03,1.497,0.04491,2.39
740.0,2.1494,2.1883,2.1618,0.172,0.125,0.03,2.409,0.07227,2.42
750.0,2.2162,2.2044,2.1644,0.164,0.094,0.03,1.234,0.03703,2.45
760.0,2.2931,2.1866,2.2787,0.137,0.156,0.03,2.084,0.06251,2.48
770.0,2.2349,2.1752,2.1482,0.168,0.188,0.03,1.266,0.03799,2.52
780.0,2.2025,2.1741,2.176,0.176,0.156,0.03,2.391,0.07173,2.56
790.0,2.1068,2.1663,2.1818,0.191,0.125,0.03,1.885,0.05656,2.59
800.0,2.1213,2.1846,2.1499,0.188,0.25,0.03,0.6363,0.01909,2.63
810.0,2.1269,2.165,2.1238,0.191,0.188,0.03,1.717,0.0515,2.68
820.0,2.2677,2.1527,2.1401,0.141,0.188,0.03,1.912,0.05737,2.74
830.0,1.998,2.1414,2.1648,0.16,0.219,0.03,2.433,0.07298,2.78
840.0,2.1044,2.1004,2.1722,0.16,0.094,0.03,2.183,0.06548,2.81
850.0,2.3238,2.1269,2.137,0.164,0.094,0.03,3.632,0.1089,2.85
860.0,2.1107,2.1867,2.143,0.137,0.125,0.03,1.449,0.04346,2.89
870.0,2.1601,2.193,2.1874,0.156,0.188,0.03,3.201,0.09602,2.92
880.0,2.1791,2.1709,2.1404,0.207,0.156,0.03,0.9018,0.02705,2.95
890.0,2.1609,2.1742,2.1761,0.145,0.094,0.03,2.095,0.06286,2.99
900.0,2.052,2.1753,2.1396,0.16,0.25,0.03,4.046,0.1214,3.02
910.0,2.2444,2.1829,2.149,0.172,0.094,0.03,1.34,0.04021,3.05
920.0,2.2007,2.1752,2.1657,0.125,0.125,0.03,1.903,0.05709,3.08
930.0,2.0467,2.1452,2.1116,0.219,0.25,0.03,1.441,0.04324,3.12
940.0,2.119,2.1458,2.1446,0.203,0.156,0.03,1.105,0.03315,3.15
950.0,1.9686,2.1471,2.1328,0.141,0.219,0.03,1.346,0.04037,3.19
960.0,2.1979,2.1301,2.1124,0.188,0.156,0.03,1.144,0.03432,3.24
970.0,2.0398,2.1339,2.1072,0.188,0.094,0.03,1.246,0.03737,3.28
980.0,2.0972,2.1148,2.1024,0.176,0.188,0.03,1.428,0.04283,3.31
990.0,2.1385,2.116,2.1007,0.176,0.094,0.03,2.075,0.06226,3.35
1000.0,2.0758,2.1135,2.1003,0.176,0.156,0.03,1.889,0.05668,3.39
1010.0,2.2478,2.1007,2.1894,0.188,0.156,0.03,5.863,0.1759,3.42
1020.0,1.8912,2.1023,2.0942,0.223,0.375,0.03,1.17,0.03511,3.45
1030.0,2.1508,2.113,2.1591,0.133,0.219,0.03,0.9072,0.02722,3.49
1040.0,1.9233,2.1196,2.1103,0.18,0.219,0.03,1.498,0.04495,3.52
1050.0,2.4253,2.1195,2.3808,0.156,0.188,0.03,2.838,0.08514,3.55
1060.0,2.1757,2.1417,2.1724,0.125,0.25,0.03,2.059,0.06177,3.58
1070.0,2.0331,2.1139,2.1137,0.141,0.156,0.03,2.672,0.08016,3.62
1080.0,2.1244,2.1057,2.1517,0.168,0.219,0.03,2.266,0.06797,3.65
1090.0,2.2704,2.1492,2.1285,0.18,0.188,0.03,2.492,0.07476,3.69
1100.0,2.2375,2.1351,2.0879,0.191,0.25,0.03,1.657,0.04971,3.72
1110.0,2.0587,2.1144,2.0965,0.188,0.25,0.03,1.037,0.03111,3.75
1120.0,2.1814,2.1282,2.2522,0.16,0.125,0.03,2.174,0.06522,3.78
1130.0,2.2192,2.1414,2.1416,0.184,0.125,0.03,2.813,0.08439,3.81
1140.0,2.0817,2.1216,2.3351,0.125,0.188,0.03,1.759,0.05276,3.84
1150.0,2.2188,2.0864,2.1021,0.148,0.188,0.03,1.62,0.04861,3.88
1160.0,2.0035,2.0897,2.1223,0.188,0.188,0.03,1.786,0.05359,3.91
1170.0,2.1624,2.1099,2.1033,0.207,0.156,0.03,0.8816,0.02645,3.94
1180.0,2.2806,2.118,2.123,0.211,0.156,0.03,1.551,0.04652,3.97
1190.0,2.0149,2.0806,2.0839,0.188,0.219,0.03,1.175,0.03524,4.01
1200.0,2.148,2.0923,2.1105,0.145,0.188,0.03,1.937,0.05812,4.04
1210.0,1.9999,2.1427,2.0936,0.211,0.219,0.03,1.777,0.05332,4.08
1220.0,2.0786,2.1319,2.1125,0.195,0.156,0.03,2.126,0.06378,4.11
1230.0,2.0745,2.1002,2.0933,0.188,0.094,0.03,2.489,0.07467,4.14
1240.0,2.1871,2.1148,2.1004,0.18,0.156,0.03,1.139,0.03418,4.17
1250.0,1.9779,2.1068,2.0873,0.203,0.281,0.03,1.361,0.04084,4.2
1260.0,2.1093,2.0977,2.1265,0.184,0.156,0.03,2.483,0.07448,4.23
1270.0,2.1187,2.115,2.0749,0.203,0.125,0.03,1.375,0.04126,4.27
1280.0,2.0422,2.0946,2.0994,0.16,0.281,0.03,4.109,0.1233,4.31
1290.0,2.1867,2.0977,2.1559,0.18,0.188,0.03,2.653,0.07959,4.34
1300.0,2.1089,2.0905,2.0977,0.191,0.125,0.03,1.62,0.04859,4.37
1310.0,1.9682,2.0991,2.0739,0.195,0.344,0.03,1.757,0.0527,4.4
1320.0,2.066,2.1201,2.1433,0.184,0.156,0.03,3.352,0.1006,4.43
1330.0,1.9568,2.0768,2.0855,0.199,0.156,0.03,1.783,0.05348,4.46
1340.0,2.1233,2.0988,2.0789,0.184,0.219,0.03,1.845,0.05534,4.49
1350.0,2.0886,2.1211,2.0823,0.223,0.344,0.03,1.188,0.03563,4.52
1360.0,1.9127,2.0588,2.0731,0.203,0.344,0.03,1.732,0.05197,4.55
1370.0,1.9887,2.0479,2.1095,0.168,0.25,0.03,1.319,0.03956,4.58
1380.0,1.9197,2.0644,2.1,0.184,0.219,0.03,1.481,0.04444,4.61
1390.0,2.0784,2.0802,2.0805,0.191,0.125,0.03,1.634,0.04901,4.64
1400.0,2.2497,2.1031,2.0942,0.207,0.188,0.03,2.525,0.07574,4.67
1410.0,2.1875,2.0968,2.122,0.188,0.156,0.03,2.407,0.07221,4.7
1420.0,1.9274,2.0484,2.0799,0.184,0.344,0.03,1.934,0.05803,4.73
1430.0,2.1875,2.0448,2.096,0.148,0.219,0.03,3.252,0.09756,4.76
1440.0,2.2254,2.0797,2.0792,0.219,0.156,0.03,2.803,0.0841,4.79
1450.0,2.0382,2.0928,2.087,0.223,0.188,0.03,2.059,0.06177,4.82
1460.0,2.0779,2.1098,2.0849,0.219,0.219,0.03,2.183,0.06548,4.85
1470.0,2.11,2.0697,2.1201,0.172,0.219,0.03,5.139,0.1542,4.88
1480.0,2.1876,2.0567,2.1566,0.137,0.094,0.03,2.819,0.08456,4.91
1490.0,2.0566,2.0462,2.0551,0.164,0.219,0.03,1.309,0.03927,4.94
1500.0,2.3301,2.0738,2.0691,0.168,0.125,0.03,3.294,0.09882,4.97
1510.0,2.0999,2.1149,2.0631,0.168,0.219,0.03,1.206,0.03618,5.0
1520.0,2.0178,2.1182,2.0462,0.211,0.25,0.03,1.469,0.04408,5.04
1530.0,2.0123,2.0998,2.0721,0.199,0.25,0.03,3.743,0.1123,5.07
1540.0,2.1804,2.0823,2.0692,0.207,0.125,0.03,0.7496,0.02249,5.1
1550.0,2.0914,2.0879,2.0637,0.223,0.156,0.03,1.907,0.0572,5.13
1560.0,1.8319,2.0482,2.0434,0.223,0.219,0.03,4.017,0.1205,5.16
1570.0,2.201,2.0598,2.197,0.191,0.25,0.03,3.632,0.109,5.19
1580.0,1.9229,2.0512,2.045,0.219,0.281,0.03,2.08,0.0624,5.22
1590.0,1.8733,2.0298,2.072,0.191,0.312,0.03,2.936,0.08808,5.25
1600.0,1.9698,2.0639,2.0654,0.215,0.219,0.03,2.548,0.07643,5.28
1610.0,1.7804,2.0422,2.0531,0.227,0.344,0.03,1.702,0.05105,5.31
1620.0,1.9933,2.042,2.0732,0.211,0.219,0.03,1.111,0.03334,5.34
1630.0,1.8447,2.0649,2.0711,0.18,0.344,0.03,2.29,0.06869,5.37
1640.0,1.8933,2.0316,2.0282,0.199,0.312,0.03,1.627,0.04881,5.4
1650.0,2.0315,2.0704,2.055,0.199,0.188,0.03,1.885,0.05654,5.43
1660.0,2.0957,2.0478,2.0485,0.203,0.281,0.03,2.308,0.06924,5.46
1670.0,1.9622,2.0324,2.1424,0.168,0.219,0.03,3.742,0.1123,5.5
1680.0,2.0737,2.0876,2.0288,0.195,0.25,0.03,1.644,0.04933,5.53
1690.0,2.1723,2.0648,2.1075,0.215,0.156,0.03,2.918,0.08753,5.56
1700.0,1.9846,2.0081,2.0604,0.242,0.281,0.03,2.658,0.07974,5.59
1710.0,2.0823,2.0116,2.0333,0.227,0.219,0.03,0.8073,0.02422,5.62
1720.0,2.1499,2.0277,2.1796,0.172,0.031,0.03,5.11,0.1533,5.65
1730.0,2.1211,2.037,2.0317,0.219,0.25,0.03,2.409,0.07226,5.68
1740.0,2.1158,2.087,2.1479,0.27,0.281,0.03,3.13,0.0939,5.71
1750.0,2.0571,2.0888,2.0645,0.234,0.281,0.03,1.525,0.04576,5.74
1760.0,2.244,2.0709,2.0937,0.16,0.188,0.03,1.47,0.0441,5.77
1770.0,1.9589,2.0738,2.1025,0.234,0.125,0.03,5.031,0.1509,5.82
1780.0,1.918,2.0627,2.0679,0.199,0.281,0.03,2.869,0.08608,5.87
1790.0,1.8409,2.035,2.0321,0.223,0.375,0.03,1.211,0.03632,5.9
1800.0,1.9111,2.0187,2.0776,0.242,0.219,0.03,1.136,0.03409,5.93
1810.0,1.8914,2.0271,2.0209,0.223,0.375,0.03,2.486,0.07458,5.96
1820.0,1.9017,2.011,2.0397,0.27,0.25,0.03,2.595,0.07784,5.99
1830.0,2.124,2.0157,2.0693,0.199,0.188,0.03,4.096,0.1229,6.02
1840.0,2.302,2.0671,2.0868,0.145,0.125,0.03,2.359,0.07077,6.05
1850.0,1.9741,2.0656,2.0731,0.148,0.156,0.03,1.528,0.04583,6.08
1860.0,2.1863,2.0504,2.0539,0.188,0.188,0.03,1.447,0.04341,6.12
1870.0,1.9424,2.0561,2.0678,0.223,0.375,0.03,1.857,0.05571,6.15
1880.0,1.983,2.0169,2.0432,0.215,0.25,0.03,1.896,0.05689,6.18
1890.0,2.0176,2.0485,2.0309,0.223,0.281,0.03,1.526,0.04577,6.21
1900.0,1.9036,2.0835,2.0645,0.188,0.219,0.03,1.068,0.03203,6.24
1910.0,2.2165,2.038,2.0347,0.227,0.219,0.03,3.073,0.0922,6.27
1920.0,2.1118,2.0416,2.113,0.168,0.156,0.03,1.174,0.03521,6.3
1930.0,2.2065,2.0471,2.0162,0.207,0.219,0.03,1.174,0.03523,6.33
1940.0,1.8816,1.9996,2.0225,0.223,0.188,0.03,1.205,0.03615,6.36
1950.0,2.0753,1.9804,2.1436,0.195,0.281,0.03,2.92,0.08759,6.39
1960.0,1.9045,2.0255,2.0437,0.195,0.25,0.03,1.998,0.05993,6.42
1970.0,2.198,2.0407,2.2084,0.172,0.125,0.03,4.709,0.1413,6.45
1980.0,2.1267,2.0197,2.0277,0.184,0.156,0.03,0.7773,0.02332,6.48
1990.0,2.2452,2.0563,2.0277,0.254,0.062,0.03,2.566,0.07698,6.51
2000.0,2.0861,2.0397,2.0138,0.234,0.25,0.03,2.463,0.07389,6.54
2010.0,1.9005,2.0121,2.0218,0.215,0.375,0.03,1.107,0.03321,6.57
2020.0,2.0532,2.011,2.018,0.223,0.188,0.03,1.124,0.03371,6.6
2030.0,1.942,2.0204,2.031,0.164,0.375,0.03,2.261,0.06783,6.63
2040.0,1.9291,2.0536,2.0521,0.203,0.281,0.03,3.718,0.1115,6.66
2050.0,1.9954,2.0503,2.0296,0.215,0.281,0.03,1.219,0.03657,6.69
2060.0,2.1079,2.0664,2.072,0.215,0.188,0.03,2.49,0.0747,6.72
2070.0,2.1056,2.062,2.0238,0.191,0.125,0.03,2.123,0.06368,6.75
2080.0,1.9264,2.036,2.0068,0.27,0.344,0.03,2.721,0.08162,6.78
2090.0,2.0311,2.0235,2.0674,0.211,0.281,0.03,2.467,0.07401,6.81
2100.0,1.8345,1.998,2.05,0.207,0.438,0.03,1.651,0.04954,6.84
2110.0,1.9513,2.0028,2.0305,0.246,0.219,0.03,1.123,0.0337,6.87
2120.0,2.3427,2.0468,2.0355,0.199,0.188,0.03,1.737,0.05212,6.9
2130.0,1.9591,2.0424,2.0093,0.238,0.219,0.03,1.668,0.05003,6.93
2140.0,1.9488,2.0334,2.0196,0.215,0.219,0.03,1.824,0.05472,6.96
2150.0,1.9522,2.0345,2.0058,0.234,0.281,0.03,1.676,0.05029,6.99
2160.0,1.7996,2.0296,2.0322,0.23,0.312,0.03,1.043,0.03129,7.02
2170.0,1.8862,2.0226,2.0065,0.219,0.25,0.03,1.486,0.04458,7.05
2180.0,1.7895,2.0381,2.0085,0.23,0.344,0.03,3.518,0.1055,7.08
2190.0,1.9597,2.0351,2.0045,0.242,0.188,0.03,2.371,0.07113,7.11
2200.0,2.0305,2.0041,1.9891,0.25,0.281,0.03,2.301,0.06903,7.14
2210.0,1.9402,2.011,2.019,0.223,0.281,0.03,1.601,0.04802,7.17
2220.0,2.195,2.0249,2.0305,0.195,0.219,0.03,2.354,0.07062,7.2
2230.0,2.1212,2.043,2.0562,0.184,0.281,0.03,3.52,0.1056,7.23
2240.0,2.1749,2.0581,2.0283,0.219,0.125,0.03,2.075,0.06224,7.26
2250.0,2.0782,2.0249,1.9909,0.242,0.219,0.03,2.421,0.07264,7.29
2260.0,2.0424,2.0171,1.9922,0.219,0.25,0.03,2.453,0.07358,7.32
2270.0,2.019,2.0462,2.0144,0.211,0.344,0.03,2.183,0.0655,7.36
2280.0,2.2382,2.0327,2.0355,0.254,0.312,0.03,3.412,0.1024,7.39
2290.0,1.9671,2.0244,1.999,0.223,0.188,0.03,1.749,0.05246,7.42
2300.0,2.0336,1.9918,2.0364,0.172,0.219,0.03,1.771,0.05312,7.45
2310.0,1.9949,1.9913,1.9975,0.203,0.344,0.03,1.781,0.05342,7.48
2320.0,2.1056,2.0425,2.0657,0.215,0.188,0.03,2.408,0.07225,7.51
2330.0,1.9514,2.0278,2.0135,0.207,0.25,0.03,3.058,0.09173,7.54
2340.0,2.0891,2.0133,1.9964,0.215,0.094,0.03,2.562,0.07685,7.57
2350.0,1.8858,2.0039,2.0391,0.227,0.25,0.03,2.023,0.06068,7.6
2360.0,2.1504,2.02,2.1802,0.199,0.188,0.03,3.928,0.1178,7.63
2370.0,2.0019,2.0554,1.9955,0.211,0.188,0.03,1.125,0.03374,7.66
2380.0,1.9276,2.0311,1.9986,0.234,0.219,0.03,1.017,0.0305,7.7
2390.0,1.9877,2.0069,2.0147,0.23,0.25,0.03,3.228,0.09684,7.73
2400.0,1.9946,1.9787,2.0162,0.223,0.188,0.03,1.258,0.03774,7.76
2410.0,1.9842,1.9926,2.0079,0.215,0.25,0.03,1.109,0.03328,7.79
2420.0,2.059,2.0289,2.0423,0.234,0.188,0.03,2.613,0.0784,7.82
2430.0,1.9672,2.039,2.0442,0.238,0.312,0.03,1.127,0.03381,7.85
2440.0,1.9227,2.0417,2.0742,0.184,0.281,0.03,2.327,0.06981,7.88
2450.0,2.1062,2.0258,2.0044,0.258,0.312,0.03,2.768,0.08305,7.91
2460.0,2.121,2.0476,2.0034,0.207,0.312,0.03,2.116,0.06349,7.94
2470.0,1.908,2.0075,2.0359,0.211,0.344,0.03,1.788,0.05364,7.98
2480.0,2.0813,1.9833,2.0511,0.191,0.188,0.03,3.031,0.09093,8.1
2490.0,2.0029,2.0211,2.002,0.242,0.188,0.03,3.247,0.0974,8.13
2500.0,2.1774,2.0117,2.0448,0.191,0.125,0.03,4.153,0.1246,8.16
2510.0,2.1623,2.0004,2.0463,0.246,0.188,0.03,4.154,0.1246,8.19
2520.0,2.0009,2.0033,1.9991,0.23,0.344,0.03,5.032,0.151,8.23
2530.0,2.1746,2.0027,1.9849,0.25,0.188,0.03,2.09,0.06269,8.26
2540.0,1.8867,2.0006,2.0015,0.223,0.219,0.03,2.646,0.07939,8.3
2550.0,1.8272,1.9864,2.0005,0.273,0.312,0.03,1.996,0.05987,8.33
2560.0,1.9655,1.9706,2.0255,0.227,0.281,0.03,4.729,0.1419,8.37
2570.0,2.044,2.0092,2.0354,0.195,0.125,0.03,2.43,0.0729,8.42
2580.0,1.9673,2.0417,2.0131,0.207,0.094,0.03,2.512,0.07535,8.45
2590.0,1.8093,2.0269,2.059,0.25,0.25,0.03,2.922,0.08767,8.49
2600.0,1.7639,1.9846,2.0008,0.215,0.344,0.03,1.935,0.05804,8.52
2610.0,1.971,1.9679,2.0351,0.266,0.344,0.03,1.552,0.04656,8.56
2620.0,2.1286,1.9571,1.9966,0.23,0.219,0.03,3.275,0.09825,8.6
2630.0,1.6522,1.9473,1.9994,0.242,0.406,0.03,1.784,0.05352,8.64
2640.0,1.996,2.0354,2.0108,0.234,0.188,0.03,1.597,0.04792,8.68
2650.0,1.7558,2.0296,2.0181,0.25,0.344,0.03,2.373,0.07118,8.72
2660.0,1.9486,1.9609,2.0291,0.23,0.281,0.03,1.651,0.04954,8.75
2670.0,2.0812,1.9644,1.997,0.215,0.25,0.03,2.934,0.08801,8.79
2680.0,1.86,1.965,2.0494,0.207,0.375,0.03,2.18,0.06541,8.84
2690.0,1.9672,1.9813,1.9954,0.199,0.344,0.03,2.356,0.07069,8.87
2700.0,1.9069,2.0102,1.9974,0.203,0.25,0.03,1.893,0.05678,8.9
2710.0,1.9052,2.0394,2.0451,0.215,0.25,0.03,2.076,0.06228,8.94
2720.0,1.7385,2.0033,2.0047,0.223,0.469,0.03,2.954,0.08863,8.97
2730.0,1.8931,1.9845,2.0369,0.242,0.125,0.03,3.008,0.09024,9.0
2740.0,1.8913,2.0322,2.0088,0.199,0.312,0.03,1.779,0.05337,9.03
2750.0,1.8574,2.0479,1.9856,0.242,0.156,0.03,1.919,0.05756,9.06
2760.0,1.9367,2.0243,2.0049,0.262,0.219,0.03,1.402,0.04206,9.1
2770.0,1.8845,1.9941,2.0612,0.25,0.406,0.03,1.85,0.0555,9.14
2780.0,1.9998,2.0154,2.0776,0.199,0.219,0.03,1.663,0.04988,9.17
2790.0,2.1302,2.0454,2.0017,0.262,0.125,0.03,1.655,0.04965,9.21
2800.0,2.0634,2.0194,2.0083,0.211,0.125,0.03,2.929,0.08787,9.24
2810.0,1.9,1.9701,2.0203,0.254,0.188,0.03,1.411,0.04233,9.27
2820.0,2.0538,1.9721,2.0182,0.238,0.156,0.03,1.63,0.04889,9.3
2830.0,2.0002,1.9807,1.9842,0.258,0.344,0.03,1.487,0.04462,9.33
2840.0,1.9112,1.9692,2.0461,0.254,0.219,0.03,3.155,0.09464,9.37
2850.0,1.9768,1.9942,1.9941,0.25,0.219,0.03,2.183,0.06548,9.4
2860.0,1.9674,2.0149,2.006,0.199,0.281,0.03,1.802,0.05407,9.44
2870.0,2.0891,2.0083,1.9823,0.25,0.25,0.03,1.519,0.04556,9.47
2880.0,2.012,2.0123,2.0194,0.242,0.281,0.03,1.869,0.05608,9.5
2890.0,1.993,1.976,2.0118,0.238,0.281,0.03,2.883,0.08649,9.54
2900.0,2.0367,1.92,2.1075,0.18,0.25,0.03,3.783,0.1135,9.58
2910.0,2.2454,1.9687,2.007,0.199,0.25,0.03,2.521,0.07562,9.61
2920.0,1.9933,2.0134,1.9895,0.227,0.125,0.03,1.802,0.05407,9.64
2930.0,2.1573,2.0231,2.0292,0.246,0.188,0.03,2.505,0.07514,9.67
2940.0,1.8422,1.999,2.0441,0.238,0.281,0.03,2.094,0.06282,9.71
2950.0,1.8902,1.9627,1.9962,0.199,0.281,0.03,2.097,0.06291,9.75
2960.0,2.141,1.9615,2.2587,0.164,0.25,0.03,4.822,0.1446,9.78
2970.0,1.9111,1.9401,2.0247,0.227,0.375,0.03,3.433,0.103,9.82
2980.0,1.8132,1.9298,1.9801,0.242,0.406,0.03,1.445,0.04334,9.86
2990.0,2.072,1.9808,2.0144,0.227,0.188,0.03,3.627,0.1088,9.89
3000.0,2.1499,2.0281,2.0283,0.211,0.156,0.03,2.479,0.07438,9.93
3010.0,2.2243,2.0658,1.9768,0.266,0.188,0.03,2.28,0.0684,9.96
3020.0,1.8692,2.0174,2.007,0.266,0.312,0.03,2.215,0.06645,10.0
3030.0,2.0051,1.9844,1.9886,0.246,0.125,0.03,2.121,0.06363,10.03
3040.0,2.0858,2.0075,1.9863,0.246,0.375,0.03,2.383,0.07148,10.06
3050.0,1.9271,2.0177,2.0155,0.27,0.312,0.03,1.262,0.03786,10.1
3060.0,2.2223,2.0674,2.0517,0.199,0.125,0.03,2.983,0.0895,10.13
3070.0,1.9063,2.0218,2.023,0.215,0.344,0.03,3.287,0.09862,10.16
3080.0,2.0589,2.0272,2.0301,0.195,0.219,0.03,2.583,0.07748,10.19
3090.0,1.9536,2.0442,2.0796,0.207,0.344,0.03,1.482,0.04447,10.22
3100.0,1.8245,2.0178,2.0313,0.238,0.312,0.03,1.999,0.05998,10.25
3110.0,1.8941,1.986,2.0078,0.246,0.188,0.03,3.103,0.09309,10.28
3120.0,1.9155,1.9618,1.9895,0.254,0.281,0.03,2.014,0.06043,10.31
3130.0,1.7933,1.9494,1.9912,0.234,0.406,0.03,2.678,0.08035,10.34
3140.0,2.0849,1.9556,1.9894,0.238,0.281,0.03,3.367,0.101,10.37
3150.0,1.8539,1.9876,2.0277,0.262,0.25,0.03,1.57,0.0471,10.4
3160.0,1.9638,1.9941,1.9928,0.219,0.219,0.03,2.763,0.08289,10.43
3170.0,2.3226,1.9918,2.0865,0.254,0.188,0.03,1.655,0.04966,10.47
3180.0,1.7902,1.9735,2.0096,0.246,0.312,0.03,1.348,0.04045,10.5
3190.0,2.0703,2.012,1.9903,0.262,0.406,0.03,1.663,0.04988,10.53
3200.0,1.88,2.031,1.9836,0.223,0.219,0.03,1.828,0.05483,10.56
3210.0,1.7468,1.982,1.9992,0.25,0.438,0.03,3.187,0.0956,10.59
3220.0,1.8752,1.9213,2.0351,0.23,0.281,0.03,1.86,0.0558,10.62
3230.0,1.7804,1.909,1.9988,0.211,0.344,0.03,2.446,0.07339,10.65
3240.0,1.8988,1.9818,2.007,0.25,0.375,0.03,2.055,0.06165,10.68
3250.0,1.9002,2.026,2.0123,0.262,0.25,0.03,3.117,0.09352,10.71
3260.0,2.1495,1.9847,1.992,0.254,0.281,0.03,1.801,0.05402,10.74
3270.0,1.8193,1.9839,2.0143,0.258,0.219,0.03,1.711,0.05133,10.77
3280.0,1.9396,1.9717,1.9928,0.242,0.25,0.03,1.642,0.04925,10.8
3290.0,1.9813,1.9497,2.005,0.234,0.312,0.03,1.161,0.03483,10.85
3300.0,1.8527,1.9757,2.0297,0.176,0.156,0.03,1.467,0.044,10.89
3310.0,1.7834,1.9616,1.9972,0.219,0.438,0.03,2.866,0.08599,10.92
3320.0,1.9104,1.9624,2.0113,0.219,0.312,0.03,3.694,0.1108,10.95
3330.0,1.9037,1.9679,1.9819,0.223,0.25,0.03,1.28,0.0384,10.99
3340.0,2.1332,1.9841,2.0098,0.234,0.281,0.03,2.063,0.06188,11.02
3350.0,1.8049,1.9796,1.9976,0.215,0.406,0.03,2.699,0.08098,11.05
3360.0,1.9626,1.9495,1.9847,0.238,0.188,0.03,1.839,0.05518,11.09
3370.0,1.8954,1.9584,2.0212,0.27,0.281,0.03,3.204,0.09611,11.13
3380.0,2.0514,1.9872,1.9764,0.258,0.312,0.03,2.239,0.06717,11.16
3390.0,1.7615,1.9641,1.9912,0.227,0.281,0.03,1.806,0.05417,11.19
3400.0,1.7896,1.9396,2.0769,0.195,0.438,0.03,2.689,0.08067,11.22
3410.0,2.1049,2.0345,2.1306,0.168,0.281,0.03,2.458,0.07374,11.25
3420.0,1.7033,2.0579,1.9836,0.227,0.375,0.03,2.011,0.06032,11.28
3430.0,2.1151,2.0009,2.1451,0.184,0.125,0.03,3.491,0.1047,11.31
3440.0,1.9265,1.9743,2.0121,0.23,0.125,0.03,2.142,0.06427,11.34
3450.0,2.1274,1.964,2.1093,0.234,0.281,0.03,4.317,0.1295,11.38
3460.0,1.8645,1.9749,2.0149,0.238,0.312,0.03,1.473,0.04418,11.41
3470.0,1.7735,1.9488,2.0182,0.234,0.25,0.03,1.881,0.05644,11.44
3480.0,2.1472,1.9862,2.0019,0.242,0.094,0.03,2.669,0.08006,11.48
3490.0,1.878,1.9872,1.9776,0.254,0.25,0.03,2.87,0.08611,11.52
3500.0,2.2169,1.9493,2.2083,0.164,0.062,0.03,2.811,0.08434,11.55
3510.0,2.1072,1.9977,1.9876,0.254,0.281,0.03,1.347,0.0404,11.58
3520.0,1.9949,1.9911,2.1478,0.18,0.281,0.03,2.175,0.06524,11.61
3530.0,1.8613,2.0205,1.9929,0.238,0.25,0.03,1.266,0.03798,11.64
3540.0,1.8575,1.975,2.0048,0.227,0.25,0.03,3.008,0.09025,11.68
3550.0,1.9222,1.9069,2.0038,0.242,0.281,0.03,3.345,0.1004,11.71
3560.0,2.0957,1.9853,2.0097,0.223,0.25,0.03,2.173,0.06518,11.75
3570.0,1.995,1.9921,2.0024,0.246,0.281,0.03,3.865,0.116,11.78
3580.0,2.0066,1.9778,2.0344,0.254,0.312,0.03,1.746,0.05239,11.81
3590.0,1.7747,1.9808,1.9943,0.25,0.344,0.03,1.892,0.05677,11.85
3600.0,1.9215,1.9793,2.0399,0.227,0.25,0.03,2.694,0.08081,11.88
3610.0,1.9475,1.9961,2.0199,0.258,0.219,0.03,2.097,0.06291,11.92
3620.0,2.1337,1.9846,1.9915,0.25,0.344,0.03,2.781,0.08342,11.95
3630.0,1.9877,1.9865,2.0117,0.254,0.344,0.03,2.35,0.0705,11.98
3640.0,1.8982,2.0081,2.0042,0.281,0.25,0.03,1.78,0.0534,12.01
3650.0,1.9867,2.0099,1.9865,0.254,0.219,0.03,1.771,0.05312,12.05
3660.0,1.9965,1.994,1.9808,0.254,0.219,0.03,1.611,0.04834,12.11
3670.0,1.7595,1.9784,1.992,0.234,0.344,0.03,1.807,0.05421,12.16
3680.0,1.9184,1.9816,2.0098,0.23,0.312,0.03,1.491,0.04473,12.2
3690.0,1.7827,1.9524,2.013,0.207,0.406,0.03,2.18,0.06541,12.23
3700.0,1.7717,1.9137,1.9895,0.227,0.25,0.03,1.867,0.05601,12.27
3710.0,1.9888,1.981,2.0021,0.23,0.188,0.03,2.235,0.06706,12.3
3720.0,2.0149,2.0,1.9789,0.223,0.25,0.03,2.065,0.06195,12.34
3730.0,1.7291,1.9069,2.0343,0.254,0.344,0.03,1.613,0.04839,12.37
3740.0,2.0427,1.9281,2.0117,0.234,0.156,0.03,1.411,0.04232,12.41
3750.0,1.8292,1.971,2.0308,0.238,0.25,0.03,1.696,0.05089,12.44
3760.0,1.9112,1.9768,2.0198,0.238,0.406,0.03,2.178,0.06535,12.48
3770.0,2.0161,2.0064,2.0249,0.234,0.125,0.03,2.827,0.08481,12.52
3780.0,2.1314,1.989,1.9786,0.242,0.156,0.03,1.704,0.05113,12.55
3790.0,2.154,1.9874,1.9871,0.258,0.188,0.03,2.201,0.06604,12.59
3800.0,2.1395,2.0192,2.0156,0.266,0.188,0.03,2.782,0.08347,12.62
3810.0,1.9671,2.0276,2.0226,0.227,0.25,0.03,2.187,0.0656,12.65
3820.0,2.0181,1.9887,2.0289,0.215,0.344,0.03,1.98,0.05941,12.69
3830.0,1.9561,1.9725,1.9853,0.273,0.375,0.03,2.684,0.08053,12.72
3840.0,1.763,1.9534,1.993,0.273,0.281,0.03,1.751,0.05252,12.75
3850.0,2.0095,1.9483,1.9901,0.258,0.281,0.03,1.381,0.04142,12.78
3860.0,1.8728,1.941,2.0188,0.258,0.375,0.03,2.255,0.06764,12.82
3870.0,2.1165,1.9426,1.9747,0.242,0.312,0.03,1.727,0.05181,12.85
3880.0,2.4351,1.9871,2.0364,0.211,0.125,0.03,2.626,0.07877,12.88
3890.0,2.0552,1.9825,1.9942,0.223,0.25,0.03,1.845,0.05534,12.92
3900.0,1.7457,1.9616,1.9999,0.258,0.375,0.03,1.984,0.05951,12.96
3910.0,2.0162,1.9642,1.9767,0.242,0.25,0.03,1.465,0.04395,12.99
3920.0,2.1321,1.9715,2.0634,0.191,0.281,0.03,2.543,0.0763,13.02
3930.0,1.945,1.997,1.9828,0.238,0.312,0.03,1.789,0.05366,13.05
3940.0,1.9241,1.9896,1.9862,0.223,0.25,0.03,3.156,0.09469,13.09
3950.0,1.9059,1.9273,1.9808,0.258,0.281,0.03,2.456,0.07368,13.12
3960.0,2.0509,1.952,1.9793,0.246,0.188,0.03,3.236,0.09709,13.15
3970.0,2.1012,1.9775,1.9746,0.25,0.188,0.03,2.106,0.06318,13.18
3980.0,1.8892,1.9441,2.012,0.223,0.281,0.03,4.807,0.1442,13.22
3990.0,2.0176,1.963,1.9818,0.262,0.281,0.03,1.525,0.04574,13.25
4000.0,2.1002,1.9724,1.9807,0.27,0.312,0.03,2.959,0.08876,13.28
4010.0,2.1321,1.9608,2.0111,0.254,0.219,0.03,1.917,0.0575,13.31
4020.0,1.8146,1.9578,1.9722,0.254,0.219,0.03,1.735,0.05205,13.34
4030.0,2.1498,1.9581,1.9883,0.246,0.312,0.03,2.906,0.08718,13.37
4040.0,1.5274,1.9647,2.0197,0.262,0.469,0.03,1.063,0.03189,13.41
4050.0,1.7596,1.9341,1.9757,0.25,0.312,0.03,2.056,0.06167,13.44
4060.0,2.0905,1.9067,1.9852,0.227,0.219,0.03,2.228,0.06684,13.47
4070.0,1.793,1.9363,1.9796,0.262,0.438,0.03,2.985,0.08956,13.5
4080.0,1.9476,1.9761,1.9667,0.25,0.344,0.03,1.704,0.05111,13.53
4090.0,1.8127,1.9777,1.9908,0.211,0.312,0.03,2.711,0.08134,13.56
4100.0,1.966,1.9493,1.986,0.25,0.188,0.03,2.03,0.06091,13.59
4110.0,2.1931,1.9624,1.9755,0.266,0.094,0.03,2.185,0.06554,13.62
4120.0,1.9415,1.9535,2.0928,0.238,0.25,0.03,3.547,0.1064,13.66
4130.0,1.7234,1.9361,1.9839,0.254,0.344,0.03,1.124,0.03372,13.71
4140.0,1.8476,1.9292,1.9808,0.246,0.344,0.03,1.395,0.04185,13.75
4150.0,1.9446,1.902,1.9836,0.242,0.312,0.03,2.79,0.0837,13.78
4160.0,1.9353,1.9585,1.9797,0.266,0.375,0.03,1.379,0.04137,13.81
4170.0,1.9784,2.0147,1.9944,0.266,0.188,0.03,2.89,0.08669,13.85
4180.0,1.8878,1.9857,2.0016,0.25,0.375,0.03,1.69,0.05071,13.88
4190.0,1.7935,1.9424,2.0127,0.27,0.312,0.03,1.889,0.05668,13.91
4200.0,2.1408,1.941,1.9785,0.262,0.188,0.03,1.119,0.03356,13.94
4210.0,1.7709,1.9522,1.9712,0.215,0.375,0.03,1.322,0.03966,13.98
4220.0,1.8462,1.9287,1.9995,0.258,0.406,0.03,1.646,0.04939,14.01
4230.0,2.0951,1.9092,1.9897,0.258,0.188,0.03,1.547,0.04642,14.04
4240.0,1.8427,1.9365,1.9919,0.27,0.438,0.03,0.828,0.02484,14.07
4250.0,2.1367,1.9482,2.0816,0.246,0.156,0.03,2.957,0.08871,14.1
4260.0,1.809,1.9381,1.982,0.254,0.188,0.03,1.528,0.04583,14.13
4270.0,1.8389,1.9436,1.9739,0.23,0.281,0.03,2.266,0.06799,14.16
4280.0,1.805,1.9284,2.0097,0.277,0.406,0.03,2.25,0.06749,14.19
4290.0,1.8078,1.8713,2.0158,0.258,0.375,0.03,1.722,0.05167,14.22
4300.0,1.7526,1.8452,1.988,0.262,0.438,0.03,2.351,0.07053,14.25
4310.0,2.1917,1.9412,2.079,0.234,0.094,0.03,2.52,0.07561,14.29
4320.0,1.6888,1.9581,1.9906,0.234,0.406,0.03,1.551,0.04654,14.32
4330.0,1.7709,1.9084,1.9757,0.27,0.375,0.03,1.513,0.04538,14.36
4340.0,2.073,1.9576,2.0346,0.242,0.25,0.03,3.442,0.1033,14.39
4350.0,2.0538,1.983,1.9627,0.242,0.375,0.03,1.716,0.05148,14.44
4360.0,2.3984,2.024,2.1468,0.238,0.094,0.03,6.034,0.181,14.48
4370.0,2.0957,2.013,2.0404,0.246,0.125,0.03,5.068,0.152,14.52
4380.0,2.2668,1.9811,1.9984,0.238,0.125,0.03,2.397,0.0719,14.57
4390.0,1.9545,1.9904,1.9907,0.199,0.344,0.03,1.559,0.04676,14.6
4400.0,1.9089,1.9352,2.025,0.246,0.25,0.03,1.993,0.05979,14.63
4410.0,1.9367,1.9081,1.9721,0.246,0.219,0.03,1.494,0.04482,14.66
4420.0,1.9698,1.9293,1.9723,0.266,0.281,0.03,1.657,0.04972,14.7
4430.0,2.1178,1.9338,1.9752,0.238,0.281,0.03,2.457,0.07371,14.73
4440.0,1.8916,1.9501,1.9559,0.227,0.281,0.03,3.622,0.1087,14.76
4450.0,1.9974,1.9551,1.9674,0.234,0.188,0.03,2.745,0.08234,14.79
4460.0,1.9569,1.9574,1.9563,0.277,0.281,0.03,1.606,0.04819,14.83
4470.0,2.0416,1.953,2.0488,0.246,0.188,0.03,4.073,0.1222,14.86
4480.0,1.985,1.9355,1.9959,0.258,0.281,0.03,1.953,0.0586,14.89
4490.0,1.9748,1.9456,1.9672,0.242,0.344,0.03,1.522,0.04567,14.92
4500.0,2.1934,1.9597,1.9849,0.289,0.094,0.03,4.508,0.1352,14.95
4510.0,1.9046,1.9841,1.9706,0.23,0.219,0.03,1.813,0.05438,14.99
4520.0,2.1474,1.9205,1.976,0.266,0.219,0.03,3.981,0.1194,15.02
4530.0,2.0285,1.9219,1.9735,0.254,0.281,0.03,2.345,0.07036,15.05
4540.0,1.9406,2.0162,1.9585,0.246,0.312,0.03,1.424,0.04272,15.08
4550.0,1.7978,1.9905,1.9982,0.25,0.188,0.03,2.512,0.07536,15.11
4560.0,1.832,1.9211,2.0209,0.215,0.281,0.03,3.831,0.1149,15.14
4570.0,1.8046,1.9146,1.9922,0.246,0.344,0.03,1.214,0.03642,15.17
4580.0,1.9436,1.9643,1.9563,0.238,0.219,0.03,2.748,0.08243,15.2
4590.0,1.9948,1.9714,1.991,0.266,0.219,0.03,2.224,0.06671,15.23
4600.0,1.9331,1.9458,2.0925,0.18,0.344,0.03,1.318,0.03953,15.26
4610.0,1.9714,1.9523,1.9588,0.254,0.156,0.03,2.035,0.06104,15.29
4620.0,1.9718,1.9851,1.9675,0.246,0.344,0.03,2.557,0.07672,15.32
4630.0,1.8369,2.0163,1.9855,0.242,0.406,0.03,2.873,0.08618,15.35
4640.0,1.9297,2.0031,1.979,0.266,0.281,0.03,1.727,0.05181,15.38
4650.0,2.067,1.9674,1.9793,0.215,0.156,0.03,2.302,0.06906,15.41
4660.0,2.1809,1.9466,1.9665,0.215,0.125,0.03,2.547,0.07641,15.44
4670.0,1.9948,1.9369,1.9508,0.242,0.25,0.03,1.535,0.04605,15.47
4680.0,2.0563,1.9192,2.0082,0.242,0.25,0.03,2.805,0.08414,15.5
4690.0,2.2198,1.9182,2.1095,0.242,0.156,0.03,3.804,0.1141,15.54
4700.0,1.9556,1.8911,1.9834,0.254,0.312,0.03,3.175,0.09524,15.57
4710.0,1.9045,1.8864,2.0125,0.254,0.312,0.03,2.323,0.06969,15.6
4720.0,1.9728,1.9554,1.9712,0.238,0.188,0.03,1.72,0.05161,15.63
4730.0,1.7784,1.928,1.9812,0.266,0.344,0.03,1.687,0.05062,15.66
4740.0,2.0472,1.9082,1.97,0.242,0.25,0.03,2.931,0.08793,15.69
4750.0,2.0814,1.9688,1.9567,0.258,0.188,0.03,1.861,0.05582,15.72
4760.0,1.8835,1.9572,1.956,0.281,0.25,0.03,2.599,0.07796,15.75
4770.0,1.699,1.9406,1.9439,0.25,0.531,0.03,3.406,0.1022,15.78
4780.0,2.0287,1.9446,2.0112,0.266,0.25,0.03,2.539,0.07618,15.81
4790.0,1.9661,1.9058,1.9577,0.273,0.156,0.03,3.368,0.101,15.84
4800.0,1.8767,1.8951,2.0575,0.238,0.281,0.03,4.061,0.1218,15.87
4810.0,1.7623,1.9296,1.9708,0.281,0.344,0.03,2.781,0.08344,15.9
4820.0,2.1443,1.9743,1.9909,0.242,0.156,0.03,3.665,0.1099,15.93
4830.0,1.7826,1.9865,1.9451,0.254,0.281,0.03,1.868,0.05604,15.96
4840.0,1.7166,1.9171,2.0068,0.223,0.406,0.03,1.269,0.03808,15.99
4850.0,1.9788,1.8991,2.0166,0.234,0.375,0.03,2.02,0.06059,16.02
4860.0,2.0552,1.9594,1.9505,0.238,0.188,0.03,2.969,0.08907,16.05
4870.0,1.9882,1.9756,1.9772,0.246,0.219,0.03,1.828,0.05483,16.08
4880.0,1.9365,1.9581,1.95,0.262,0.25,0.03,2.154,0.06463,16.11
4890.0,1.8359,1.9316,1.9423,0.246,0.312,0.03,1.857,0.05572,16.14
4900.0,1.8404,1.9205,1.99,0.285,0.344,0.03,1.436,0.04309,16.17
4910.0,1.8711,1.9069,1.929,0.273,0.344,0.03,1.257,0.0377,16.2
4920.0,2.0538,1.9244,1.9607,0.242,0.281,0.03,2.612,0.07836,16.23
4930.0,1.7258,1.9455,1.9495,0.27,0.438,0.03,2.562,0.07686,16.26
4940.0,1.9072,1.9409,1.9839,0.242,0.188,0.03,2.168,0.06504,16.29
4950.0,1.8294,1.9289,1.967,0.246,0.312,0.03,3.594,0.1078,16.32
4960.0,1.9562,1.9459,1.9871,0.238,0.344,0.03,3.032,0.09095,16.35
4970.0,1.9552,1.9604,1.9833,0.281,0.312,0.03,2.66,0.07981,16.38
4980.0,1.8905,1.9351,2.0547,0.215,0.375,0.03,2.08,0.06241,16.41
4990.0,1.784,1.9014,1.9655,0.223,0.312,0.03,1.121,0.03364,16.44
5000.0,1.8141,1.9112,1.9953,0.23,0.281,0.03,1.751,0.05254,16.47
5010.0,1.7261,1.9358,1.9745,0.227,0.344,0.03,3.484,0.1045,16.5
5020.0,1.7571,1.9236,1.9799,0.234,0.281,0.03,1.355,0.04064,16.53
5030.0,1.7872,1.9395,2.0029,0.242,0.375,0.03,1.733,0.05199,16.56
5040.0,2.0547,1.97,1.9932,0.234,0.188,0.03,3.039,0.09116,16.59
5050.0,2.1695,1.9878,1.9615,0.238,0.25,0.03,2.112,0.06335,16.62
5060.0,2.1117,1.9741,1.9913,0.23,0.438,0.03,2.437,0.0731,16.65
5070.0,2.0906,1.9468,1.9615,0.23,0.156,0.03,1.818,0.05455,16.68
5080.0,1.8318,1.9246,2.0175,0.258,0.281,0.03,2.103,0.0631,16.71
5090.0,2.1023,1.9261,1.947,0.254,0.156,0.03,2.209,0.06628,16.74
5100.0,1.9363,1.9266,1.9445,0.23,0.25,0.03,2.415,0.07245,16.77
5110.0,2.3654,1.9395,2.0715,0.23,0.156,0.03,2.196,0.06587,16.8
5120.0,1.9146,1.9637,2.0148,0.25,0.219,0.03,1.439,0.04316,16.83
5130.0,1.7144,1.9406,1.9993,0.219,0.375,0.03,1.492,0.04477,16.86
5140.0,1.8974,1.9178,2.0209,0.23,0.375,0.03,1.909,0.05728,16.89
5150.0,1.7036,1.9033,1.9818,0.258,0.406,0.03,1.555,0.04665,16.92
5160.0,2.0873,1.9206,1.975,0.238,0.156,0.03,2.266,0.06799,16.95
5170.0,1.7984,1.9027,1.9657,0.242,0.344,0.03,2.166,0.06497,16.99
5180.0,1.8685,1.8985,1.9701,0.246,0.375,0.03,2.114,0.06343,17.02
5190.0,1.8357,1.9419,1.9822,0.242,0.312,0.03,2.251,0.06754,17.05
5200.0,2.141,1.9833,1.9635,0.238,0.25,0.03,2.434,0.07302,17.08
5210.0,1.8619,1.9895,1.958,0.23,0.406,0.03,1.104,0.03313,17.11
5220.0,1.7985,1.9534,1.9616,0.262,0.188,0.03,1.791,0.05373,17.14
5230.0,1.986,1.9449,1.953,0.262,0.25,0.03,1.84,0.05519,17.17
5240.0,1.7799,1.901,1.9729,0.223,0.25,0.03,1.538,0.04613,17.2
5250.0,1.8713,1.8829,2.0099,0.227,0.25,0.03,2.502,0.07505,17.23
5260.0,2.1259,1.9142,2.0244,0.246,0.281,0.03,2.017,0.06052,17.26
5270.0,1.8813,1.9327,2.024,0.258,0.312,0.03,1.421,0.04263,17.29
5280.0,2.2104,1.9631,1.9878,0.242,0.156,0.03,2.988,0.08965,17.32
5290.0,1.9086,1.9424,1.9828,0.242,0.125,0.03,4.557,0.1367,17.35
5300.0,2.0075,1.9147,1.9665,0.25,0.219,0.03,1.487,0.04461,17.38
5310.0,2.1026,1.9466,1.9894,0.242,0.281,0.03,2.575,0.07724,17.41
5320.0,1.8142,1.9382,1.9473,0.234,0.312,0.03,1.443,0.04328,17.44
5330.0,1.817,1.9498,1.9905,0.27,0.312,0.03,1.231,0.03694,17.47
5340.0,1.7455,1.9334,2.0686,0.219,0.281,0.03,1.687,0.05062,17.5
5350.0,2.1364,1.9262,1.9749,0.238,0.219,0.03,1.543,0.04628,17.53
5360.0,1.8706,1.9503,1.9789,0.246,0.312,0.03,2.013,0.06038,17.56
5370.0,1.9421,1.9672,1.9812,0.234,0.188,0.03,2.463,0.0739,17.59
5380.0,1.9922,1.9623,1.9737,0.25,0.156,0.03,1.502,0.04505,17.62
5390.0,1.9515,1.9386,1.9932,0.203,0.25,0.03,1.521,0.04563,17.65
5400.0,1.7762,1.9121,1.9571,0.223,0.406,0.03,1.967,0.05902,17.68
5410.0,1.7997,1.8955,1.9588,0.266,0.312,0.03,1.827,0.0548,17.71
5420.0,1.8972,1.9345,1.9897,0.219,0.219,0.03,2.079,0.06236,17.74
5430.0,1.9973,1.9366,2.0497,0.223,0.312,0.03,1.383,0.04148,17.77
5440.0,2.062,1.9297,1.9862,0.262,0.219,0.03,1.785,0.05356,17.8
5450.0,1.9049,1.9365,1.9699,0.23,0.219,0.03,2.895,0.08686,17.83
5460.0,1.9706,1.9369,1.9885,0.23,0.375,0.03,2.586,0.07759,17.86
5470.0,1.8148,1.9239,1.9411,0.258,0.281,0.03,3.298,0.09895,17.89
5480.0,1.8857,1.9271,1.9574,0.266,0.406,0.03,1.438,0.04315,17.92
5490.0,1.8337,1.9387,1.9865,0.262,0.312,0.03,2.416,0.07248,17.95
5500.0,1.7731,1.9519,1.979,0.227,0.375,0.03,2.775,0.08324,17.98
5510.0,1.7341,1.9588,1.9993,0.246,0.25,0.03,1.361,0.04082,18.02
5520.0,1.7069,1.9732,1.9887,0.25,0.375,0.03,1.663,0.04988,18.06
5530.0,1.8358,1.9797,1.9663,0.262,0.312,0.03,1.748,0.05244,18.1
5540.0,1.8173,1.9188,2.0208,0.219,0.219,0.03,2.366,0.07098,18.13
5550.0,1.9643,1.8918,1.9645,0.234,0.312,0.03,2.013,0.0604,18.16
5560.0,1.9403,1.9392,2.0117,0.254,0.312,0.03,2.078,0.06235,18.2
5570.0,1.785,1.935,1.9925,0.219,0.375,0.03,5.082,0.1524,18.23
5580.0,1.7902,1.9482,1.9951,0.25,0.375,0.03,1.565,0.04696,18.26
5590.0,2.2123,2.0,1.9818,0.219,0.219,0.03,1.962,0.05885,18.29
5600.0,1.9495,1.912,1.9733,0.27,0.312,0.03,3.009,0.09027,18.34
5610.0,1.7648,1.8666,1.9498,0.238,0.312,0.03,1.472,0.04415,18.37
5620.0,1.8699,1.905,1.9826,0.238,0.25,0.03,1.621,0.04864,18.4
5630.0,1.9018,1.9075,2.0266,0.227,0.219,0.03,2.771,0.08312,18.43
5640.0,2.0852,1.9547,1.9379,0.262,0.25,0.03,1.543,0.0463,18.46
5650.0,1.7879,1.9528,1.9898,0.27,0.281,0.03,2.965,0.08895,18.49
5660.0,1.9349,1.9338,1.9904,0.254,0.188,0.03,1.873,0.05618,18.52
5670.0,1.8486,1.8807,1.9318,0.246,0.375,0.03,2.364,0.07091,18.56
5680.0,1.9326,1.8832,1.9864,0.23,0.344,0.03,1.587,0.0476,18.6
5690.0,1.9331,1.9624,1.9876,0.266,0.281,0.03,2.159,0.06476,18.63
5700.0,2.0282,1.9615,1.9559,0.25,0.188,0.03,1.452,0.04355,18.66
5710.0,2.2377,1.9678,2.0028,0.242,0.188,0.03,3.091,0.09272,18.69
5720.0,1.8952,1.96,1.9441,0.242,0.281,0.03,1.421,0.04264,18.72
5730.0,2.0239,1.9428,1.9762,0.254,0.219,0.03,2.957,0.0887,18.75
5740.0,1.85,1.9397,1.9689,0.238,0.312,0.03,1.922,0.05765,18.78
5750.0,1.9211,1.9523,1.9638,0.266,0.312,0.03,1.822,0.05467,18.81
5760.0,1.986,1.9605,1.9834,0.25,0.281,0.03,2.254,0.06763,18.85
5770.0,1.9186,1.9198,1.9831,0.227,0.219,0.03,2.138,0.06414,18.89
5780.0,1.8427,1.8904,1.9676,0.238,0.281,0.03,1.652,0.04956,18.92
5790.0,1.7529,1.8837,1.9684,0.246,0.406,0.03,2.002,0.06005,18.96
5800.0,1.9231,1.9177,1.966,0.262,0.281,0.03,2.487,0.07461,18.99
5810.0,1.9089,1.9852,1.9718,0.262,0.25,0.03,3.185,0.09556,19.02
5820.0,1.7174,1.9425,1.9832,0.254,0.406,0.03,1.41,0.0423,19.06
5830.0,1.7375,1.8628,1.9631,0.246,0.406,0.03,1.557,0.0467,19.1
5840.0,1.8808,1.8306,1.926,0.254,0.25,0.03,1.932,0.05797,19.14
5850.0,1.8634,1.8698,1.9305,0.273,0.312,0.03,1.681,0.05043,19.18
5860.0,2.0668,1.9306,1.9584,0.27,0.312,0.03,2.255,0.06766,19.22
5870.0,1.6537,1.8952,1.9726,0.285,0.312,0.03,1.392,0.04175,19.26
5880.0,1.8797,1.9136,1.9333,0.262,0.438,0.03,2.061,0.06183,19.3
5890.0,1.6548,1.9104,1.9915,0.238,0.469,0.03,1.024,0.03073,19.34
5900.0,1.9,1.8955,1.9541,0.254,0.312,0.03,1.959,0.05877,19.39
5910.0,1.741,1.872,1.9257,0.25,0.281,0.03,2.016,0.06048,19.43
5920.0,1.9609,1.8573,1.9437,0.266,0.312,0.03,1.491,0.04472,19.46
5930.0,1.662,1.901,2.0112,0.23,0.375,0.03,2.768,0.08304,19.5
5940.0,1.8305,1.895,1.9521,0.254,0.344,0.03,1.737,0.0521,19.54
5950.0,1.795,1.9019,1.9289,0.27,0.281,0.03,2.774,0.08321,19.57
5960.0,2.0879,1.9007,1.9835,0.277,0.25,0.03,2.727,0.0818,19.6
5970.0,1.781,1.866,1.9817,0.238,0.375,0.03,1.529,0.04587,19.64
5980.0,1.699,1.84,1.9485,0.27,0.438,0.03,2.015,0.06045,19.67
5990.0,2.211,1.8923,1.936,0.238,0.312,0.03,2.297,0.06892,19.7
6000.0,1.8519,1.9295,1.939,0.281,0.312,0.03,2.048,0.06145,19.73
6010.0,1.9203,1.9001,1.9239,0.297,0.281,0.03,1.226,0.03677,19.76
6020.0,1.9389,1.9412,1.9431,0.266,0.281,0.03,1.65,0.0495,19.79
6030.0,1.8942,1.9777,1.9364,0.266,0.312,0.03,2.361,0.07082,19.82
6040.0,1.8291,1.9645,1.9715,0.246,0.188,0.03,1.561,0.04683,19.85
6050.0,2.0264,1.9686,1.989,0.242,0.312,0.03,5.41,0.1623,19.88
6060.0,1.9317,1.9486,1.9468,0.27,0.438,0.03,2.017,0.0605,19.91
6070.0,1.8095,1.9008,1.9336,0.281,0.281,0.03,1.911,0.05734,19.95
6080.0,1.6242,1.8763,1.9801,0.266,0.406,0.03,2.485,0.07454,19.98
6090.0,1.852,1.9073,1.971,0.25,0.25,0.03,2.64,0.07919,20.01
6100.0,1.9059,1.9367,2.132,0.227,0.312,0.03,3.024,0.09073,20.04
6110.0,2.0807,1.9402,1.9294,0.258,0.25,0.03,2.811,0.08432,20.08
6120.0,2.1096,1.9255,1.9793,0.262,0.25,0.03,2.459,0.07378,20.11
6130.0,1.9096,1.9589,1.9747,0.262,0.156,0.03,2.408,0.07223,20.15
6140.0,1.7807,1.9435,1.9572,0.273,0.344,0.03,1.649,0.04947,20.18
6150.0,2.0247,1.9425,1.946,0.277,0.281,0.03,3.613,0.1084,20.21
6160.0,1.9873,1.9808,1.9417,0.238,0.312,0.03,1.463,0.0439,20.24
6170.0,1.9059,1.9572,1.9914,0.234,0.25,0.03,1.92,0.0576,20.28
6180.0,2.1227,1.9663,2.0015,0.258,0.188,0.03,1.826,0.05478,20.31
6190.0,1.9602,1.9674,1.9364,0.266,0.406,0.03,1.921,0.05763,20.34
6200.0,1.8056,1.9252,1.9765,0.266,0.375,0.03,2.171,0.06513,20.37
6210.0,1.8307,1.9078,1.9829,0.277,0.281,0.03,1.984,0.05951,20.41
6220.0,1.9008,1.9231,1.9422,0.266,0.438,0.03,1.323,0.03969,20.44
6230.0,2.0535,1.9337,1.9236,0.273,0.344,0.03,1.282,0.03846,20.47
6240.0,1.9145,1.9502,1.9743,0.25,0.281,0.03,4.51,0.1353,20.5
6250.0,1.9038,1.9349,1.9343,0.262,0.219,0.03,1.535,0.04604,20.53
6260.0,1.9925,1.9456,1.9596,0.25,0.219,0.03,1.289,0.03867,20.56
6270.0,1.9985,1.9346,2.0151,0.258,0.344,0.03,1.939,0.05817,20.6
6280.0,1.963,1.9229,1.9659,0.242,0.281,0.03,4.58,0.1374,20.63
6290.0,2.0037,1.9395,1.9891,0.254,0.188,0.03,2.463,0.0739,20.68
6300.0,1.9191,1.886,1.925,0.27,0.438,0.03,2.643,0.07929,20.75
6310.0,1.9828,1.8635,1.986,0.258,0.25,0.03,1.518,0.04554,20.8
6320.0,1.7802,1.8943,1.9851,0.238,0.375,0.03,1.669,0.05006,20.85
6330.0,1.8235,1.8907,1.9275,0.277,0.469,0.03,1.732,0.05195,20.89
6340.0,1.8421,1.9138,1.9659,0.27,0.344,0.03,2.224,0.06672,20.93
6350.0,2.1276,1.9313,1.9943,0.266,0.281,0.03,1.732,0.05197,20.96
6360.0,1.8162,1.89,1.9781,0.273,0.25,0.03,2.633,0.079,20.99
6370.0,1.9049,1.8886,1.9281,0.262,0.344,0.03,2.076,0.06227,21.02
6380.0,1.7833,1.8967,1.9442,0.27,0.344,0.03,2.676,0.08028,21.05
6390.0,2.3169,1.9477,2.0535,0.215,0.156,0.03,3.273,0.09818,21.08
6400.0,2.0187,1.9712,1.973,0.234,0.25,0.03,2.633,0.079,21.11
6410.0,1.774,1.9126,1.9714,0.238,0.375,0.03,1.343,0.0403,21.14
6420.0,2.1045,1.9132,1.9912,0.238,0.281,0.03,2.215,0.06645,21.18
6430.0,2.0912,1.9177,1.9544,0.277,0.188,0.03,1.894,0.05682,21.21
6440.0,1.8397,1.8799,1.9826,0.277,0.25,0.03,2.948,0.08843,21.24
6450.0,1.8753,1.8787,1.989,0.223,0.188,0.03,2.113,0.0634,21.27
6460.0,1.7957,1.8668,1.9272,0.27,0.281,0.03,2.538,0.07614,21.3
6470.0,2.0737,1.8555,1.9739,0.246,0.281,0.03,5.478,0.1643,21.33
6480.0,1.9336,1.9098,2.067,0.242,0.281,0.03,2.377,0.0713,21.36
6490.0,1.6892,1.9074,1.9461,0.254,0.375,0.03,2.055,0.06164,21.39
6500.0,1.9785,1.9011,1.9857,0.246,0.25,0.03,1.499,0.04496,21.42
6510.0,1.6513,1.8999,1.9598,0.25,0.406,0.03,1.549,0.04647,21.45
6520.0,1.7184,1.8513,1.9814,0.25,0.312,0.03,2.088,0.06263,21.48
6530.0,1.7255,1.9065,1.9734,0.27,0.312,0.03,1.752,0.05255,21.51
6540.0,2.1313,1.9518,1.9814,0.266,0.156,0.03,2.705,0.08115,21.54
6550.0,1.9841,1.9216,2.0149,0.266,0.25,0.03,1.333,0.03998,21.57
6560.0,1.952,1.8863,1.9683,0.254,0.312,0.03,2.44,0.07321,21.61
6570.0,1.9786,1.922,1.9357,0.27,0.125,0.03,2.195,0.06584,21.64
6580.0,1.5582,1.8808,1.939,0.242,0.531,0.03,1.677,0.05031,21.67
6590.0,2.1734,1.8603,1.9868,0.25,0.219,0.03,3.349,0.1005,21.7
6600.0,1.8745,1.9468,1.9962,0.223,0.281,0.03,1.998,0.05995,21.73
6610.0,2.1838,1.9497,1.9533,0.242,0.156,0.03,2.269,0.06806,21.76
6620.0,2.0063,1.9199,1.9824,0.277,0.312,0.03,1.322,0.03966,21.8
6630.0,1.7882,1.8983,1.9681,0.246,0.344,0.03,1.856,0.05569,21.83
6640.0,1.9361,1.9042,1.949,0.242,0.219,0.03,1.889,0.05666,21.87
6650.0,2.0199,1.9268,1.9155,0.266,0.25,0.03,2.404,0.07211,21.9
6660.0,2.0171,1.908,1.9206,0.285,0.312,0.03,2.298,0.06893,21.93
6670.0,2.1109,1.913,1.9226,0.273,0.188,0.03,2.189,0.06568,21.96
6680.0,1.8107,1.9065,2.0348,0.25,0.312,0.03,1.798,0.05393,21.99
6690.0,1.9943,1.9124,1.9939,0.25,0.312,0.03,3.576,0.1073,22.02
6700.0,2.1693,1.998,1.9452,0.25,0.062,0.03,2.376,0.07128,22.05
6710.0,2.1325,1.9442,1.9328,0.277,0.25,0.03,4.23,0.1269,22.08
6720.0,1.9566,1.8968,1.9466,0.262,0.219,0.03,4.263,0.1279,22.11
6730.0,2.0063,1.9186,1.9361,0.27,0.219,0.03,1.788,0.05365,22.14
6740.0,1.8647,1.9439,1.98,0.273,0.344,0.03,2.243,0.06729,22.17
6750.0,2.0583,1.9796,1.9959,0.242,0.125,0.03,1.799,0.05396,22.2
6760.0,2.0503,1.9653,1.9516,0.277,0.312,0.03,1.854,0.05562,22.23
6770.0,1.7224,1.9309,2.0109,0.246,0.375,0.03,2.463,0.0739,22.26
6780.0,1.8823,1.8996,1.9518,0.258,0.312,0.03,1.574,0.04722,22.29
6790.0,1.8169,1.8735,1.9686,0.266,0.156,0.03,2.07,0.0621,22.32
6800.0,2.031,1.8754,1.9783,0.258,0.25,0.03,1.754,0.05263,22.35
6810.0,2.0449,1.9004,1.9662,0.254,0.219,0.03,1.722,0.05167,22.38
6820.0,2.0235,1.9552,1.9718,0.258,0.344,0.03,2.141,0.06424,22.41
6830.0,1.8167,1.9513,1.9598,0.242,0.281,0.03,1.687,0.0506,22.44
6840.0,1.8234,1.8944,1.9755,0.242,0.312,0.03,1.706,0.05118,22.48
6850.0,1.8749,1.876,1.9687,0.258,0.281,0.03,1.653,0.04959,22.5
6860.0,1.6936,1.8892,1.9421,0.293,0.281,0.03,2.494,0.07481,22.54
6870.0,2.047,1.9252,1.9989,0.27,0.188,0.03,1.132,0.03397,22.57
6880.0,1.9491,1.9125,2.0583,0.246,0.219,0.03,3.709,0.1113,22.6
6890.0,1.8502,1.9032,1.9207,0.273,0.406,0.03,1.52,0.0456,22.63
6900.0,1.8577,1.9184,1.9633,0.266,0.344,0.03,2.124,0.06373,22.66
6910.0,1.9891,1.8959,1.9176,0.273,0.344,0.03,1.893,0.05678,22.69
6920.0,1.8572,1.8954,1.9823,0.27,0.312,0.03,3.083,0.09248,22.72
6930.0,2.0848,1.9044,1.9828,0.262,0.188,0.03,3.927,0.1178,22.75
6940.0,1.9546,1.9029,1.964,0.273,0.312,0.03,2.535,0.07606,22.78
6950.0,2.0849,1.936,1.9715,0.254,0.219,0.03,2.344,0.07031,22.81
6960.0,1.979,1.9633,1.9627,0.273,0.25,0.03,2.881,0.08643,22.84
6970.0,1.8857,1.9538,1.9423,0.258,0.25,0.03,2.157,0.06472,22.87
6980.0,1.7348,1.9398,2.0674,0.23,0.375,0.03,2.316,0.06949,22.9
6990.0,2.0208,1.9422,1.9316,0.281,0.281,0.03,3.144,0.09433,22.93
7000.0,1.839,1.9678,1.9891,0.266,0.312,0.03,3.628,0.1089,22.96
7010.0,2.1786,1.9368,2.0673,0.219,0.25,0.03,3.063,0.09189,22.99
7020.0,1.8286,1.9098,1.9626,0.277,0.375,0.03,2.272,0.06815,23.02
7030.0,2.0492,1.9489,1.9063,0.289,0.188,0.03,1.957,0.05872,23.05
7040.0,1.9032,1.9358,1.9654,0.238,0.25,0.03,2.422,0.07265,23.08
7050.0,1.692,1.896,1.9788,0.262,0.438,0.03,2.757,0.0827,23.11
7060.0,1.9054,1.8879,1.9346,0.289,0.312,0.03,3.467,0.104,23.14
7070.0,1.7462,1.8856,1.9961,0.23,0.344,0.03,1.711,0.05133,23.17
7080.0,1.8431,1.8896,1.9198,0.254,0.312,0.03,2.652,0.07956,23.2
7090.0,1.8497,1.8724,1.9511,0.254,0.219,0.03,2.126,0.06377,23.23
7100.0,1.9729,1.8804,1.9436,0.258,0.281,0.03,2.511,0.07532,23.26
7110.0,1.754,1.8868,1.9389,0.254,0.312,0.03,3.052,0.09156,23.29
7120.0,2.1167,1.922,1.9199,0.273,0.281,0.03,3.277,0.0983,23.32
7130.0,2.0064,1.9526,2.009,0.238,0.25,0.03,2.381,0.07143,23.35
7140.0,1.872,1.9002,1.9348,0.266,0.344,0.03,2.434,0.07302,23.38
7150.0,1.9841,1.9343,1.9349,0.277,0.281,0.03,2.3,0.069,23.41
7160.0,1.5553,1.9327,1.9194,0.262,0.438,0.03,2.503,0.07509,23.44
7170.0,1.9089,1.8797,1.9765,0.25,0.219,0.03,3.034,0.09103,23.47
7180.0,1.7793,1.8733,1.9563,0.258,0.344,0.03,3.373,0.1012,23.5
7190.0,2.1985,1.9096,2.4996,0.184,0.312,0.03,5.733,0.172,23.53
7200.0,1.822,1.963,1.9583,0.25,0.281,0.03,1.444,0.04333,23.56
7210.0,1.7178,1.8969,1.9372,0.254,0.281,0.03,1.941,0.05822,23.6
7220.0,2.1296,1.8619,2.0476,0.262,0.188,0.03,3.529,0.1059,23.63
7230.0,1.8666,1.9818,1.9639,0.25,0.281,0.03,1.311,0.03934,23.66
7240.0,1.9951,2.0152,1.9278,0.27,0.188,0.03,1.202,0.03607,23.69
7250.0,1.6532,1.9058,1.9736,0.262,0.312,0.03,2.311,0.06934,23.72
7260.0,2.0856,1.8877,1.9743,0.258,0.188,0.03,3.469,0.1041,23.75
7270.0,1.7171,1.9069,1.968,0.246,0.406,0.03,1.341,0.04023,23.78
7280.0,2.1666,1.9011,1.9871,0.27,0.188,0.03,1.488,0.04464,23.81
7290.0,1.6925,1.9105,1.9608,0.258,0.375,0.03,1.495,0.04486,23.84
7300.0,1.9273,1.9484,1.9793,0.266,0.281,0.03,1.421,0.04264,23.87
7310.0,1.8082,1.9613,1.9257,0.27,0.25,0.03,2.036,0.06108,23.9
7320.0,2.1963,1.8993,1.9648,0.246,0.219,0.03,3.658,0.1097,23.95
7330.0,1.9498,1.9068,2.0018,0.234,0.25,0.03,2.727,0.0818,24.0
7340.0,1.827,1.9299,1.947,0.273,0.531,0.03,3.504,0.1051,24.04
7350.0,1.824,1.9282,1.96,0.258,0.344,0.03,3.677,0.1103,24.07
7360.0,1.7665,1.9039,1.9731,0.238,0.219,0.03,1.282,0.03847,24.1
7370.0,2.145,1.8801,1.9085,0.242,0.156,0.03,2.198,0.06594,24.13
7380.0,1.7426,1.8946,1.9918,0.25,0.406,0.03,1.962,0.05886,24.16
7390.0,2.0446,1.8814,1.987,0.254,0.344,0.03,2.077,0.06231,24.19
7400.0,2.015,1.9198,1.9609,0.23,0.406,0.03,2.919,0.08758,24.22
7410.0,2.0224,1.9446,1.9518,0.254,0.219,0.03,2.715,0.08145,24.25
7420.0,2.0269,1.9415,1.9578,0.25,0.344,0.03,2.058,0.06174,24.28
7430.0,1.7477,1.9451,1.989,0.246,0.375,0.03,2.973,0.0892,24.31
7440.0,1.7209,1.8971,1.9374,0.262,0.438,0.03,3.562,0.1069,24.34
7450.0,2.0302,1.8895,1.9316,0.262,0.25,0.03,1.171,0.03514,24.37
7460.0,1.7779,1.8875,1.9327,0.238,0.25,0.03,1.714,0.05141,24.4
7470.0,2.3076,1.9135,2.1262,0.191,0.094,0.03,2.375,0.07126,24.43
7480.0,2.3063,1.9197,1.9802,0.246,0.188,0.03,1.919,0.05758,24.46
7490.0,1.9664,1.9143,1.9621,0.246,0.188,0.03,2.658,0.07973,24.49
7500.0,2.0661,1.9382,1.9619,0.242,0.219,0.03,3.675,0.1102,24.52
7510.0,1.6295,1.9391,2.0622,0.246,0.344,0.03,1.963,0.05888,24.55
7520.0,1.9795,1.9443,1.9801,0.25,0.281,0.03,1.279,0.03837,24.58
7530.0,2.0422,1.9748,2.0091,0.242,0.188,0.03,1.776,0.05327,24.62
7540.0,1.9018,1.9718,1.9349,0.258,0.375,0.03,2.185,0.06554,24.65
7550.0,1.8311,1.9289,2.0002,0.238,0.344,0.03,2.464,0.07393,24.68
7560.0,1.8866,1.936,1.9209,0.27,0.281,0.03,2.52,0.07559,24.71
7570.0,1.9819,1.8965,1.9193,0.254,0.25,0.03,2.927,0.08781,24.74
7580.0,1.7546,1.8572,1.946,0.258,0.375,0.03,1.827,0.0548,24.77
7590.0,1.9831,1.8931,1.9362,0.273,0.281,0.03,1.928,0.05784,24.8
7600.0,1.9079,1.894,1.9533,0.242,0.438,0.03,1.818,0.05453,24.83
7610.0,1.9172,1.8945,1.9406,0.262,0.219,0.03,1.789,0.05367,24.86
7620.0,1.854,1.9024,1.9602,0.219,0.312,0.03,3.254,0.09763,24.89
7630.0,1.7563,1.8994,1.9828,0.223,0.312,0.03,2.12,0.0636,24.92
7640.0,1.7135,1.8994,1.9398,0.266,0.594,0.03,1.825,0.05475,24.95
7650.0,1.8327,1.8881,1.9848,0.238,0.25,0.03,2.664,0.07991,24.98
7660.0,1.9035,1.8843,1.9327,0.277,0.281,0.03,2.653,0.07959,25.01
7670.0,1.7781,1.8766,1.9247,0.27,0.344,0.03,2.225,0.06675,25.04
7680.0,1.8995,1.907,1.9662,0.254,0.219,0.03,2.17,0.06511,25.07
7690.0,1.8656,1.947,2.014,0.203,0.219,0.03,1.652,0.04957,25.1
7700.0,1.899,1.9124,1.9699,0.254,0.25,0.03,1.985,0.05954,25.13
7710.0,1.8432,1.8781,1.9089,0.25,0.25,0.03,2.916,0.08747,25.16
7720.0,1.8405,1.902,1.9748,0.242,0.312,0.03,1.537,0.04611,25.19
7730.0,1.7648,1.8956,1.9624,0.273,0.344,0.03,1.547,0.04642,25.22
7740.0,1.7603,1.8606,1.9569,0.27,0.406,0.03,2.658,0.07975,25.25
7750.0,1.8555,1.8685,1.9194,0.25,0.281,0.03,2.609,0.07826,25.28
7760.0,1.9588,1.9178,1.9062,0.285,0.281,0.03,1.94,0.0582,25.31
7770.0,1.9015,1.9018,1.9451,0.234,0.344,0.03,2.077,0.06232,25.34
7780.0,1.9918,1.8855,1.9889,0.227,0.281,0.03,3.009,0.09027,25.37
7790.0,1.7001,1.8795,1.972,0.223,0.375,0.03,1.369,0.04108,25.4
7800.0,1.8946,1.8673,1.9262,0.273,0.312,0.03,2.591,0.07773,25.43
7810.0,1.9645,1.9112,1.9308,0.266,0.281,0.03,2.068,0.06205,25.47
7820.0,1.5881,1.876,1.9096,0.266,0.312,0.03,2.367,0.07101,25.5
7830.0,1.7344,1.8357,1.9631,0.25,0.344,0.03,2.115,0.06345,25.53
7840.0,2.0257,1.8623,1.9132,0.273,0.219,0.03,1.477,0.04432,25.56
7850.0,1.893,1.8857,1.9059,0.285,0.312,0.03,1.751,0.05254,25.59
7860.0,1.9969,1.9362,1.9264,0.234,0.344,0.03,2.245,0.06735,25.62
7870.0,1.6908,1.8977,1.9794,0.258,0.344,0.03,2.088,0.06265,25.65
7880.0,1.7663,1.861,1.9469,0.258,0.219,0.03,1.394,0.04183,25.68
7890.0,1.9924,1.9508,1.9679,0.254,0.25,0.03,2.412,0.07235,25.71
7900.0,1.7542,1.9351,1.9655,0.254,0.312,0.03,2.125,0.06376,25.74
7910.0,1.9483,1.8897,1.927,0.246,0.219,0.03,1.909,0.05727,25.77
7920.0,1.8006,1.9062,1.9158,0.281,0.375,0.03,1.264,0.03792,25.8
7930.0,1.9954,1.8956,1.9615,0.262,0.281,0.03,2.138,0.06415,25.83
7940.0,1.9622,1.9212,1.9815,0.234,0.312,0.03,2.146,0.06438,25.86
7950.0,1.9461,1.9733,1.9421,0.262,0.281,0.03,1.576,0.04727,25.89
7960.0,1.8219,1.9398,1.9758,0.273,0.156,0.03,1.607,0.04821,25.92
7970.0,1.8826,1.8889,1.9525,0.242,0.219,0.03,1.342,0.04026,25.95
7980.0,2.0462,1.8846,1.9482,0.262,0.188,0.03,2.119,0.06358,25.98
7990.0,2.0632,1.9106,2.0003,0.234,0.281,0.03,2.41,0.0723,26.01
8000.0,1.8176,1.9683,1.9353,0.27,0.344,0.03,1.326,0.03979,26.04
8010.0,1.7978,1.9387,2.0126,0.223,0.281,0.03,2.501,0.07504,26.07
8020.0,1.7726,1.9121,1.9503,0.262,0.438,0.03,2.669,0.08006,26.1
8030.0,2.2107,1.9089,1.9425,0.273,0.094,0.03,3.018,0.09054,26.13
8040.0,2.0743,1.8991,1.9443,0.266,0.281,0.03,2.607,0.0782,26.16
8050.0,1.9649,1.8983,1.9792,0.254,0.312,0.03,2.985,0.08954,26.19
8060.0,2.0149,1.8796,1.9314,0.289,0.344,0.03,1.745,0.05234,26.22
8070.0,1.8832,1.8736,1.9258,0.293,0.219,0.03,1.478,0.04433,26.25
8080.0,1.9791,1.8928,1.9214,0.277,0.281,0.03,1.642,0.04927,26.28
8090.0,2.0373,1.9536,1.92,0.285,0.219,0.03,2.421,0.07264,26.31
8100.0,1.9199,1.8912,2.0344,0.246,0.312,0.03,3.285,0.09854,26.34
8110.0,1.8598,1.8416,1.9358,0.266,0.25,0.03,1.622,0.04867,26.37
8120.0,1.924,1.8655,1.9388,0.242,0.281,0.03,2.377,0.07132,26.4
8130.0,1.6956,1.8637,1.929,0.266,0.344,0.03,3.07,0.0921,26.43
8140.0,1.8577,1.8911,1.9775,0.27,0.312,0.03,1.339,0.04018,26.46
8150.0,1.8768,1.9254,1.9387,0.273,0.281,0.03,1.345,0.04034,26.49
8160.0,1.9378,1.9035,1.9399,0.262,0.281,0.03,1.334,0.04003,26.52
8170.0,1.9832,1.8711,1.9825,0.266,0.281,0.03,1.946,0.05837,26.55
8180.0,1.9967,1.9066,1.9238,0.258,0.219,0.03,2.342,0.07027,26.58
8190.0,2.0132,1.9343,1.9517,0.281,0.312,0.03,2.113,0.06339,26.61
8200.0,1.9428,1.8903,1.9558,0.266,0.375,0.03,2.173,0.06518,26.64
8210.0,2.0165,1.8797,1.9212,0.258,0.188,0.03,3.003,0.0901,26.67
8220.0,1.8665,1.903,1.9622,0.25,0.25,0.03,2.144,0.06433,26.7
8230.0,1.9342,1.9227,1.9621,0.246,0.25,0.03,2.037,0.0611,26.73
8240.0,1.7112,1.9215,1.9155,0.262,0.469,0.03,3.266,0.09798,26.76
8250.0,1.9653,1.8869,2.0098,0.242,0.25,0.03,2.735,0.08204,26.79
8260.0,2.0181,1.8852,1.9607,0.254,0.312,0.03,1.813,0.05438,26.82
8270.0,1.8373,1.8833,1.9036,0.289,0.25,0.03,1.611,0.04833,26.85
8280.0,1.9366,1.8797,1.9057,0.262,0.25,0.03,1.883,0.05649,26.88
8290.0,1.9994,1.9135,1.9526,0.262,0.312,0.03,2.174,0.06523,26.91
8300.0,1.8568,1.9249,1.9105,0.285,0.25,0.03,1.843,0.05529,26.94
8310.0,1.7334,1.914,1.9061,0.262,0.344,0.03,1.759,0.05277,26.97
8320.0,2.0662,1.9082,1.9468,0.254,0.156,0.03,1.782,0.05346,27.0
8330.0,1.6609,1.9153,1.9248,0.277,0.469,0.03,1.552,0.04655,27.04
8340.0,2.0148,1.9104,2.0037,0.234,0.406,0.03,1.526,0.04579,27.07
8350.0,1.9099,1.8871,1.9156,0.266,0.281,0.03,2.456,0.07368,27.1
8360.0,1.657,1.8499,1.9217,0.277,0.438,0.03,1.974,0.05921,27.13
8370.0,1.7538,1.8698,1.8918,0.293,0.281,0.03,1.878,0.05634,27.16
8380.0,2.0822,1.9208,2.0322,0.246,0.25,0.03,2.509,0.07527,27.19
8390.0,1.9827,1.8858,1.9605,0.273,0.281,0.03,3.881,0.1164,27.22
8400.0,1.8837,1.8827,1.9612,0.242,0.188,0.03,2.958,0.08875,27.25
8410.0,2.0181,1.9087,2.0217,0.242,0.312,0.03,3.346,0.1004,27.28
8420.0,1.9673,1.9381,2.0067,0.25,0.312,0.03,2.676,0.08028,27.31
8430.0,1.6973,1.9398,1.9451,0.25,0.438,0.03,1.956,0.05867,27.34
8440.0,1.6598,1.8623,1.9525,0.246,0.438,0.03,1.941,0.05823,27.37
8450.0,2.0016,1.841,1.9169,0.25,0.281,0.03,2.462,0.07387,27.43
8460.0,1.7416,1.88,1.9125,0.27,0.312,0.03,1.394,0.04183,27.48
8470.0,1.8236,1.8922,1.9007,0.266,0.344,0.03,1.613,0.04839,27.51
8480.0,1.7714,1.9056,1.9614,0.273,0.375,0.03,1.681,0.05043,27.54
8490.0,1.7132,1.902,1.969,0.242,0.438,0.03,1.327,0.03981,27.58
8500.0,1.8374,1.938,1.9618,0.258,0.25,0.03,1.59,0.04771,27.61
8510.0,1.7208,1.9056,1.9285,0.238,0.312,0.03,1.76,0.05281,27.64
8520.0,1.8014,1.8912,1.9428,0.254,0.312,0.03,1.277,0.0383,27.67
8530.0,2.1116,1.9207,1.9096,0.277,0.281,0.03,1.851,0.05553,27.7
8540.0,1.743,1.8764,1.9229,0.258,0.375,0.03,1.846,0.05537,27.73
8550.0,1.874,1.8626,1.9583,0.246,0.281,0.03,2.999,0.08998,27.76
8560.0,1.9004,1.8904,1.9114,0.281,0.344,0.03,1.781,0.05344,27.79
8570.0,1.9277,1.9159,1.9413,0.266,0.25,0.03,1.562,0.04686,27.82
8580.0,1.8817,1.9157,1.9717,0.262,0.344,0.03,1.297,0.03892,27.85
8590.0,2.0536,1.9581,2.026,0.223,0.219,0.03,2.676,0.08029,27.88
8600.0,1.9853,1.9453,1.8976,0.277,0.281,0.03,1.599,0.04796,27.91
8610.0,1.928,1.9247,1.938,0.262,0.312,0.03,3.057,0.09172,27.94
8620.0,2.0702,1.9318,1.9234,0.25,0.25,0.03,2.289,0.06867,27.97
8630.0,2.0304,1.8806,1.9052,0.293,0.281,0.03,4.908,0.1472,28.0
8640.0,1.8118,1.8936,1.8955,0.277,0.25,0.03,1.728,0.05183,28.03
8650.0,1.7918,1.8963,1.9634,0.254,0.375,0.03,2.304,0.06912,28.06
8660.0,1.7413,1.882,1.9159,0.27,0.375,0.03,2.187,0.06562,28.09
8670.0,1.872,1.9008,1.896,0.297,0.312,0.03,2.797,0.08392,28.12
8680.0,1.7427,1.8641,1.8991,0.289,0.156,0.03,2.917,0.0875,28.15
8690.0,1.8208,1.9019,1.9193,0.281,0.281,0.03,1.077,0.03231,28.18
8700.0,2.3497,1.9882,1.9913,0.227,0.156,0.03,1.374,0.04121,28.21
8710.0,1.9505,1.9525,1.8997,0.285,0.312,0.03,1.628,0.04884,28.24
8720.0,1.9404,1.863,1.8836,0.293,0.312,0.03,2.186,0.06558,28.27
8730.0,1.731,1.8106,1.9437,0.258,0.438,0.03,1.346,0.04039,28.3
8740.0,1.9995,1.8416,1.9279,0.273,0.312,0.03,2.06,0.06181,28.33
8750.0,1.9162,1.9423,2.023,0.211,0.281,0.03,3.866,0.116,28.36
8760.0,1.6855,1.8863,2.0327,0.246,0.344,0.03,2.174,0.06521,28.39
8770.0,2.0424,1.8389,1.925,0.305,0.125,0.03,2.67,0.08009,28.42
8780.0,2.0753,1.8982,1.986,0.254,0.25,0.03,2.803,0.08409,28.45
8790.0,1.8243,1.9026,1.9512,0.27,0.344,0.03,2.371,0.07114,28.48
8800.0,1.8807,1.8647,1.9764,0.254,0.25,0.03,3.806,0.1142,28.51
8810.0,1.7834,1.8503,1.9347,0.262,0.344,0.03,1.521,0.04564,28.54
8820.0,1.9734,1.8644,1.9318,0.258,0.25,0.03,2.11,0.06329,28.58
8830.0,2.059,1.8637,2.0066,0.203,0.281,0.03,2.186,0.06557,28.62
8840.0,1.9225,1.8637,1.9171,0.262,0.375,0.03,2.853,0.08559,28.65
8850.0,1.8311,1.8889,1.9601,0.262,0.344,0.03,2.644,0.07931,28.68
8860.0,2.0326,1.9309,1.8789,0.289,0.281,0.03,2.803,0.08408,28.71
8870.0,1.7125,1.8767,1.9203,0.27,0.344,0.03,2.564,0.07691,28.74
8880.0,1.8278,1.8588,1.9843,0.23,0.281,0.03,2.337,0.0701,28.77
8890.0,1.7263,1.9022,1.9435,0.242,0.375,0.03,2.045,0.06136,28.8
8900.0,1.797,1.9062,1.9092,0.273,0.25,0.03,2.205,0.06614,28.83
8910.0,2.157,1.9004,1.8941,0.27,0.219,0.03,1.746,0.05239,28.86
8920.0,1.6685,1.9074,1.9021,0.266,0.312,0.03,1.532,0.04597,28.89
8930.0,1.8393,1.9042,1.9192,0.266,0.438,0.03,1.149,0.03448,28.92
8940.0,1.9245,1.8672,1.906,0.273,0.375,0.03,1.968,0.05904,28.95
8950.0,1.6927,1.8421,1.899,0.289,0.281,0.03,1.196,0.03589,28.98
8960.0,1.9799,1.8837,1.8824,0.293,0.188,0.03,2.367,0.07102,29.01
8970.0,1.8368,1.9249,1.8807,0.266,0.219,0.03,2.958,0.08874,29.04
8980.0,1.8388,1.8944,1.9026,0.27,0.219,0.03,1.642,0.04927,29.07
8990.0,2.1127,1.8559,1.982,0.254,0.188,0.03,1.801,0.05403,29.1
9000.0,1.9392,1.8538,1.9165,0.273,0.25,0.03,2.675,0.08026,29.13
9010.0,1.8633,1.9162,1.91,0.258,0.312,0.03,2.711,0.08132,29.2
9020.0,2.1164,1.9047,1.8998,0.273,0.188,0.03,1.423,0.04268,29.23
9030.0,1.8468,1.8341,1.9593,0.25,0.344,0.03,2.02,0.0606,29.26
9040.0,2.0163,1.85,1.9466,0.262,0.312,0.03,1.424,0.04272,29.29
9050.0,1.7114,1.8635,1.9573,0.258,0.344,0.03,3.517,0.1055,29.32
9060.0,1.8178,1.8584,1.9007,0.285,0.281,0.03,1.528,0.04584,29.35
9070.0,1.983,1.861,1.9073,0.254,0.188,0.03,2.211,0.06632,29.38
9080.0,1.7607,1.8408,1.9272,0.246,0.281,0.03,2.038,0.06114,29.41
9090.0,1.6133,1.8429,1.9054,0.277,0.281,0.03,1.978,0.05935,29.44
9100.0,1.9472,1.878,1.9169,0.262,0.188,0.03,2.247,0.0674,29.47
9110.0,1.8903,1.8983,1.9456,0.262,0.25,0.03,2.184,0.06553,29.5
9120.0,1.8394,1.8956,1.9027,0.316,0.312,0.03,1.602,0.04805,29.53
9130.0,1.6946,1.9004,1.9564,0.25,0.5,0.03,1.334,0.04003,29.56
9140.0,1.7655,1.9173,1.9634,0.254,0.438,0.03,2.189,0.06566,29.59
9150.0,2.0682,1.928,1.9118,0.273,0.156,0.03,1.668,0.05003,29.62
9160.0,1.7222,1.8819,1.9324,0.277,0.344,0.03,1.977,0.05931,29.65
9170.0,2.1264,1.8541,1.937,0.238,0.281,0.03,1.662,0.04985,29.68
9180.0,1.777,1.8689,1.8986,0.289,0.406,0.03,2.658,0.07974,29.71
9190.0,1.8575,1.8741,1.9699,0.25,0.281,0.03,2.853,0.08559,29.74
9200.0,1.8307,1.9246,1.9255,0.277,0.344,0.03,2.222,0.06667,29.77
9210.0,1.709,1.9135,1.9598,0.27,0.438,0.03,2.003,0.0601,29.8
9220.0,2.0767,1.869,1.883,0.305,0.188,0.03,2.115,0.06344,29.83
9230.0,1.9755,1.8813,1.8831,0.309,0.281,0.03,1.985,0.05955,29.86
9240.0,2.0687,1.9057,1.8984,0.309,0.281,0.03,1.814,0.05442,29.89
9250.0,1.724,1.9171,1.9853,0.234,0.281,0.03,2.099,0.06296,29.92
9260.0,2.0429,1.9287,1.9556,0.262,0.25,0.03,3.433,0.103,29.95
9270.0,1.9297,1.931,1.9625,0.262,0.375,0.03,1.198,0.03593,29.98
9280.0,1.7771,1.9191,1.8914,0.293,0.375,0.03,2.567,0.07702,30.01
9290.0,1.5848,1.9275,1.9575,0.273,0.469,0.03,3.085,0.09256,30.04
9300.0,1.9385,1.9157,1.9377,0.258,0.281,0.03,1.22,0.03661,30.07
9310.0,1.9862,1.8714,1.9063,0.281,0.25,0.03,1.707,0.05122,30.1
9320.0,2.3228,1.8931,1.929,0.258,0.188,0.03,1.773,0.0532,30.13
9330.0,1.734,1.905,1.9463,0.258,0.438,0.03,1.606,0.04817,30.16
9340.0,1.7038,1.8607,1.9413,0.254,0.312,0.03,1.562,0.04687,30.19
9350.0,1.839,1.8548,1.958,0.273,0.25,0.03,1.311,0.03933,30.22
9360.0,2.0615,1.8893,1.9115,0.273,0.094,0.03,2.388,0.07163,30.25
9370.0,1.6769,1.8719,1.9032,0.27,0.281,0.03,2.245,0.06735,30.28
9380.0,1.8987,1.8565,1.9101,0.277,0.312,0.03,2.299,0.06897,30.32
9390.0,1.8586,1.9201,1.9129,0.293,0.312,0.03,3.079,0.09236,30.35
9400.0,1.9256,1.9082,1.9057,0.273,0.344,0.03,2.319,0.06958,30.38
9410.0,1.8086,1.8571,1.8945,0.281,0.312,0.03,1.36,0.04081,30.41
9420.0,1.8251,1.879,1.9818,0.238,0.281,0.03,1.558,0.04675,30.44
9430.0,2.0017,1.884,1.9254,0.273,0.312,0.03,1.956,0.05869,30.47
9440.0,1.792,1.868,1.9832,0.238,0.375,0.03,1.627,0.0488,30.5
9450.0,1.854,1.8563,1.9304,0.254,0.312,0.03,2.477,0.07431,30.53
9460.0,1.8609,1.8805,1.8946,0.285,0.438,0.03,1.664,0.04993,30.56
9470.0,1.8665,1.9406,1.9386,0.254,0.281,0.03,1.742,0.05226,30.59
9480.0,1.9218,1.9092,1.8974,0.262,0.219,0.03,2.407,0.0722,30.62
9490.0,1.8269,1.8775,1.8927,0.266,0.312,0.03,1.957,0.0587,30.65
9500.0,1.8211,1.932,2.0259,0.25,0.5,0.03,3.197,0.0959,30.68
9510.0,1.752,1.9186,1.9675,0.262,0.344,0.03,1.267,0.038,30.71
9520.0,1.7599,1.8646,1.9448,0.246,0.375,0.03,1.444,0.04333,30.74
9530.0,1.8117,1.8936,1.9242,0.285,0.312,0.03,3.638,0.1091,30.77
9540.0,1.8412,1.9029,1.8968,0.277,0.344,0.03,1.522,0.04566,30.8
9550.0,1.9151,1.8801,1.9531,0.246,0.344,0.03,2.336,0.07007,30.83
9560.0,1.7896,1.8854,1.9083,0.273,0.312,0.03,2.465,0.07395,30.86
9570.0,2.1208,1.9386,1.9875,0.23,0.219,0.03,2.726,0.08178,30.89
9580.0,1.7465,1.9114,1.9197,0.266,0.406,0.03,2.041,0.06122,30.92
9590.0,2.0163,1.892,1.9165,0.258,0.25,0.03,1.865,0.05595,30.95
9600.0,2.0962,1.9464,2.0114,0.254,0.25,0.03,1.915,0.05745,31.0
9610.0,2.0689,1.8934,1.9632,0.242,0.125,0.03,2.151,0.06452,31.03
9620.0,1.6858,1.8561,1.9304,0.277,0.438,0.03,1.858,0.05573,31.06
9630.0,2.0252,1.8774,1.9325,0.285,0.25,0.03,2.14,0.06421,31.1
9640.0,1.802,1.8769,1.8914,0.277,0.438,0.03,1.357,0.0407,31.13
9650.0,1.9318,1.8808,1.8933,0.285,0.219,0.03,2.056,0.06167,31.16
9660.0,1.7429,1.8576,1.9061,0.281,0.312,0.03,1.77,0.0531,31.19
9670.0,1.5988,1.8332,1.8887,0.281,0.375,0.03,3.12,0.09359,31.22
9680.0,1.5641,1.8582,1.9507,0.266,0.406,0.03,1.986,0.05958,31.25
9690.0,1.8295,1.8764,1.9575,0.246,0.406,0.03,2.342,0.07025,31.3
9700.0,2.0494,1.8696,1.9416,0.266,0.281,0.03,2.272,0.06817,31.33
9710.0,2.054,1.911,1.9779,0.273,0.312,0.03,2.357,0.07072,31.36
9720.0,2.3089,1.9548,1.9542,0.258,0.25,0.03,1.896,0.05688,31.42
9730.0,2.0824,1.9156,1.904,0.277,0.344,0.03,3.647,0.1094,31.46
9740.0,2.0476,1.9043,1.9348,0.262,0.25,0.03,2.578,0.07734,31.49
9750.0,1.8612,1.9024,1.9492,0.262,0.281,0.03,1.695,0.05085,31.52
9760.0,1.6975,1.8636,1.8994,0.305,0.312,0.03,1.549,0.04646,31.55
9770.0,1.9345,1.8522,1.9406,0.258,0.344,0.03,6.82,0.2046,31.59
9780.0,1.9896,1.8921,1.9362,0.266,0.312,0.03,1.902,0.05705,31.62
9790.0,1.7512,1.9345,1.9022,0.262,0.312,0.03,2.613,0.07838,31.65
9800.0,1.8644,1.9278,1.8911,0.297,0.281,0.03,3.138,0.09414,31.68
9810.0,1.796,1.8869,1.9093,0.242,0.375,0.03,1.291,0.03873,31.71
9820.0,1.8008,1.8682,1.895,0.301,0.281,0.03,2.065,0.06196,31.74
9830.0,2.0145,1.8854,1.94,0.277,0.344,0.03,1.77,0.05309,31.77
9840.0,1.5534,1.8315,1.8948,0.301,0.406,0.03,3.344,0.1003,31.8
9850.0,1.956,1.8336,1.9553,0.246,0.281,0.03,3.29,0.09871,31.83
9860.0,1.6137,1.8764,1.8942,0.309,0.375,0.03,2.419,0.07258,31.86
9870.0,1.6877,1.7889,1.8927,0.301,0.438,0.03,2.271,0.06813,31.89
9880.0,2.0847,1.7991,1.9134,0.277,0.156,0.03,1.869,0.05607,31.92
9890.0,1.7863,1.8188,1.9043,0.273,0.438,0.03,1.812,0.05436,31.95
9900.0,1.9983,1.8626,1.9168,0.266,0.219,0.03,2.638,0.07914,31.98
9910.0,1.9622,1.9119,1.9784,0.246,0.25,0.03,3.064,0.09193,32.01
9920.0,1.7879,1.8744,1.8979,0.293,0.219,0.03,2.699,0.08096,32.05
9930.0,2.1556,1.9038,1.9558,0.273,0.219,0.03,2.743,0.08228,32.08
9940.0,1.7854,1.8931,1.9329,0.297,0.344,0.03,2.42,0.07259,32.11
9950.0,1.9172,1.8554,1.9224,0.281,0.344,0.03,2.163,0.06489,32.14
9960.0,1.8001,1.8745,1.9245,0.273,0.25,0.03,1.313,0.03938,32.17
9970.0,1.6417,1.8638,1.9223,0.285,0.344,0.03,3.189,0.09567,32.2
9980.0,2.2011,1.8686,2.0055,0.234,0.188,0.03,2.357,0.07072,32.23
9990.0,2.1339,1.9406,1.9101,0.273,0.188,0.03,2.852,0.08556,32.26
10000.0,2.1376,1.9209,1.9256,0.281,0.156,0.03,1.397,0.04192,32.29
10010.0,1.9469,1.8396,1.9393,0.273,0.219,0.03,1.617,0.04851,32.32
10020.0,1.8875,1.8549,1.9096,0.273,0.344,0.03,2.711,0.08134,32.35
10030.0,1.7534,1.8873,1.9188,0.27,0.312,0.03,2.637,0.07911,32.38
10040.0,1.8019,1.8646,1.9161,0.258,0.406,0.03,1.49,0.04469,32.41
10050.0,1.7807,1.8373,1.8915,0.301,0.344,0.03,2.036,0.06107,32.44
10060.0,1.6708,1.8158,1.9321,0.277,0.375,0.03,2.453,0.0736,32.48
10070.0,1.7096,1.839,1.9038,0.289,0.281,0.03,2.331,0.06994,32.51
10080.0,1.5554,1.9052,1.9085,0.305,0.375,0.03,1.872,0.05616,32.54
10090.0,1.7531,1.9135,1.9528,0.262,0.219,0.03,2.235,0.06705,32.57
10100.0,2.1062,1.8877,1.9254,0.254,0.281,0.03,3.302,0.09907,32.6
10110.0,1.783,1.891,1.879,0.277,0.312,0.03,2.12,0.06359,32.63
10120.0,1.6827,1.8702,1.8866,0.27,0.406,0.03,1.32,0.03961,32.66
10130.0,1.8914,1.8561,1.9165,0.258,0.188,0.03,3.501,0.105,32.69
10140.0,1.8328,1.8728,1.8576,0.297,0.281,0.03,2.067,0.062,32.73
10150.0,1.9575,1.8866,1.9682,0.266,0.25,0.03,2.598,0.07795,32.77
10160.0,1.9097,1.9047,1.9107,0.285,0.344,0.03,1.675,0.05024,32.81
10170.0,1.9108,1.915,1.897,0.27,0.281,0.03,2.279,0.06836,32.85
10180.0,1.671,1.8592,1.8863,0.273,0.375,0.03,1.537,0.0461,32.88
10190.0,1.8953,1.8337,1.8956,0.293,0.281,0.03,4.962,0.1489,32.91
10200.0,1.934,1.8894,2.0093,0.258,0.281,0.03,1.376,0.04128,32.95
10210.0,1.7768,1.8943,1.9576,0.25,0.375,0.03,2.643,0.0793,32.98
10220.0,1.929,1.8823,1.8891,0.277,0.281,0.03,2.057,0.0617,33.02
10230.0,1.9139,1.8959,1.9172,0.285,0.219,0.03,1.953,0.05859,33.06
10240.0,1.836,1.8737,1.9013,0.277,0.344,0.03,1.837,0.0551,33.09
10250.0,1.9471,1.8783,1.8976,0.293,0.281,0.03,2.529,0.07588,33.13
10260.0,1.5702,1.8637,1.9482,0.262,0.438,0.03,2.285,0.06855,33.17
10270.0,1.9507,1.8793,1.9182,0.281,0.312,0.03,2.619,0.07856,33.24
10280.0,1.9297,1.9157,1.8862,0.285,0.312,0.03,1.526,0.04579,33.29
10290.0,2.038,1.9231,1.9403,0.238,0.406,0.03,2.006,0.06017,33.33
10300.0,1.7488,1.8842,1.9503,0.281,0.406,0.03,1.754,0.05262,33.37
10310.0,1.9542,1.8363,1.9506,0.301,0.219,0.03,3.686,0.1106,33.43
10320.0,2.101,1.8995,1.9171,0.285,0.219,0.03,2.321,0.06964,33.48
10330.0,1.9831,1.9213,1.8773,0.27,0.281,0.03,2.163,0.06488,33.54
10340.0,2.0369,1.9156,1.94,0.266,0.281,0.03,2.312,0.06937,33.59
10350.0,1.7871,1.9292,1.9052,0.273,0.375,0.03,2.924,0.08772,33.64
10360.0,1.8136,1.863,1.8964,0.281,0.438,0.03,2.158,0.06475,33.68
10370.0,2.0519,1.8452,1.8959,0.309,0.281,0.03,2.846,0.08538,33.72
10380.0,1.8594,1.8774,1.8783,0.293,0.344,0.03,2.317,0.06951,33.76
10390.0,2.0711,1.858,1.9737,0.27,0.281,0.03,2.037,0.0611,33.8
10400.0,1.8444,1.8504,1.9119,0.262,0.219,0.03,2.179,0.06537,33.83
10410.0,1.9679,1.8494,1.8838,0.285,0.344,0.03,2.959,0.08878,33.89
10420.0,1.8187,1.8882,1.9717,0.246,0.25,0.03,1.717,0.05152,33.94
10430.0,1.7266,1.9043,1.9049,0.266,0.375,0.03,2.257,0.06771,34.03
10440.0,1.8236,1.908,1.9317,0.27,0.25,0.03,1.668,0.05004,34.09
10450.0,2.083,1.9369,1.8794,0.289,0.25,0.03,1.337,0.0401,34.13
10460.0,1.6415,1.8952,1.8868,0.289,0.438,0.03,1.473,0.04419,34.19
10470.0,1.5824,1.8025,1.9329,0.262,0.438,0.03,1.813,0.0544,34.25
10480.0,1.9759,1.8313,1.9167,0.281,0.219,0.03,1.975,0.05924,34.3
10490.0,1.9345,1.9148,1.9627,0.289,0.312,0.03,3.258,0.09775,34.36
10500.0,1.6752,1.8779,1.878,0.309,0.406,0.03,2.281,0.06843,34.41
10510.0,1.8435,1.859,1.8809,0.285,0.25,0.03,2.406,0.07219,34.46
10520.0,1.9625,1.8658,1.9555,0.273,0.344,0.03,2.171,0.06514,34.5
10530.0,1.867,1.8747,1.8864,0.289,0.406,0.03,2.532,0.07596,34.53
10540.0,1.9757,1.8627,1.9105,0.277,0.281,0.03,2.432,0.07296,34.57
10550.0,1.8041,1.8394,1.9301,0.289,0.375,0.03,1.34,0.0402,34.6
10560.0,1.9838,1.9136,1.8965,0.297,0.219,0.03,3.003,0.0901,34.63
10570.0,1.9475,1.9338,1.9464,0.293,0.281,0.03,2.705,0.08114,34.66
10580.0,1.7985,1.8922,1.9251,0.281,0.25,0.03,1.573,0.0472,34.7
10590.0,1.7654,1.8791,1.9178,0.273,0.375,0.03,1.65,0.04951,34.75
10600.0,1.8686,1.8328,1.9361,0.273,0.375,0.03,2.737,0.08211,34.78
10610.0,1.9626,1.8504,1.879,0.309,0.281,0.03,1.728,0.05185,34.81
10620.0,1.8253,1.8765,1.9158,0.281,0.406,0.03,1.617,0.04852,34.84
10630.0,1.9013,1.862,1.9035,0.262,0.375,0.03,1.61,0.04829,34.88
10640.0,2.1059,1.8782,1.8904,0.281,0.312,0.03,1.649,0.04947,34.91
10650.0,1.8361,1.9196,1.8979,0.285,0.25,0.03,1.564,0.04691,34.94
10660.0,2.0467,1.9206,1.9131,0.293,0.25,0.03,2.454,0.07363,34.98
10670.0,1.9373,1.9016,1.929,0.285,0.344,0.03,1.726,0.05178,35.01
10680.0,1.7414,1.9044,1.9695,0.277,0.469,0.03,1.671,0.05013,35.04
10690.0,1.9267,1.9065,1.94,0.285,0.188,0.03,1.702,0.05106,35.08
10700.0,1.7542,1.8901,1.9072,0.285,0.375,0.03,1.545,0.04636,35.14
10710.0,1.8465,1.847,1.9444,0.262,0.312,0.03,1.91,0.05731,35.17
10720.0,2.024,1.8704,1.9095,0.277,0.281,0.03,2.36,0.07081,35.21
10730.0,1.9341,1.8779,1.8918,0.293,0.344,0.03,3.182,0.09546,35.24
10740.0,1.753,1.8755,1.8905,0.262,0.281,0.03,1.047,0.03141,35.28
10750.0,1.9471,1.8832,1.941,0.266,0.219,0.03,2.173,0.06518,35.31
10760.0,1.7525,1.8754,1.8863,0.273,0.375,0.03,1.701,0.05102,35.34
10770.0,1.9537,1.8959,1.8633,0.281,0.344,0.03,1.774,0.05322,35.37
10780.0,1.9103,1.8931,1.8578,0.309,0.312,0.03,2.296,0.06887,35.41
10790.0,1.8501,1.8837,1.9382,0.273,0.188,0.03,2.448,0.07344,35.44
10800.0,2.2708,1.9288,1.9598,0.266,0.156,0.03,1.74,0.05221,35.47
10810.0,2.1643,1.9287,1.9005,0.289,0.219,0.03,2.319,0.06957,35.5
10820.0,1.7456,1.8542,1.87,0.32,0.406,0.03,1.51,0.04529,35.54
10830.0,1.8893,1.8308,1.8772,0.281,0.375,0.03,2.067,0.062,35.57
10840.0,1.6713,1.8681,1.8847,0.289,0.469,0.03,1.876,0.05629,35.6
10850.0,1.7174,1.8935,1.9018,0.281,0.406,0.03,1.972,0.05917,35.63
10860.0,1.9262,1.9108,1.914,0.285,0.281,0.03,3.14,0.0942,35.66
10870.0,1.76,1.8662,1.892,0.285,0.375,0.03,1.782,0.05347,35.7
10880.0,1.6977,1.8505,1.9283,0.293,0.438,0.03,2.758,0.08273,35.73
10890.0,1.8476,1.8749,1.8977,0.281,0.312,0.03,1.446,0.04339,35.76
10900.0,1.8472,1.8446,1.9485,0.266,0.281,0.03,2.572,0.07715,35.79
10910.0,1.8949,1.8302,1.8834,0.277,0.281,0.03,1.953,0.0586,35.82
10920.0,2.1099,1.8658,1.868,0.312,0.312,0.03,1.804,0.05413,35.85
10930.0,1.749,1.8527,1.8704,0.305,0.344,0.03,4.064,0.1219,35.88
10940.0,2.1925,1.8466,1.9388,0.266,0.188,0.03,3.337,0.1001,35.91
10950.0,1.8719,1.8689,1.8804,0.312,0.281,0.03,1.789,0.05367,35.94
10960.0,1.8806,1.8609,1.9225,0.301,0.312,0.03,2.792,0.08376,35.97
10970.0,1.672,1.849,1.9044,0.305,0.469,0.03,1.848,0.05544,36.0
10980.0,2.1109,1.8997,1.9111,0.281,0.188,0.03,2.482,0.07445,36.04
10990.0,1.8595,1.907,1.9599,0.258,0.312,0.03,2.192,0.06577,36.07
11000.0,1.8024,1.819,1.9048,0.281,0.438,0.03,2.823,0.08469,36.11
11010.0,1.7118,1.8274,2.0011,0.242,0.406,0.03,1.966,0.05898,36.14
11020.0,1.7848,1.824,1.9171,0.27,0.312,0.03,1.761,0.05282,36.17
11030.0,1.817,1.8536,1.9202,0.281,0.312,0.03,3.092,0.09276,36.2
11040.0,1.7845,1.8862,1.9027,0.301,0.25,0.03,2.136,0.06408,36.23
11050.0,1.6146,1.8938,1.9002,0.27,0.406,0.03,1.475,0.04425,36.26
11060.0,1.9154,1.8626,1.9594,0.281,0.281,0.03,3.155,0.09464,36.29
11070.0,1.8396,1.8428,1.9043,0.277,0.25,0.03,2.354,0.07061,36.32
11080.0,2.1555,1.8828,1.9196,0.262,0.25,0.03,1.762,0.05285,36.35
11090.0,1.9774,1.8949,1.8966,0.293,0.438,0.03,1.88,0.0564,36.38
11100.0,1.8859,1.8916,1.8939,0.301,0.375,0.03,2.821,0.08463,36.41
11110.0,1.943,1.8569,1.9108,0.277,0.281,0.03,1.566,0.04698,36.44
11120.0,2.0296,1.869,1.9251,0.273,0.281,0.03,2.259,0.06776,36.48
11130.0,2.0505,1.9117,1.8926,0.277,0.156,0.03,2.496,0.07487,36.51
11140.0,1.8807,1.9441,1.9344,0.285,0.406,0.03,3.524,0.1057,36.54
11150.0,2.0659,1.9284,1.9302,0.285,0.156,0.03,2.182,0.06545,36.57
11160.0,2.0556,1.8773,1.8973,0.285,0.344,0.03,2.866,0.08598,36.61
11170.0,1.8326,1.8396,1.901,0.273,0.375,0.03,2.216,0.06647,36.64
11180.0,1.784,1.8188,1.9043,0.285,0.375,0.03,4.087,0.1226,36.68
11190.0,1.9691,1.8559,1.9429,0.254,0.219,0.03,2.745,0.08234,36.71
11200.0,2.0144,1.8926,1.9157,0.266,0.375,0.03,2.702,0.08105,36.75
11210.0,2.0792,1.8957,1.9435,0.273,0.25,0.03,2.71,0.08131,36.78
11220.0,1.8711,1.8821,1.923,0.281,0.344,0.03,1.935,0.05804,36.81
11230.0,1.9083,1.8546,1.9246,0.289,0.25,0.03,2.009,0.06026,36.84
11240.0,2.1564,1.8952,1.9239,0.262,0.312,0.03,2.199,0.06596,36.87
11250.0,1.9087,1.9184,1.8839,0.293,0.438,0.03,1.787,0.0536,36.91
11260.0,1.9556,1.8573,1.9419,0.262,0.406,0.03,1.427,0.0428,36.94
11270.0,1.8687,1.8569,1.8795,0.289,0.344,0.03,2.718,0.08153,36.97
11280.0,1.872,1.8734,1.9501,0.262,0.312,0.03,1.8,0.054,37.0
11290.0,1.7007,1.8605,1.9319,0.258,0.406,0.03,1.373,0.04119,37.03
11300.0,1.7429,1.8593,1.9118,0.289,0.312,0.03,1.471,0.04414,37.06
11310.0,1.9959,1.8579,1.9256,0.254,0.25,0.03,1.984,0.05951,37.09
11320.0,1.8606,1.866,1.906,0.266,0.25,0.03,1.435,0.04306,37.13
11330.0,2.0387,1.8831,1.9082,0.273,0.188,0.03,3.293,0.09879,37.16
11340.0,1.6828,1.869,1.9086,0.281,0.469,0.03,1.678,0.05033,37.19
11350.0,1.8005,1.8514,1.8726,0.301,0.438,0.03,1.364,0.04092,37.22
11360.0,1.6443,1.8854,1.9232,0.293,0.438,0.03,1.689,0.05066,37.25
11370.0,1.7497,1.8985,1.8774,0.297,0.344,0.03,1.259,0.03777,37.28
11380.0,1.971,1.8848,1.9047,0.254,0.281,0.03,2.292,0.06877,37.31
11390.0,1.7493,1.8578,1.955,0.266,0.281,0.03,1.713,0.0514,37.35
11400.0,2.2462,1.9091,1.9485,0.277,0.156,0.03,2.302,0.06905,37.38
11410.0,1.9292,1.9324,1.9084,0.273,0.281,0.03,1.844,0.05532,37.41
11420.0,1.5273,1.8428,1.881,0.305,0.531,0.03,1.275,0.03824,37.44
11430.0,2.001,1.8302,1.8926,0.266,0.219,0.03,2.121,0.06362,37.47
11440.0,1.9038,1.8902,1.9165,0.273,0.219,0.03,2.173,0.06518,37.51
11450.0,1.8362,1.8638,1.9061,0.285,0.344,0.03,1.559,0.04677,37.55
11460.0,1.7237,1.8342,1.9116,0.273,0.281,0.03,1.621,0.04864,37.58
11470.0,1.6884,1.8281,1.9077,0.281,0.375,0.03,2.267,0.068,37.61
11480.0,1.7815,1.8281,1.8756,0.27,0.406,0.03,1.779,0.05337,37.64
11490.0,1.8879,1.8372,1.9183,0.277,0.438,0.03,3.534,0.106,37.68
11500.0,1.8605,1.833,1.895,0.293,0.312,0.03,3.174,0.09523,37.71
11510.0,2.1267,1.8727,1.9089,0.281,0.281,0.03,3.157,0.09471,37.74
11520.0,1.9301,1.8998,1.8917,0.285,0.281,0.03,2.166,0.06499,37.77
11530.0,2.1815,1.8675,1.8912,0.281,0.188,0.03,2.185,0.06556,37.8
11540.0,1.7889,1.8342,1.8857,0.289,0.344,0.03,1.968,0.05903,37.83
11550.0,2.1352,1.8228,1.9778,0.215,0.188,0.03,2.345,0.07034,37.86
11560.0,1.9718,1.838,1.9284,0.281,0.312,0.03,1.786,0.05359,37.89
11570.0,1.9307,1.8775,1.9724,0.242,0.219,0.03,1.499,0.04498,37.92
11580.0,1.8859,1.9152,1.893,0.277,0.25,0.03,1.445,0.04335,37.95
11590.0,1.7218,1.9207,1.8661,0.301,0.406,0.03,2.427,0.07282,37.98
11600.0,2.2148,1.8621,1.9855,0.238,0.156,0.03,2.181,0.06542,38.01
11610.0,1.859,1.8459,1.9532,0.242,0.219,0.03,3.269,0.09806,38.04
11620.0,1.6687,1.8336,1.8997,0.297,0.406,0.03,2.482,0.07446,38.07
11630.0,1.5807,1.8412,1.9206,0.281,0.438,0.03,1.867,0.05601,38.1
11640.0,1.8113,1.8623,1.895,0.277,0.312,0.03,2.761,0.08284,38.13
11650.0,1.7464,1.8763,1.8871,0.289,0.375,0.03,1.552,0.04656,38.16
11660.0,1.8189,1.8673,1.87,0.312,0.344,0.03,2.302,0.06906,38.19
11670.0,1.8772,1.8668,1.9237,0.289,0.344,0.03,1.093,0.03279,38.22
11680.0,1.794,1.8441,1.8724,0.305,0.281,0.03,3.175,0.09526,38.25
11690.0,1.9209,1.8604,1.8918,0.301,0.219,0.03,2.901,0.08704,38.28
11700.0,1.9322,1.9051,1.9752,0.266,0.219,0.03,3.013,0.09039,38.31
11710.0,2.1196,1.9003,1.8799,0.305,0.219,0.03,2.495,0.07485,38.34
11720.0,1.6749,1.8811,1.8773,0.285,0.5,0.03,2.094,0.06283,38.37
11730.0,1.9451,1.8766,1.9254,0.273,0.281,0.03,1.517,0.0455,38.4
11740.0,1.8399,1.8926,1.8742,0.277,0.406,0.03,2.154,0.06463,38.44
11750.0,1.8886,1.8991,1.9489,0.273,0.344,0.03,2.559,0.07676,38.47
11760.0,1.7694,1.9121,1.9138,0.273,0.312,0.03,2.219,0.06658,38.5
11770.0,2.1157,1.9329,1.8884,0.297,0.25,0.03,3.107,0.09321,38.53
11780.0,1.7271,1.8878,1.9414,0.273,0.281,0.03,1.245,0.03734,38.56
11790.0,1.8823,1.8359,1.8674,0.301,0.25,0.03,1.962,0.05887,38.59
11800.0,1.8226,1.8374,1.8755,0.309,0.219,0.03,2.035,0.06105,38.62
11810.0,1.7365,1.8445,1.8861,0.301,0.219,0.03,2.328,0.06985,38.65
11820.0,2.0018,1.8742,1.9094,0.27,0.312,0.03,2.04,0.0612,38.68
11830.0,1.9378,1.8844,1.8805,0.301,0.219,0.03,2.036,0.06109,38.71
11840.0,2.0662,1.8858,1.9086,0.277,0.219,0.03,2.221,0.06663,38.74
11850.0,1.8619,1.8823,1.9473,0.266,0.281,0.03,1.932,0.05796,38.77
11860.0,2.0461,1.8755,1.9525,0.266,0.125,0.03,2.032,0.06097,38.8
11870.0,1.7414,1.8772,1.8987,0.305,0.375,0.03,1.979,0.05936,38.83
11880.0,2.0138,1.8931,1.8725,0.316,0.312,0.03,2.022,0.06065,38.86
11890.0,1.791,1.8668,1.9517,0.262,0.344,0.03,1.744,0.05233,38.89
11900.0,1.9949,1.8904,1.9656,0.27,0.25,0.03,1.865,0.05595,38.92
11910.0,2.3476,1.97,1.8892,0.301,0.25,0.03,2.745,0.08235,38.95
11920.0,1.8212,1.9325,1.8756,0.32,0.438,0.03,2.973,0.08918,38.98
11930.0,1.8612,1.8426,1.9704,0.281,0.375,0.03,1.558,0.04675,39.01
11940.0,1.7947,1.8571,1.9034,0.281,0.375,0.03,1.895,0.05685,39.04
11950.0,1.7484,1.8647,1.9262,0.262,0.375,0.03,1.892,0.05675,39.07
11960.0,2.0715,1.8645,1.9348,0.246,0.25,0.03,1.807,0.05421,39.1
11970.0,1.8245,1.9024,1.8846,0.316,0.312,0.03,2.126,0.06379,39.13
11980.0,1.9611,1.8914,1.9255,0.281,0.219,0.03,2.822,0.08465,39.16
11990.0,1.9418,1.8659,1.8827,0.312,0.344,0.03,2.064,0.06191,39.19
12000.0,1.8767,1.885,1.9155,0.297,0.375,0.03,1.788,0.05363,39.22
12010.0,1.865,1.8604,1.8839,0.305,0.281,0.03,1.176,0.03527,39.25
12020.0,2.1135,1.8293,1.8788,0.301,0.281,0.03,3.03,0.0909,39.28
12030.0,1.9926,1.8377,1.8965,0.277,0.219,0.03,2.572,0.07717,39.31
12040.0,2.1862,1.8165,1.8812,0.305,0.125,0.03,2.214,0.06641,39.34
12050.0,1.8307,1.8653,1.9467,0.266,0.406,0.03,2.543,0.0763,39.37
12060.0,2.0447,1.918,1.8928,0.285,0.312,0.03,2.197,0.0659,39.4
12070.0,1.8805,1.8984,1.8676,0.305,0.375,0.03,1.67,0.05009,39.43
12080.0,2.0217,2.0362,2.1038,0.176,0.281,0.03,1.676,0.05029,39.46
12090.0,1.8029,2.1018,2.0066,0.242,0.344,0.03,3.319,0.09956,39.5
12100.0,2.1197,1.99,2.0282,0.188,0.281,0.03,2.698,0.08095,39.53
12110.0,1.8918,1.98,2.076,0.207,0.25,0.03,1.673,0.05018,39.56
12120.0,2.4348,2.0401,2.0774,0.227,0.156,0.03,2.46,0.0738,39.59
12130.0,1.961,2.0845,1.9693,0.203,0.312,0.03,1.867,0.05602,39.62
12140.0,2.118,2.0582,1.991,0.234,0.219,0.03,1.52,0.04559,39.65
12150.0,1.8804,2.0218,2.0186,0.223,0.344,0.03,1.359,0.04076,39.68
12160.0,1.8452,2.0133,2.0047,0.23,0.312,0.03,2.785,0.08354,39.71
12170.0,1.9425,2.0019,1.9818,0.254,0.281,0.03,2.732,0.08196,39.74
12180.0,1.7683,1.9726,2.0035,0.246,0.344,0.03,1.81,0.05431,39.77
12190.0,1.9728,1.9677,1.9708,0.258,0.25,0.03,2.271,0.06814,39.8
12200.0,1.8898,1.9882,1.9614,0.227,0.344,0.03,1.634,0.04902,39.83
12210.0,2.0776,1.9759,2.025,0.227,0.281,0.03,2.371,0.07113,39.86
12220.0,1.6055,1.939,1.929,0.258,0.406,0.03,2.04,0.0612,39.89
12230.0,1.8979,1.8834,1.9104,0.266,0.312,0.03,1.777,0.05332,39.92
12240.0,1.9703,1.8601,1.9218,0.25,0.281,0.03,2.146,0.06438,39.95
12250.0,1.7504,1.8892,1.9476,0.27,0.375,0.03,1.89,0.05669,39.98
12260.0,2.2334,1.9085,1.9246,0.262,0.219,0.03,1.84,0.0552,40.01
12270.0,2.07,1.948,1.9117,0.266,0.219,0.03,2.954,0.08861,40.04
12280.0,1.8881,1.9634,1.9301,0.266,0.375,0.03,2.387,0.07161,40.07
12290.0,1.9276,1.8865,1.8919,0.293,0.25,0.03,1.462,0.04385,40.11
12300.0,1.8806,1.8352,1.9091,0.277,0.375,0.03,1.891,0.05673,40.14
12310.0,2.0916,1.8964,1.8944,0.297,0.25,0.03,2.116,0.06347,40.17
12320.0,1.7577,1.9313,1.9012,0.285,0.469,0.03,1.469,0.04406,40.19
12330.0,1.6138,1.9171,1.8674,0.285,0.5,0.03,1.593,0.04778,40.22
12340.0,2.1375,1.9372,1.8955,0.297,0.219,0.03,3.313,0.0994,40.26
12350.0,1.8531,1.9312,1.9053,0.305,0.406,0.03,3.655,0.1097,40.29
12360.0,1.8007,1.8698,1.9621,0.266,0.406,0.03,2.639,0.07918,40.32
12370.0,2.0281,1.8702,1.8961,0.285,0.219,0.03,2.423,0.07269,40.35
12380.0,1.7044,1.9128,1.8992,0.27,0.375,0.03,2.091,0.06273,40.38
12390.0,1.6342,1.8667,1.8959,0.277,0.469,0.03,2.472,0.07416,40.41
12400.0,2.0688,1.8727,1.9167,0.285,0.25,0.03,1.359,0.04078,40.44
12410.0,1.7795,1.884,1.9525,0.258,0.344,0.03,1.25,0.03749,40.47
12420.0,1.9151,1.8618,1.8936,0.27,0.281,0.03,3.305,0.09916,40.5
12430.0,1.9007,1.8568,1.8877,0.273,0.312,0.03,1.162,0.03487,40.53
12440.0,1.6949,1.841,1.8962,0.273,0.438,0.03,1.71,0.05131,40.56
12450.0,1.6739,1.8884,1.9094,0.262,0.281,0.03,1.395,0.04184,40.59
12460.0,1.8005,1.8576,1.8826,0.305,0.375,0.03,2.085,0.06255,40.62
12470.0,1.8992,1.8343,1.9091,0.273,0.375,0.03,1.873,0.05619,40.66
12480.0,1.6921,1.9067,1.8774,0.281,0.406,0.03,2.459,0.07377,40.7
12490.0,1.8546,1.9073,1.9054,0.266,0.438,0.03,1.7,0.05101,40.76
12500.0,1.5815,1.863,1.88,0.289,0.406,0.03,2.172,0.06515,40.8
12510.0,1.7774,1.8511,1.879,0.289,0.375,0.03,1.328,0.03983,40.83
12520.0,1.9934,1.8299,1.9567,0.27,0.281,0.03,1.588,0.04765,40.86
12530.0,1.9312,1.8615,1.9214,0.27,0.188,0.03,1.351,0.04054,40.9
12540.0,2.0492,1.8969,1.9098,0.266,0.188,0.03,1.827,0.05482,40.93
12550.0,1.6371,1.8723,1.8839,0.281,0.375,0.03,1.632,0.04895,40.96
12560.0,1.9404,1.8621,1.9177,0.309,0.312,0.03,1.896,0.05687,40.99
12570.0,1.7065,1.8636,1.9167,0.289,0.25,0.03,1.253,0.03759,41.03
12580.0,1.7901,1.8634,1.9076,0.285,0.344,0.03,1.757,0.0527,41.06
12590.0,1.855,1.8815,1.8904,0.297,0.406,0.03,1.583,0.04749,41.09
12600.0,1.9795,1.8273,1.8798,0.312,0.312,0.03,1.568,0.04704,41.13
12610.0,1.8248,1.808,1.8927,0.301,0.219,0.03,2.279,0.06838,41.16
12620.0,1.9435,1.8507,1.9021,0.289,0.281,0.03,3.191,0.09572,41.19
12630.0,1.8925,1.8536,1.8901,0.281,0.281,0.03,2.144,0.06431,41.22
12640.0,1.9585,1.8824,1.9187,0.277,0.344,0.03,2.132,0.06397,41.26
12650.0,1.9161,1.8557,1.8946,0.324,0.281,0.03,2.909,0.08727,41.29
12660.0,1.6331,1.8244,1.88,0.293,0.469,0.03,1.736,0.05208,41.32
12670.0,1.9096,1.8507,1.9246,0.27,0.344,0.03,1.187,0.0356,41.35
12680.0,1.9328,1.9015,1.9333,0.262,0.281,0.03,2.769,0.08306,41.38
12690.0,1.9308,1.8803,1.859,0.301,0.219,0.03,2.806,0.08417,41.42
12700.0,1.9475,1.8468,1.8909,0.289,0.25,0.03,1.672,0.05017,41.45
12710.0,1.94,1.8593,1.9079,0.266,0.156,0.03,2.124,0.06373,41.49
12720.0,1.7816,1.8421,1.8834,0.289,0.406,0.03,2.318,0.06954,41.53
12730.0,1.9043,1.8554,1.883,0.289,0.281,0.03,2.483,0.0745,41.56
12740.0,1.6609,1.8742,1.8711,0.289,0.406,0.03,1.586,0.04758,41.59
12750.0,1.728,1.8481,1.8969,0.277,0.344,0.03,1.639,0.04918,41.62
12760.0,1.7407,1.8261,1.8712,0.301,0.406,0.03,1.491,0.04474,41.65
12770.0,1.8162,1.9014,1.8866,0.293,0.25,0.03,1.559,0.04676,41.69
12780.0,1.8276,1.9276,1.8782,0.309,0.375,0.03,1.589,0.04767,41.72
12790.0,1.8721,1.8695,1.8923,0.289,0.344,0.03,3.496,0.1049,41.75
12800.0,1.6909,1.8734,1.8816,0.277,0.344,0.03,2.061,0.06182,41.78
12810.0,1.7512,1.871,1.9213,0.27,0.406,0.03,1.868,0.05603,41.81
12820.0,1.8566,1.8619,1.9099,0.262,0.312,0.03,2.818,0.08454,41.84
12830.0,1.9733,1.857,1.9029,0.277,0.281,0.03,1.71,0.0513,41.87
12840.0,1.8551,1.8677,1.9334,0.23,0.344,0.03,2.839,0.08517,41.91
12850.0,2.0377,1.8859,1.8801,0.281,0.281,0.03,3.404,0.1021,41.94
12860.0,1.9322,1.8955,1.8811,0.305,0.281,0.03,1.875,0.05624,41.97
12870.0,1.8629,1.8463,1.8932,0.301,0.312,0.03,2.197,0.06591,42.0
12880.0,1.9556,1.8489,1.9538,0.258,0.312,0.03,1.853,0.05558,42.03
12890.0,1.7645,1.9027,1.9453,0.266,0.25,0.03,1.892,0.05676,42.06
12900.0,2.0727,1.8859,1.8639,0.289,0.312,0.03,1.616,0.04849,42.1
12910.0,1.5589,1.8367,1.8777,0.305,0.375,0.03,2.062,0.06186,42.13
12920.0,2.0322,1.8624,1.9562,0.281,0.281,0.03,1.167,0.03502,42.16
12930.0,1.8965,1.904,1.9314,0.262,0.312,0.03,2.586,0.07758,42.19
12940.0,1.7232,1.847,1.8563,0.309,0.406,0.03,2.389,0.07166,42.22
12950.0,1.9105,1.8476,1.8649,0.309,0.281,0.03,1.283,0.03848,42.25
12960.0,1.9428,1.8923,1.8885,0.281,0.281,0.03,1.984,0.05952,42.28
12970.0,1.7777,1.8953,1.8582,0.312,0.312,0.03,1.756,0.05268,42.31
12980.0,1.7151,1.8829,1.8869,0.293,0.406,0.03,1.714,0.05141,42.34
12990.0,2.1396,1.9101,1.9262,0.281,0.25,0.03,4.226,0.1268,42.37
13000.0,1.9415,1.935,1.8706,0.309,0.188,0.03,2.651,0.07954,42.4
13010.0,1.5968,1.8565,1.8681,0.293,0.375,0.03,0.8924,0.02677,42.43
13020.0,1.9139,1.8051,1.9764,0.289,0.281,0.03,1.145,0.03436,42.46
13030.0,1.823,1.8558,1.8848,0.297,0.312,0.03,2.209,0.06626,42.49
13040.0,1.9579,1.9231,1.8992,0.281,0.219,0.03,1.608,0.04823,42.52
13050.0,1.8207,1.9034,1.887,0.285,0.406,0.03,1.486,0.04459,42.55
13060.0,1.8479,1.8476,1.9127,0.305,0.281,0.03,1.642,0.04925,42.58
13070.0,1.6616,1.8397,1.8795,0.285,0.375,0.03,2.54,0.07621,42.61
13080.0,1.7839,1.8506,1.8955,0.281,0.375,0.03,1.583,0.0475,42.64
13090.0,1.9772,1.8696,1.874,0.262,0.281,0.03,1.467,0.044,42.67
13100.0,1.9728,1.8274,1.8749,0.277,0.188,0.03,1.607,0.04822,42.7
13110.0,1.9059,1.8117,1.8802,0.285,0.25,0.03,2.493,0.0748,42.73
13120.0,1.8773,1.8739,1.9159,0.277,0.312,0.03,1.566,0.04697,42.76
13130.0,1.7658,1.9007,1.9277,0.285,0.406,0.03,1.314,0.03941,42.79
13140.0,2.0054,1.8187,1.9268,0.266,0.25,0.03,1.689,0.05066,42.82
13150.0,1.9038,1.7755,1.867,0.309,0.219,0.03,2.526,0.07579,42.85
13160.0,1.8586,1.8027,1.905,0.297,0.312,0.03,2.639,0.07918,42.91
13170.0,2.0415,1.8469,1.8752,0.301,0.375,0.03,1.81,0.0543,42.94
13180.0,1.7485,1.8725,1.8726,0.316,0.406,0.03,1.597,0.04791,42.97
13190.0,1.9469,1.8236,1.8823,0.312,0.25,0.03,2.017,0.06052,43.0
13200.0,1.7367,1.8092,1.9252,0.285,0.375,0.03,1.326,0.03978,43.03
13210.0,1.7506,1.8705,1.8951,0.293,0.375,0.03,2.373,0.07118,43.06
13220.0,1.9722,1.8782,1.894,0.297,0.344,0.03,2.047,0.06141,43.09
13230.0,1.8572,1.8863,1.9222,0.281,0.312,0.03,2.147,0.0644,43.12
13240.0,1.904,1.8913,1.8942,0.285,0.375,0.03,1.911,0.05734,43.15
13250.0,2.1592,1.8831,1.9518,0.262,0.219,0.03,2.905,0.08716,43.18
13260.0,1.5946,1.8871,1.9363,0.285,0.375,0.03,2.482,0.07447,43.21
13270.0,1.9563,1.8919,1.883,0.297,0.281,0.03,2.249,0.06747,43.24
13280.0,2.0919,1.9252,1.9227,0.273,0.156,0.03,2.101,0.06303,43.27
13290.0,1.9625,1.8811,1.9093,0.281,0.312,0.03,2.366,0.07098,43.3
13300.0,2.0157,1.8978,1.9231,0.27,0.281,0.03,2.45,0.0735,43.33
13310.0,1.8712,1.9018,1.8925,0.301,0.344,0.03,1.709,0.05128,43.36
13320.0,1.7984,1.8598,1.8556,0.297,0.406,0.03,1.313,0.03939,43.39
13330.0,1.9056,1.8572,1.9226,0.273,0.312,0.03,2.664,0.07992,43.42
13340.0,1.9651,1.8614,1.9368,0.266,0.344,0.03,1.289,0.03867,43.45
13350.0,2.0515,1.8983,1.8619,0.293,0.219,0.03,1.844,0.05531,43.48
13360.0,1.3508,1.8776,1.8638,0.305,0.531,0.03,1.205,0.03616,43.51
13370.0,1.9536,1.8615,1.8859,0.273,0.25,0.03,1.639,0.04918,43.54
13380.0,1.8268,1.8492,1.9165,0.293,0.281,0.03,1.693,0.05078,43.57
13390.0,1.8155,1.8429,1.8731,0.309,0.25,0.03,1.779,0.05337,43.61
13400.0,1.8509,1.8591,1.8754,0.316,0.281,0.03,1.828,0.05483,43.64
13410.0,1.9673,1.9113,1.8913,0.262,0.25,0.03,2.423,0.0727,43.67
13420.0,1.7929,1.8821,1.8841,0.297,0.219,0.03,3.604,0.1081,43.7
13430.0,1.9831,1.8181,1.8958,0.273,0.219,0.03,1.853,0.05558,43.73
13440.0,1.524,1.819,1.902,0.297,0.344,0.03,1.657,0.04972,43.76
13450.0,1.633,1.8061,1.8932,0.293,0.469,0.03,2.128,0.06383,43.79
13460.0,2.0287,1.8667,1.885,0.301,0.312,0.03,2.899,0.08697,43.82
13470.0,1.8095,1.8904,1.8881,0.281,0.406,0.03,1.17,0.0351,43.85
13480.0,1.9023,1.8789,1.8614,0.293,0.344,0.03,1.869,0.05607,43.88
13490.0,1.9717,1.8891,1.8679,0.289,0.25,0.03,1.68,0.0504,43.91
13500.0,1.93,1.8476,1.8491,0.316,0.188,0.03,1.904,0.05713,43.94
13510.0,2.1019,1.8145,1.8875,0.301,0.219,0.03,2.629,0.07886,43.97
13520.0,1.9819,1.8327,1.9444,0.27,0.219,0.03,2.241,0.06722,44.0
13530.0,1.784,1.8855,1.875,0.281,0.344,0.03,1.966,0.05898,44.03
13540.0,1.853,1.9091,1.8682,0.27,0.344,0.03,3.592,0.1078,44.06
13550.0,1.8514,1.855,1.9064,0.27,0.312,0.03,3.548,0.1064,44.09
13560.0,1.8895,1.8681,1.8721,0.301,0.344,0.03,3.417,0.1025,44.12
13570.0,1.7834,1.9206,1.8892,0.277,0.406,0.03,1.496,0.04488,44.15
13580.0,1.7339,1.8462,1.948,0.262,0.406,0.03,2.279,0.06837,44.18
13590.0,1.8767,1.8582,1.9615,0.273,0.312,0.03,1.986,0.05958,44.21
13600.0,1.9664,1.8799,1.8826,0.289,0.25,0.03,1.367,0.041,44.24
13610.0,1.9108,1.862,1.8819,0.262,0.312,0.03,2.493,0.0748,44.27
13620.0,1.8911,1.8889,1.9111,0.285,0.344,0.03,2.054,0.06163,44.3
13630.0,2.1818,1.9087,1.8702,0.27,0.156,0.03,1.296,0.03887,44.33
13640.0,1.9712,1.9326,1.9509,0.23,0.312,0.03,2.262,0.06786,44.36
13650.0,1.9383,1.8948,1.8711,0.316,0.25,0.03,1.726,0.05179,44.39
13660.0,2.2208,1.9103,1.9504,0.246,0.188,0.03,2.138,0.06414,44.42
13670.0,1.8102,1.9332,1.8818,0.316,0.344,0.03,3.03,0.09089,44.45
13680.0,1.6809,1.915,1.8851,0.309,0.438,0.03,1.489,0.04468,44.48
13690.0,1.6524,1.8645,1.91,0.266,0.469,0.03,3.578,0.1073,44.51
13700.0,1.9119,1.8213,1.9003,0.281,0.312,0.03,1.582,0.04746,44.54
13710.0,1.8515,1.8326,1.8837,0.293,0.188,0.03,1.209,0.03627,44.57
13720.0,1.7201,1.8218,1.8684,0.293,0.438,0.03,1.915,0.05746,44.6
13730.0,1.6219,1.7877,1.8863,0.289,0.5,0.03,1.702,0.05106,44.63
13740.0,1.5569,1.8256,1.8881,0.285,0.344,0.03,3.357,0.1007,44.66
13750.0,1.7959,1.8712,1.8991,0.281,0.281,0.03,2.221,0.06662,44.69
13760.0,1.6384,1.9065,1.8858,0.27,0.312,0.03,3.326,0.09978,44.72
13770.0,1.7329,1.894,1.8755,0.309,0.375,0.03,1.595,0.04784,44.75
13780.0,1.8942,1.8249,1.8618,0.293,0.188,0.03,1.477,0.04431,44.78
13790.0,2.0371,1.8115,1.8725,0.301,0.125,0.03,1.738,0.05214,44.82
13800.0,1.7614,1.8313,1.8561,0.312,0.406,0.03,1.83,0.05491,44.85
13810.0,2.0516,1.8725,1.9183,0.27,0.25,0.03,3.216,0.09648,44.88
13820.0,1.8493,1.9129,1.8763,0.297,0.375,0.03,2.273,0.0682,44.91
13830.0,1.836,1.9029,1.8694,0.297,0.281,0.03,1.503,0.0451,44.94
13840.0,2.0217,1.8566,1.8635,0.289,0.219,0.03,2.948,0.08845,44.97
13850.0,1.871,1.8703,1.851,0.293,0.188,0.03,2.134,0.06401,45.0
13860.0,1.8468,1.9034,1.8767,0.293,0.312,0.03,1.661,0.04984,45.03
13870.0,1.5162,1.8863,1.856,0.285,0.5,0.03,2.39,0.07169,45.06
13880.0,1.4375,1.8654,1.9083,0.281,0.562,0.03,1.649,0.04946,45.09
13890.0,1.7948,1.8502,1.9728,0.27,0.312,0.03,2.254,0.06763,45.12
13900.0,1.7372,1.8757,1.8621,0.305,0.406,0.03,1.315,0.03946,45.15
13910.0,1.9548,1.9373,1.9374,0.238,0.25,0.03,2.904,0.08712,45.18
13920.0,1.8525,1.9049,1.9049,0.281,0.188,0.03,1.628,0.04883,45.21
13930.0,1.5911,1.8068,1.9032,0.277,0.281,0.03,1.246,0.03739,45.24
13940.0,1.9797,1.8324,1.914,0.293,0.344,0.03,2.994,0.08982,45.27
13950.0,1.7171,1.8724,1.87,0.285,0.469,0.03,1.565,0.04696,45.3
13960.0,1.8614,1.853,1.9869,0.258,0.344,0.03,1.626,0.04879,45.33
13970.0,1.9281,1.8344,1.9021,0.289,0.219,0.03,2.455,0.07365,45.36
13980.0,2.2649,1.8509,1.8413,0.301,0.156,0.03,2.259,0.06778,45.39
13990.0,1.9328,1.8453,1.8866,0.305,0.375,0.03,1.301,0.03904,45.42
14000.0,1.8692,1.8204,1.8473,0.305,0.281,0.03,1.896,0.05688,45.45
14010.0,1.8021,1.8607,1.8515,0.293,0.25,0.03,2.604,0.07813,45.48
14020.0,1.9556,1.8626,1.9045,0.289,0.25,0.03,2.533,0.07599,45.51
14030.0,1.9229,1.8375,1.8683,0.312,0.281,0.03,3.478,0.1043,45.54
14040.0,2.0356,1.8836,1.8576,0.297,0.312,0.03,1.932,0.05797,45.57
14050.0,1.9079,1.8892,1.8645,0.316,0.312,0.03,1.772,0.05316,45.6
14060.0,1.956,1.8401,1.9128,0.285,0.25,0.03,2.564,0.07693,45.63
14070.0,1.8434,1.8088,1.9231,0.277,0.25,0.03,1.768,0.05304,45.66
14080.0,1.5533,1.7681,1.9006,0.309,0.562,0.03,2.237,0.06711,45.69
14090.0,2.0246,1.8145,1.9061,0.297,0.312,0.03,1.462,0.04385,45.72
14100.0,1.6304,1.8398,1.8712,0.32,0.406,0.03,1.702,0.05105,45.75
14110.0,1.8361,1.8344,1.9181,0.266,0.344,0.03,2.632,0.07896,45.78
14120.0,1.6608,1.8299,1.8899,0.273,0.438,0.03,1.756,0.05269,45.81
14130.0,2.01,1.7838,1.8734,0.305,0.312,0.03,1.236,0.03708,45.84
14140.0,1.7115,1.8319,1.8504,0.309,0.312,0.03,3.456,0.1037,45.88
14150.0,1.6135,1.8611,1.8836,0.277,0.312,0.03,1.7,0.051,45.91
14160.0,1.6936,1.8455,1.8919,0.281,0.25,0.03,2.219,0.06657,45.94
14170.0,1.7756,1.8786,1.9046,0.273,0.344,0.03,2.757,0.08271,45.97
14180.0,1.7463,1.8505,1.8594,0.309,0.438,0.03,1.505,0.04515,46.02
14190.0,1.7452,1.828,1.9048,0.297,0.281,0.03,1.937,0.05811,46.05
14200.0,2.2064,1.8966,1.8486,0.332,0.25,0.03,3.795,0.1139,46.08
14210.0,2.0229,1.9014,1.842,0.309,0.25,0.03,2.613,0.07839,46.11
14220.0,1.7611,1.9161,1.8682,0.301,0.375,0.03,1.746,0.05237,46.14
14230.0,2.0287,1.9357,1.906,0.285,0.219,0.03,2.134,0.06402,46.17
14240.0,1.7622,1.8477,1.917,0.293,0.344,0.03,1.823,0.05468,46.2
14250.0,1.8699,1.8878,1.9044,0.293,0.312,0.03,2.631,0.07892,46.23
14260.0,1.7991,1.9382,1.8925,0.27,0.281,0.03,1.701,0.05102,46.26
14270.0,1.7566,1.8626,1.8404,0.285,0.281,0.03,2.116,0.06348,46.29
14280.0,1.964,1.8556,1.855,0.289,0.344,0.03,2.325,0.06976,46.32
14290.0,1.806,1.8331,1.9063,0.297,0.438,0.03,1.818,0.05453,46.35
14300.0,1.7437,1.8245,1.8675,0.301,0.406,0.03,1.68,0.05041,46.38
14310.0,1.8914,1.8813,1.9307,0.25,0.344,0.03,1.74,0.05221,46.41
14320.0,2.0686,1.8971,1.8447,0.328,0.219,0.03,2.01,0.06031,46.44
14330.0,1.8631,1.9167,1.9096,0.289,0.281,0.03,2.466,0.07399,46.47
14340.0,1.6653,1.9089,1.8625,0.293,0.375,0.03,2.224,0.06671,46.5
14350.0,1.6665,1.868,1.863,0.293,0.344,0.03,1.255,0.03764,46.53
14360.0,2.0921,1.8566,1.8824,0.293,0.219,0.03,3.411,0.1023,46.56
14370.0,1.778,1.8507,1.8711,0.293,0.156,0.03,1.742,0.05227,46.59
14380.0,1.6047,1.8208,1.8985,0.285,0.406,0.03,1.23,0.0369,46.62
14390.0,2.0442,1.8197,1.8633,0.309,0.25,0.03,1.747,0.0524,46.65
14400.0,1.781,1.8225,1.9101,0.305,0.281,0.03,3.257,0.09771,46.68
14410.0,1.6926,1.7892,1.8918,0.289,0.406,0.03,2.466,0.07398,46.71
14420.0,1.9596,1.8715,1.8876,0.305,0.281,0.03,1.773,0.05318,46.75
14430.0,1.6678,1.9215,1.8898,0.273,0.438,0.03,2.035,0.06106,46.78
14440.0,1.947,1.8808,1.8642,0.316,0.281,0.03,1.699,0.05096,46.81
14450.0,1.8056,1.9183,1.8433,0.301,0.344,0.03,1.782,0.05346,46.84
14460.0,1.8888,1.9075,1.8671,0.312,0.375,0.03,2.378,0.07134,46.87
14470.0,1.662,1.8456,1.8486,0.309,0.562,0.03,1.304,0.03911,46.9
14480.0,1.8105,1.81,1.8755,0.297,0.281,0.03,2.807,0.0842,46.93
14490.0,1.8709,1.8196,1.8556,0.305,0.375,0.03,2.347,0.0704,46.96
14500.0,1.8478,1.8456,1.9581,0.234,0.281,0.03,1.717,0.05151,46.99
14510.0,1.92,1.8528,1.8618,0.281,0.25,0.03,2.06,0.0618,47.02
14520.0,1.8234,1.8095,1.8992,0.277,0.281,0.03,2.436,0.07307,47.05
14530.0,1.8996,1.8295,1.9077,0.258,0.25,0.03,2.437,0.07312,47.08
14540.0,1.86,1.8827,1.8957,0.281,0.406,0.03,2.334,0.07001,47.11
14550.0,1.8259,1.8322,1.8893,0.273,0.219,0.03,2.408,0.07224,47.14
14560.0,1.748,1.7972,1.925,0.27,0.344,0.03,1.352,0.04056,47.17
14570.0,2.0963,1.7936,1.8983,0.273,0.219,0.03,1.417,0.0425,47.2
14580.0,2.0311,1.8478,1.9342,0.223,0.25,0.03,2.102,0.06307,47.23
14590.0,1.8142,1.8939,1.8745,0.273,0.219,0.03,1.752,0.05256,47.26
14600.0,1.8854,1.865,1.9584,0.266,0.219,0.03,1.388,0.04165,47.29
14610.0,1.7336,1.8483,1.9274,0.297,0.281,0.03,1.761,0.05282,47.32
14620.0,2.2001,1.8793,1.9184,0.27,0.312,0.03,1.506,0.04519,47.35
14630.0,1.8594,1.8926,1.9352,0.27,0.281,0.03,3.727,0.1118,47.38
14640.0,1.7241,1.8337,1.8508,0.309,0.281,0.03,1.786,0.05358,47.41
14650.0,1.8595,1.8016,1.8907,0.297,0.344,0.03,1.814,0.05443,47.44
14660.0,1.9715,1.7819,1.8529,0.297,0.344,0.03,2.24,0.0672,47.47
14670.0,1.9041,1.816,1.905,0.277,0.25,0.03,1.636,0.04909,47.5
14680.0,1.6463,1.8479,1.8528,0.297,0.344,0.03,2.475,0.07426,47.53
14690.0,1.5081,1.8311,1.8366,0.309,0.438,0.03,2.014,0.06043,47.56
14700.0,1.6734,1.7865,1.8693,0.312,0.312,0.03,1.874,0.05623,47.6
14710.0,1.7733,1.7844,1.8503,0.301,0.281,0.03,2.572,0.07717,47.64
14720.0,1.8746,1.8835,1.8992,0.27,0.312,0.03,2.859,0.08577,47.67
14730.0,1.8591,1.8786,1.8429,0.305,0.25,0.03,1.226,0.03678,47.7
14740.0,1.692,1.869,1.8495,0.312,0.406,0.03,2.154,0.06461,47.73
14750.0,1.7679,1.8546,1.8573,0.301,0.312,0.03,1.816,0.05448,47.76
14760.0,1.663,1.7968,1.8768,0.285,0.281,0.03,2.638,0.07915,47.79
14770.0,1.7945,1.8277,1.857,0.32,0.281,0.03,1.737,0.0521,47.82
14780.0,1.8552,1.8784,1.8519,0.328,0.438,0.03,1.645,0.04936,47.85
14790.0,1.9393,1.8857,1.851,0.297,0.312,0.03,1.826,0.05477,47.88
14800.0,1.7651,1.8564,1.8666,0.301,0.406,0.03,2.04,0.0612,47.91
14810.0,1.7292,1.842,1.9379,0.277,0.375,0.03,2.068,0.06205,47.94
14820.0,1.6778,1.8796,1.8803,0.305,0.281,0.03,2.405,0.07214,47.97
14830.0,1.7287,1.8707,1.8519,0.293,0.344,0.03,1.795,0.05385,48.0
14840.0,1.9095,1.882,1.8587,0.281,0.25,0.03,1.957,0.05872,48.03
14850.0,1.71,1.9039,1.8534,0.305,0.375,0.03,2.204,0.06613,48.06
14860.0,1.7152,1.8659,1.8628,0.293,0.375,0.03,2.195,0.06585,48.09
14870.0,1.6562,1.8244,1.9488,0.289,0.312,0.03,1.414,0.04242,48.12
14880.0,1.8164,1.7795,1.8647,0.289,0.406,0.03,2.6,0.078,48.15
14890.0,1.9105,1.8262,1.8481,0.312,0.344,0.03,1.795,0.05384,48.18
14900.0,1.7971,1.8677,1.8492,0.312,0.312,0.03,1.422,0.04265,48.21
14910.0,1.7438,1.833,1.8599,0.301,0.406,0.03,1.973,0.0592,48.24
14920.0,2.1509,1.9081,1.8485,0.305,0.188,0.03,2.337,0.07011,48.27
14930.0,1.8596,1.8961,1.9196,0.289,0.344,0.03,2.605,0.07816,48.3
14940.0,1.5529,1.8089,1.8589,0.312,0.594,0.03,1.573,0.0472,48.33
14950.0,1.7071,1.8167,1.9023,0.289,0.344,0.03,2.232,0.06697,48.36
14960.0,1.7586,1.8065,1.8535,0.285,0.344,0.03,1.549,0.04647,48.39
14970.0,1.6986,1.8325,1.9024,0.281,0.469,0.03,2.356,0.07067,48.42
14980.0,1.8529,1.8423,1.8528,0.289,0.438,0.03,1.473,0.04419,48.46
14990.0,1.8161,1.8115,1.849,0.289,0.25,0.03,1.553,0.04659,48.49
15000.0,2.0493,1.8527,1.8873,0.285,0.188,0.03,1.817,0.05452,48.52
15010.0,1.6999,1.8994,1.8622,0.301,0.281,0.03,2.408,0.07223,48.55
15020.0,2.0445,1.8747,1.8475,0.301,0.25,0.03,1.973,0.05918,48.58
15030.0,1.5533,1.8414,1.8665,0.305,0.375,0.03,1.524,0.04573,48.61
15040.0,1.7464,1.8184,1.868,0.281,0.281,0.03,3.348,0.1005,48.64
15050.0,1.8361,1.8209,1.8401,0.301,0.281,0.03,1.487,0.04461,48.67
15060.0,1.7541,1.8872,1.8567,0.305,0.312,0.03,1.452,0.04357,48.7
15070.0,2.0546,1.8953,1.849,0.305,0.25,0.03,2.52,0.0756,48.73
15080.0,1.8539,1.8153,1.8448,0.312,0.281,0.03,2.318,0.06953,48.76
15090.0,1.8751,1.8236,1.9015,0.277,0.25,0.03,2.172,0.06515,48.79
15100.0,1.8934,1.8923,1.8435,0.293,0.312,0.03,2.064,0.06191,48.82
15110.0,1.9996,1.8901,1.8621,0.316,0.219,0.03,1.895,0.05684,48.85
15120.0,1.6594,1.8566,1.8558,0.328,0.438,0.03,2.065,0.06195,48.88
15130.0,2.0264,1.8237,1.9303,0.27,0.25,0.03,1.928,0.05784,48.91
15140.0,1.8817,1.8258,1.8865,0.281,0.219,0.03,1.742,0.05227,48.94
15150.0,1.7161,1.8694,1.908,0.293,0.344,0.03,1.277,0.0383,48.97
15160.0,2.0798,1.9018,1.8538,0.301,0.281,0.03,1.467,0.04401,49.0
15170.0,1.8594,1.8772,1.8604,0.281,0.25,0.03,2.794,0.08381,49.03
15180.0,1.7875,1.8425,1.8991,0.293,0.469,0.03,1.796,0.05388,49.06
15190.0,1.8308,1.8364,1.8731,0.312,0.281,0.03,1.668,0.05005,49.09
15200.0,1.8137,1.8202,1.8923,0.309,0.25,0.03,2.618,0.07855,49.12
15210.0,1.7693,1.8488,1.8834,0.316,0.406,0.03,3.212,0.09636,49.15
15220.0,1.9622,1.8773,1.8688,0.32,0.25,0.03,1.835,0.05505,49.18
15230.0,1.9013,1.8481,1.9139,0.273,0.188,0.03,1.618,0.04853,49.21
15240.0,1.7419,1.8053,1.8606,0.301,0.438,0.03,2.637,0.0791,49.24
15250.0,1.9076,1.8515,1.9593,0.258,0.25,0.03,2.949,0.08846,49.27
15260.0,1.9656,1.888,1.8683,0.32,0.375,0.03,2.409,0.07226,49.3
15270.0,1.9586,1.8937,1.8532,0.312,0.281,0.03,1.48,0.04441,49.33
15280.0,1.6834,1.8844,1.8609,0.301,0.406,0.03,1.655,0.04966,49.36
15290.0,1.8875,1.8354,1.9051,0.27,0.344,0.03,1.861,0.05582,49.39
15300.0,1.929,1.8671,1.8798,0.293,0.188,0.03,2.014,0.06043,49.42
15310.0,1.7185,1.8968,1.9036,0.285,0.25,0.03,2.094,0.06281,49.45
15320.0,1.7733,1.8963,1.8947,0.285,0.438,0.03,2.654,0.07963,49.48
15330.0,1.952,1.8719,1.9202,0.266,0.219,0.03,3.398,0.1019,49.51
15340.0,2.032,1.8407,1.9026,0.297,0.281,0.03,2.014,0.06041,49.54
15350.0,2.0221,1.8611,1.8832,0.293,0.188,0.03,1.607,0.04821,49.57
15360.0,1.9059,1.8691,1.938,0.258,0.344,0.03,1.815,0.05444,49.6
15370.0,1.7847,1.8905,1.8524,0.309,0.344,0.03,1.71,0.05129,49.63
15380.0,1.8609,1.9029,1.882,0.293,0.312,0.03,2.341,0.07022,49.66
15390.0,1.8113,1.881,1.8642,0.305,0.344,0.03,1.802,0.05405,49.69
15400.0,2.0089,1.8833,1.8764,0.305,0.25,0.03,2.839,0.08518,49.72
15410.0,1.827,1.8947,1.8748,0.301,0.25,0.03,1.492,0.04475,49.75
15420.0,1.9999,1.8704,1.8692,0.281,0.188,0.03,1.679,0.05036,49.78
15430.0,1.945,1.8415,1.8844,0.293,0.25,0.03,1.774,0.05323,49.81
15440.0,1.841,1.8565,1.8618,0.324,0.312,0.03,1.943,0.0583,49.84
15450.0,1.698,1.8214,1.8856,0.289,0.281,0.03,1.364,0.04092,49.87
15460.0,1.6857,1.7993,1.9685,0.289,0.375,0.03,2.039,0.06116,49.9
15470.0,1.9146,1.8642,1.88,0.324,0.375,0.03,2.244,0.06732,49.93
15480.0,1.8471,1.924,1.8971,0.297,0.312,0.03,1.991,0.05972,49.97
15490.0,1.6307,1.9204,1.8467,0.32,0.469,0.03,1.705,0.05116,50.0
15500.0,1.6933,1.8789,1.884,0.285,0.406,0.03,1.629,0.04886,50.03
15510.0,1.6539,1.8669,1.8604,0.309,0.406,0.03,1.486,0.04459,50.06
15520.0,1.9205,1.8748,1.9058,0.293,0.188,0.03,2.648,0.07944,50.09
15530.0,1.9239,1.8541,1.8648,0.312,0.312,0.03,2.555,0.07666,50.12
15540.0,1.8077,1.8235,1.8742,0.312,0.438,0.03,2.61,0.07831,50.15
15550.0,1.9132,1.8548,1.8984,0.289,0.344,0.03,1.526,0.04577,50.18
15560.0,1.7996,1.8882,1.8869,0.277,0.281,0.03,2.86,0.08579,50.21
15570.0,1.6587,1.8739,1.8516,0.305,0.406,0.03,2.825,0.08476,50.24
15580.0,2.0108,1.8744,1.8772,0.301,0.188,0.03,1.951,0.05854,50.27
15590.0,1.7131,1.8539,1.884,0.273,0.438,0.03,1.798,0.05394,50.3
15600.0,1.8635,1.8361,1.9723,0.23,0.188,0.03,2.646,0.07939,50.33
15610.0,1.8043,1.835,1.8742,0.281,0.188,0.03,3.097,0.09292,50.36
15620.0,1.9307,1.8124,1.8362,0.305,0.219,0.03,2.391,0.07173,50.39
15630.0,1.7745,1.8197,1.8476,0.297,0.375,0.03,1.489,0.04468,50.42
15640.0,2.2024,1.8824,1.9215,0.293,0.219,0.03,2.766,0.08297,50.46
15650.0,1.6298,1.8749,1.8482,0.293,0.438,0.03,2.558,0.07675,50.49
15660.0,2.1506,1.8605,1.8612,0.285,0.312,0.03,2.438,0.07313,50.52
15670.0,1.6482,1.8666,1.8558,0.316,0.375,0.03,1.412,0.04235,50.55
15680.0,1.8227,1.8405,1.9375,0.289,0.25,0.03,2.078,0.06234,50.58
15690.0,1.6952,1.8369,1.8513,0.305,0.406,0.03,2.401,0.07203,50.61
15700.0,1.981,1.84,1.9579,0.266,0.219,0.03,1.514,0.04541,50.64
15710.0,1.763,1.8392,1.854,0.312,0.375,0.03,1.167,0.035,50.67
15720.0,1.9279,1.8877,1.8541,0.309,0.25,0.03,3.016,0.09048,50.7
15730.0,1.9633,1.8787,1.84,0.293,0.312,0.03,2.742,0.08225,50.73
15740.0,1.7801,1.8029,1.8379,0.309,0.281,0.03,2.334,0.07002,50.76
15750.0,1.8884,1.8526,1.8732,0.305,0.281,0.03,1.455,0.04365,50.79
15760.0,1.7901,1.8731,1.8513,0.281,0.344,0.03,3.209,0.09628,50.82
15770.0,1.9256,1.8623,1.965,0.273,0.375,0.03,2.772,0.08316,50.85
15780.0,1.7997,1.8494,1.8833,0.27,0.469,0.03,1.475,0.04425,50.88
15790.0,1.7074,1.859,1.8829,0.285,0.438,0.03,1.414,0.04242,50.91
15800.0,1.9874,1.9191,1.856,0.301,0.281,0.03,1.758,0.05275,50.94
15810.0,1.9131,1.9183,1.8973,0.297,0.344,0.03,2.794,0.08381,50.97
15820.0,1.9076,1.8682,1.8753,0.301,0.375,0.03,1.849,0.05547,51.0
15830.0,1.7968,1.8216,1.8411,0.289,0.375,0.03,3.04,0.09121,51.03
15840.0,1.7527,1.8244,1.8822,0.309,0.375,0.03,2.01,0.0603,51.06
15850.0,1.747,1.8351,1.8385,0.305,0.312,0.03,1.448,0.04343,51.09
15860.0,1.9336,1.8528,1.8567,0.305,0.281,0.03,1.778,0.05335,51.12
15870.0,1.5577,1.8049,1.9114,0.301,0.438,0.03,3.372,0.1012,51.15
15880.0,1.7258,1.7961,1.8476,0.305,0.375,0.03,1.668,0.05003,51.18
15890.0,1.5306,1.8643,1.9476,0.273,0.281,0.03,2.383,0.0715,51.21
15900.0,1.8933,1.8598,1.8552,0.316,0.219,0.03,1.384,0.04153,51.24
15910.0,2.0653,1.8397,1.8417,0.328,0.312,0.03,1.627,0.04881,51.27
15920.0,1.7893,1.8426,1.8484,0.289,0.312,0.03,2.255,0.06765,51.3
15930.0,1.7611,1.8203,1.8905,0.305,0.375,0.03,2.658,0.07973,51.33
15940.0,1.9254,1.842,1.9185,0.301,0.344,0.03,1.91,0.0573,51.36
15950.0,2.1389,1.8574,1.8398,0.316,0.156,0.03,2.176,0.06529,51.39
15960.0,1.6323,1.8579,1.881,0.266,0.281,0.03,1.717,0.05152,51.42
15970.0,1.7813,1.8985,1.8785,0.305,0.406,0.03,1.484,0.04453,51.45
15980.0,2.0175,1.8912,1.8298,0.32,0.188,0.03,2.212,0.06635,51.48
15990.0,1.7922,1.8775,1.8489,0.289,0.438,0.03,1.587,0.04761,51.51
16000.0,1.6759,1.8209,1.8407,0.297,0.406,0.03,1.501,0.04504,51.54
16010.0,1.6905,1.7724,1.8479,0.316,0.438,0.03,1.895,0.05685,51.57
16020.0,2.028,1.843,1.9412,0.277,0.156,0.03,3.856,0.1157,51.6
16030.0,2.1643,1.9327,1.8905,0.289,0.219,0.03,1.79,0.0537,51.63
16040.0,1.8863,1.9313,1.8833,0.297,0.406,0.03,1.954,0.05861,51.66
16050.0,1.8086,1.8879,1.8816,0.297,0.375,0.03,1.486,0.04457,51.69
16060.0,1.7445,1.8634,1.8468,0.305,0.375,0.03,1.004,0.03011,51.72
16070.0,2.0462,1.8184,1.8499,0.277,0.25,0.03,3.042,0.09127,51.75
16080.0,1.6525,1.8011,1.8752,0.285,0.438,0.03,1.572,0.04715,51.78
16090.0,1.7556,1.848,1.8586,0.309,0.375,0.03,1.762,0.05287,51.81
16100.0,1.9107,1.8899,1.9055,0.273,0.219,0.03,2.823,0.08468,51.84
16110.0,1.9233,1.9017,1.8614,0.309,0.25,0.03,2.228,0.06684,51.87
16120.0,1.9488,1.8927,1.9208,0.297,0.25,0.03,1.647,0.04941,51.9
16130.0,1.632,1.8632,1.8648,0.32,0.281,0.03,1.213,0.0364,51.93
16140.0,2.0253,1.8664,1.8999,0.277,0.219,0.03,1.529,0.04587,51.97
16150.0,1.8043,1.8252,1.8645,0.285,0.438,0.03,2.041,0.06124,52.0
16160.0,2.0889,1.8236,1.8314,0.305,0.125,0.03,3.166,0.09499,52.03
16170.0,1.7615,1.8829,1.9123,0.309,0.281,0.03,4.188,0.1256,52.06
16180.0,1.8022,1.8735,1.8433,0.297,0.281,0.03,1.967,0.059,52.09
16190.0,1.6594,1.8364,1.8627,0.301,0.344,0.03,2.992,0.08976,52.12
16200.0,1.8933,1.7962,1.8497,0.324,0.156,0.03,2.433,0.07299,52.15
16210.0,1.7082,1.7718,1.8247,0.32,0.406,0.03,1.94,0.05819,52.18
16220.0,1.8688,1.8097,1.9277,0.289,0.219,0.03,2.446,0.07338,52.21
16230.0,1.9078,1.8155,1.8599,0.309,0.188,0.03,1.565,0.04694,52.24
16240.0,1.8606,1.7649,1.9496,0.254,0.25,0.03,1.946,0.05838,52.27
16250.0,1.8372,1.7845,1.8391,0.312,0.344,0.03,2.054,0.06163,52.3
16260.0,1.9598,1.8393,1.841,0.316,0.312,0.03,2.207,0.0662,52.33
16270.0,1.8238,1.8735,1.8385,0.309,0.406,0.03,2.02,0.06061,52.36
16280.0,1.6703,1.8734,1.844,0.273,0.469,0.03,1.238,0.03714,52.39
16290.0,1.9995,1.8897,1.8882,0.285,0.25,0.03,2.004,0.06013,52.42
16300.0,1.8883,1.8961,1.8968,0.285,0.344,0.03,2.149,0.06446,52.45
16310.0,1.7993,1.8544,1.8228,0.297,0.344,0.03,1.833,0.055,52.48
16320.0,1.8671,1.8232,1.8646,0.305,0.25,0.03,1.291,0.03872,52.51
16330.0,1.6322,1.8278,1.8707,0.309,0.344,0.03,2.125,0.06374,52.54
16340.0,2.0217,1.8629,1.8602,0.309,0.219,0.03,3.835,0.1151,52.57
16350.0,1.828,1.8487,1.8585,0.312,0.344,0.03,2.265,0.06794,52.6
16360.0,1.7123,1.7998,1.8575,0.297,0.406,0.03,2.524,0.07572,52.63
16370.0,1.8976,1.8204,1.891,0.305,0.375,0.03,3.157,0.09472,52.66
16380.0,1.8465,1.8221,1.8404,0.34,0.219,0.03,2.228,0.06684,52.69
16390.0,1.9402,1.8302,1.8275,0.316,0.406,0.03,2.238,0.06714,52.72
16400.0,1.6884,1.8307,1.8289,0.32,0.469,0.03,2.94,0.0882,52.75
16410.0,1.9292,1.8208,1.8508,0.328,0.125,0.03,2.914,0.08741,52.78
16420.0,1.621,1.8261,1.8387,0.324,0.406,0.03,2.109,0.06328,52.81
16430.0,1.912,1.8493,1.8402,0.289,0.344,0.03,2.272,0.06817,52.84
16440.0,1.8904,1.8735,1.842,0.305,0.312,0.03,1.693,0.0508,52.87
16450.0,1.8677,1.8621,2.0321,0.223,0.219,0.03,2.773,0.08319,52.9
16460.0,1.9528,1.9209,1.8542,0.309,0.281,0.03,1.646,0.04939,52.93
16470.0,1.9174,1.9149,1.8923,0.289,0.25,0.03,2.482,0.07447,52.96
16480.0,1.9199,1.8532,1.9184,0.258,0.312,0.03,3.549,0.1065,52.99
16490.0,2.0033,1.8648,1.8405,0.32,0.156,0.03,1.582,0.04746,53.02
16500.0,1.7907,1.8512,1.8413,0.312,0.406,0.03,1.139,0.03418,53.05
16510.0,1.6663,1.8281,1.8365,0.285,0.375,0.03,1.845,0.05536,53.08
16520.0,1.9617,1.8651,1.8763,0.301,0.219,0.03,2.349,0.07046,53.11
16530.0,1.9175,1.8468,1.8499,0.281,0.25,0.03,1.943,0.05829,53.14
16540.0,1.7682,1.7864,1.8448,0.305,0.469,0.03,2.448,0.07345,53.17
16550.0,1.7683,1.8354,1.8627,0.309,0.219,0.03,2.323,0.06968,53.2
16560.0,1.8506,1.8311,1.8635,0.305,0.281,0.03,2.249,0.06748,53.23
16570.0,1.7766,1.8432,1.839,0.301,0.281,0.03,1.639,0.04918,53.26
16580.0,1.7947,1.864,1.9155,0.285,0.438,0.03,1.918,0.05754,53.29
16590.0,2.0161,1.884,1.8549,0.293,0.312,0.03,1.564,0.04693,53.32
16600.0,1.919,1.8729,1.8299,0.316,0.281,0.03,2.292,0.06876,53.35
16610.0,1.9727,1.8124,1.9048,0.305,0.281,0.03,1.279,0.03838,53.39
16620.0,1.9192,1.789,1.8555,0.305,0.344,0.03,2.728,0.08185,53.41
16630.0,1.8858,1.8344,1.8897,0.273,0.219,0.03,1.358,0.04075,53.44
16640.0,2.0713,1.8796,1.8333,0.312,0.219,0.03,2.664,0.07992,53.48
16650.0,1.7081,1.8793,1.8631,0.285,0.469,0.03,1.729,0.05187,53.51
16660.0,1.7459,1.9018,1.9282,0.297,0.375,0.03,1.65,0.04951,53.54
16670.0,1.9616,1.8618,1.9045,0.293,0.25,0.03,3.148,0.09443,53.57
16680.0,1.9768,1.8739,1.8436,0.293,0.156,0.03,2.321,0.06963,53.6
16690.0,2.002,1.8917,1.9014,0.289,0.344,0.03,3.655,0.1096,53.63
16700.0,1.6807,1.8805,1.8497,0.328,0.312,0.03,2.573,0.0772,53.66
16710.0,1.8708,1.8999,1.8271,0.293,0.344,0.03,2.559,0.07676,53.69
16720.0,1.7198,1.9242,1.8474,0.297,0.25,0.03,1.832,0.05496,53.72
16730.0,1.876,1.8748,1.8883,0.293,0.25,0.03,1.397,0.0419,53.75
16740.0,1.7187,1.8175,1.8419,0.281,0.312,0.03,1.767,0.05302,53.78
16750.0,1.747,1.8487,1.8748,0.297,0.375,0.03,2.477,0.07432,53.81
16760.0,1.5275,1.8507,1.8456,0.293,0.531,0.03,1.493,0.04478,53.85
16770.0,1.8087,1.8063,1.8844,0.289,0.281,0.03,1.773,0.05318,53.88
16780.0,1.7391,1.7975,1.8585,0.305,0.438,0.03,1.958,0.05873,53.91
16790.0,1.8106,1.8145,1.8419,0.301,0.375,0.03,2.502,0.07506,53.94
16800.0,1.9339,1.8433,1.8534,0.305,0.25,0.03,1.92,0.0576,53.97
16810.0,1.6153,1.8707,1.9212,0.297,0.5,0.03,1.584,0.04752,54.0
16820.0,1.7175,1.8791,1.8557,0.312,0.375,0.03,2.066,0.06198,54.03
16830.0,1.8511,1.8424,1.8462,0.305,0.312,0.03,2.097,0.06291,54.06
16840.0,1.4775,1.7953,1.8311,0.312,0.312,0.03,1.904,0.05711,54.09
16850.0,1.9221,1.8491,1.857,0.297,0.25,0.03,2.613,0.07838,54.12
16860.0,2.0442,1.8947,1.868,0.305,0.219,0.03,1.74,0.05221,54.15
16870.0,1.822,1.8424,1.9253,0.293,0.188,0.03,1.256,0.03767,54.18
16880.0,1.6831,1.8389,1.9098,0.258,0.312,0.03,1.622,0.04867,54.21
16890.0,1.5954,1.8507,1.8766,0.262,0.438,0.03,2.213,0.0664,54.24
16900.0,1.6555,1.8575,1.8472,0.316,0.406,0.03,1.472,0.04417,54.27
16910.0,2.0476,1.9194,1.8234,0.301,0.281,0.03,2.105,0.06316,54.3
16920.0,1.8753,1.9657,1.8351,0.312,0.281,0.03,1.294,0.03881,54.33
16930.0,1.8876,1.9117,1.8437,0.301,0.281,0.03,1.61,0.04829,54.36
16940.0,1.8177,1.8125,1.8476,0.297,0.406,0.03,1.441,0.04323,54.39
16950.0,1.9278,1.8518,1.8319,0.32,0.312,0.03,3.313,0.0994,54.42
16960.0,1.8527,1.889,1.8782,0.258,0.25,0.03,3.255,0.09766,54.45
16970.0,1.7531,1.8195,1.9151,0.297,0.438,0.03,3.813,0.1144,54.48
16980.0,1.604,1.7918,1.8574,0.293,0.5,0.03,2.131,0.06394,54.51
16990.0,1.8071,1.8089,1.8852,0.281,0.25,0.03,1.75,0.0525,54.54
17000.0,1.8907,1.8365,1.866,0.277,0.281,0.03,1.616,0.04847,54.57
17010.0,1.9427,1.8438,1.8991,0.254,0.281,0.03,1.682,0.05046,54.6
17020.0,1.8593,1.8298,1.8366,0.312,0.344,0.03,2.885,0.08655,54.63
17030.0,1.8126,1.8322,1.8796,0.285,0.406,0.03,2.534,0.07601,54.66
17040.0,1.6415,1.8581,1.8688,0.277,0.344,0.03,2.546,0.07638,54.69
17050.0,2.0165,1.8576,1.8911,0.27,0.219,0.03,2.278,0.06833,54.72
17060.0,1.9451,1.7912,1.8701,0.262,0.281,0.03,2.393,0.0718,54.75
17070.0,1.8212,1.8314,1.8442,0.309,0.281,0.03,1.456,0.04368,54.78
17080.0,1.6938,1.8657,1.8751,0.289,0.438,0.03,1.939,0.05817,54.81
17090.0,1.9386,1.8256,1.8661,0.27,0.219,0.03,2.626,0.07878,54.84
17100.0,1.8324,1.8587,1.8656,0.289,0.344,0.03,1.558,0.04675,54.87
17110.0,1.7621,1.8616,1.8476,0.301,0.344,0.03,2.506,0.07518,54.9
17120.0,1.7428,1.804,1.8699,0.301,0.281,0.03,1.989,0.05968,54.93
17130.0,1.9924,1.8228,1.8405,0.305,0.312,0.03,1.531,0.04593,54.96
17140.0,1.7216,1.8331,1.8639,0.328,0.438,0.03,2.441,0.07323,54.99
17150.0,1.929,1.8058,1.8898,0.301,0.312,0.03,3.088,0.09263,55.02
17160.0,2.0646,1.8411,1.8819,0.285,0.25,0.03,1.99,0.0597,55.05
17170.0,1.7802,1.854,1.8484,0.309,0.281,0.03,1.705,0.05116,55.08
17180.0,1.9812,1.8238,1.9109,0.289,0.281,0.03,2.104,0.06312,55.11
17190.0,1.7602,1.8181,1.9437,0.289,0.281,0.03,1.978,0.05935,55.15
17200.0,1.7172,1.8656,1.85,0.328,0.375,0.03,1.634,0.04902,55.18
17210.0,2.2938,1.9125,1.9745,0.234,0.125,0.03,4.033,0.121,55.21
17220.0,1.9394,1.8682,1.8306,0.32,0.188,0.03,1.909,0.05727,55.24
17230.0,1.7367,1.8051,1.8221,0.301,0.406,0.03,3.247,0.09742,55.27
17240.0,1.8475,1.8629,1.8963,0.27,0.344,0.03,2.033,0.06098,55.3
17250.0,1.8604,1.8817,1.8527,0.305,0.281,0.03,1.677,0.05032,55.33
17260.0,1.802,1.8521,1.8303,0.301,0.281,0.03,1.178,0.03533,55.36
17270.0,2.041,1.8749,1.8464,0.312,0.156,0.03,2.149,0.06446,55.39
17280.0,1.9595,1.8524,1.8671,0.305,0.125,0.03,2.11,0.06331,55.42
17290.0,1.508,1.8203,1.8321,0.289,0.406,0.03,1.637,0.0491,55.45
17300.0,1.606,1.8372,1.8518,0.281,0.281,0.03,1.674,0.05021,55.48
17310.0,1.8672,1.8251,1.8885,0.262,0.375,0.03,2.131,0.06392,55.51
17320.0,2.0962,1.7997,1.8894,0.289,0.188,0.03,2.891,0.08673,55.54
17330.0,2.0971,1.839,1.8744,0.281,0.219,0.03,2.415,0.07244,55.57
17340.0,2.133,1.8847,1.893,0.297,0.188,0.03,1.556,0.04668,55.6
17350.0,1.6774,1.8323,1.8761,0.277,0.406,0.03,1.869,0.05608,55.63
17360.0,1.8752,1.8058,1.9521,0.238,0.375,0.03,1.682,0.05046,55.66
17370.0,1.9413,1.8302,1.8737,0.316,0.281,0.03,1.976,0.05929,55.69
17380.0,2.0057,1.8316,1.8428,0.316,0.25,0.03,2.053,0.06158,55.72
17390.0,1.7677,1.7935,1.8393,0.312,0.406,0.03,3.319,0.09958,55.75
17400.0,1.7948,1.7875,1.8344,0.312,0.5,0.03,2.105,0.06314,55.78
17410.0,1.743,1.7887,1.8303,0.316,0.281,0.03,1.31,0.03929,55.81
17420.0,1.7724,1.8059,1.865,0.293,0.312,0.03,2.036,0.06108,55.84
17430.0,1.6829,1.7982,1.8176,0.328,0.438,0.03,1.619,0.04856,55.87
17440.0,2.0244,1.7869,1.9186,0.27,0.25,0.03,2.549,0.07647,55.9
17450.0,1.7015,1.8281,1.8787,0.297,0.406,0.03,2.094,0.06281,55.93
17460.0,1.9684,1.8093,1.8524,0.297,0.281,0.03,3.504,0.1051,55.96
17470.0,2.0891,1.88,1.8795,0.277,0.25,0.03,2.717,0.08152,55.99
17480.0,1.6364,1.9157,1.8433,0.301,0.438,0.03,2.258,0.06774,56.02
17490.0,1.9446,1.8574,1.8424,0.293,0.375,0.03,2.182,0.06546,56.05
17500.0,1.6496,1.8373,1.8384,0.305,0.406,0.03,2.362,0.07085,56.08
17510.0,1.9771,1.8334,1.8245,0.297,0.312,0.03,2.439,0.07317,56.11
17520.0,1.8642,1.8957,1.9119,0.242,0.312,0.03,3.207,0.09622,56.14
17530.0,1.8828,1.9029,1.8896,0.266,0.281,0.03,1.463,0.04389,56.17
17540.0,1.8725,1.859,1.8433,0.316,0.344,0.03,2.608,0.07824,56.2
17550.0,1.7865,1.8515,1.83,0.316,0.375,0.03,1.799,0.05397,56.23
17560.0,1.7822,1.8312,1.8588,0.289,0.344,0.03,2.193,0.0658,56.26
17570.0,1.9237,1.8398,1.8369,0.332,0.312,0.03,2.437,0.07311,56.29
17580.0,1.864,1.8536,1.881,0.277,0.344,0.03,2.401,0.07202,56.32
17590.0,1.6901,1.8387,1.876,0.285,0.406,0.03,1.374,0.04121,56.35
17600.0,1.847,1.8375,1.9374,0.27,0.312,0.03,1.903,0.05708,56.38
17610.0,1.959,1.8118,1.865,0.281,0.312,0.03,1.431,0.04294,56.41
17620.0,2.1398,1.802,1.8481,0.277,0.281,0.03,5.189,0.1557,56.44
17630.0,1.5644,1.8268,1.8456,0.297,0.406,0.03,1.695,0.05085,56.47
17640.0,1.8955,1.86,1.8916,0.277,0.281,0.03,2.917,0.08751,56.5
17650.0,1.8648,1.8933,1.9274,0.289,0.219,0.03,1.711,0.05134,56.53
17660.0,1.7097,1.8517,1.836,0.312,0.375,0.03,2.472,0.07417,56.56
17670.0,1.4892,1.8724,1.8551,0.289,0.344,0.03,1.596,0.04788,56.59
17680.0,1.6366,1.8924,1.9142,0.277,0.406,0.03,2.248,0.06743,56.62
17690.0,1.697,1.848,1.8578,0.316,0.375,0.03,1.358,0.04073,56.65
17700.0,1.6964,1.8374,1.8286,0.32,0.438,0.03,3.364,0.1009,56.68
17710.0,1.9863,1.8639,1.8174,0.328,0.281,0.03,1.422,0.04266,56.71
17720.0,1.7554,1.8858,1.8489,0.293,0.312,0.03,3.431,0.1029,56.74
17730.0,2.0651,1.9215,1.8992,0.289,0.219,0.03,1.917,0.05752,56.77
17740.0,1.708,1.8856,1.8634,0.324,0.312,0.03,1.911,0.05734,56.8
17750.0,1.6843,1.8317,1.8752,0.293,0.406,0.03,2.29,0.06871,56.83
17760.0,1.8807,1.8364,1.8967,0.309,0.281,0.03,1.931,0.05792,56.87
17770.0,2.3451,1.9125,1.8837,0.289,0.156,0.03,2.865,0.08596,56.9
17780.0,1.805,1.9415,1.8568,0.32,0.281,0.03,1.709,0.05127,56.93
17790.0,2.0861,1.875,1.8321,0.332,0.312,0.03,3.101,0.09302,56.96
17800.0,1.8812,1.8744,1.851,0.305,0.344,0.03,1.164,0.03493,56.99
17810.0,2.035,1.8446,1.8344,0.312,0.344,0.03,2.964,0.08891,57.02
17820.0,1.5491,1.796,1.8267,0.289,0.531,0.03,1.867,0.056,57.05
17830.0,1.6135,1.8021,1.8661,0.324,0.406,0.03,1.502,0.04505,57.08
17840.0,1.6724,1.8367,1.8969,0.309,0.344,0.03,1.631,0.04892,57.11
17850.0,1.894,1.8501,1.8727,0.293,0.312,0.03,1.51,0.0453,57.14
17860.0,1.5359,1.8608,1.841,0.32,0.406,0.03,1.893,0.05678,57.17
17870.0,1.6495,1.8499,1.8404,0.297,0.375,0.03,2.203,0.0661,57.2
17880.0,1.8866,1.9002,1.8797,0.27,0.344,0.03,1.633,0.04899,57.23
17890.0,1.6525,1.8864,1.8323,0.312,0.281,0.03,1.733,0.052,57.26
17900.0,2.1025,1.809,1.9166,0.289,0.188,0.03,2.093,0.06279,57.29
17910.0,1.8881,1.817,1.8331,0.301,0.312,0.03,2.631,0.07892,57.32
17920.0,1.9015,1.8324,1.8252,0.324,0.375,0.03,1.591,0.04774,57.35
17930.0,1.9445,1.8609,1.9,0.289,0.281,0.03,3.192,0.09575,57.38
17940.0,1.747,1.8767,1.8734,0.32,0.406,0.03,1.311,0.03933,57.41
17950.0,1.8048,1.8232,1.8743,0.328,0.406,0.03,2.71,0.08131,57.44
17960.0,1.854,1.7968,1.9038,0.289,0.312,0.03,3.237,0.09712,57.47
17970.0,2.1064,1.8663,1.8105,0.312,0.281,0.03,2.026,0.06078,57.5
17980.0,1.8549,1.8764,1.8281,0.336,0.312,0.03,1.544,0.04632,57.53
17990.0,1.7659,1.8482,1.8539,0.289,0.281,0.03,2.318,0.06955,57.56
18000.0,1.9957,1.8511,1.8902,0.281,0.25,0.03,1.986,0.05958,57.59
18010.0,1.8969,1.8399,1.9089,0.293,0.375,0.03,2.808,0.08424,57.62
18020.0,1.8248,1.8526,1.8399,0.305,0.281,0.03,1.436,0.04307,57.65
18030.0,1.8828,1.8306,1.8197,0.332,0.312,0.03,2.144,0.06433,57.68
18040.0,1.8826,1.8059,1.8476,0.324,0.344,0.03,3.472,0.1042,57.71
18050.0,1.8716,1.8115,1.8814,0.316,0.25,0.03,2.195,0.06585,57.74
18060.0,1.9354,1.817,1.8412,0.32,0.219,0.03,1.82,0.05461,57.77
18070.0,1.8307,1.8401,1.8212,0.332,0.375,0.03,1.615,0.04844,57.8
18080.0,1.8524,1.8506,1.8786,0.289,0.219,0.03,1.943,0.05828,57.83
18090.0,1.7972,1.8568,1.8578,0.332,0.406,0.03,2.23,0.0669,57.86
18100.0,1.6545,1.825,1.8701,0.305,0.344,0.03,1.817,0.05452,57.89
18110.0,1.9722,1.8226,1.8486,0.34,0.188,0.03,1.993,0.05978,57.92
18120.0,1.4382,1.8332,1.8681,0.301,0.5,0.03,1.597,0.04791,57.95
18130.0,1.7672,1.8167,1.9318,0.273,0.312,0.03,2.617,0.07852,57.98
18140.0,1.5679,1.8123,1.849,0.301,0.406,0.03,1.571,0.04712,58.01
18150.0,1.6646,1.8267,1.8825,0.305,0.344,0.03,2.243,0.06729,58.04
18160.0,2.0465,1.877,1.8459,0.301,0.312,0.03,1.419,0.04257,58.07
18170.0,1.6326,1.889,1.8238,0.344,0.406,0.03,1.219,0.03658,58.1
18180.0,1.7982,1.8408,1.9051,0.281,0.281,0.03,2.023,0.0607,58.13
18190.0,1.7056,1.8342,1.8628,0.309,0.406,0.03,1.361,0.04084,58.17
18200.0,1.8165,1.848,1.8495,0.305,0.312,0.03,1.53,0.04591,58.2
18210.0,1.7616,1.8589,1.8577,0.301,0.406,0.03,1.719,0.05157,58.22
18220.0,1.8659,1.884,1.9139,0.277,0.375,0.03,2.751,0.08252,58.25
18230.0,1.9455,1.9172,1.8741,0.316,0.25,0.03,1.582,0.04746,58.28
18240.0,1.8425,1.8788,1.8756,0.316,0.25,0.03,1.864,0.05591,58.31
18250.0,1.955,1.8061,1.8218,0.309,0.469,0.03,1.504,0.04511,58.35
18260.0,1.7937,1.8105,1.8815,0.273,0.281,0.03,3.32,0.0996,58.38
18270.0,1.8889,1.8076,1.861,0.293,0.25,0.03,2.234,0.06703,58.41
18280.0,1.6757,1.8165,1.831,0.328,0.312,0.03,2.295,0.06884,58.44
18290.0,1.7015,1.8801,1.825,0.301,0.281,0.03,1.948,0.05845,58.47
18300.0,1.7735,1.883,1.8533,0.301,0.406,0.03,2.897,0.08691,58.5
18310.0,1.7029,1.8567,1.8202,0.312,0.531,0.03,1.924,0.05773,58.53
18320.0,1.8137,1.7881,1.8426,0.289,0.312,0.03,1.496,0.04487,58.56
18330.0,1.8771,1.7976,1.8855,0.266,0.219,0.03,2.871,0.08613,58.59
18340.0,1.6895,1.8472,1.8577,0.316,0.406,0.03,1.855,0.05566,58.62
18350.0,2.0635,1.8345,1.864,0.305,0.281,0.03,2.841,0.08522,58.65
18360.0,2.1133,1.835,1.8446,0.301,0.219,0.03,2.849,0.08548,58.68
18370.0,2.1621,1.8971,1.8318,0.305,0.25,0.03,2.546,0.07638,58.71
18380.0,1.9028,1.8869,1.8458,0.305,0.281,0.03,3.352,0.1006,58.74
18390.0,1.8137,1.8088,1.8492,0.285,0.312,0.03,2.246,0.06737,58.77
18400.0,1.9086,1.836,1.8288,0.297,0.281,0.03,1.554,0.04663,58.8
18410.0,1.8539,1.8785,2.0322,0.281,0.25,0.03,3.071,0.09212,58.83
18420.0,1.9644,1.8943,1.8313,0.305,0.281,0.03,1.88,0.05639,58.86
18430.0,1.4865,1.8503,1.839,0.32,0.531,0.03,1.451,0.04352,58.89
18440.0,1.9751,1.7785,1.8915,0.301,0.219,0.03,1.402,0.04206,58.92
18450.0,1.782,1.7989,1.8432,0.293,0.406,0.03,2.46,0.07379,58.95
18460.0,1.7637,1.8648,1.8394,0.309,0.375,0.03,1.596,0.04787,58.98
18470.0,1.8198,1.9001,1.8676,0.258,0.281,0.03,2.354,0.07061,59.01
18480.0,1.8504,1.8801,1.9106,0.273,0.344,0.03,2.391,0.07172,59.04
18490.0,1.9733,1.8025,1.9612,0.254,0.312,0.03,1.963,0.05888,59.07
18500.0,1.9686,1.8257,1.8555,0.305,0.375,0.03,2.802,0.08406,59.11
18510.0,1.9379,1.8803,1.8309,0.336,0.312,0.03,1.312,0.03935,59.16
18520.0,2.0323,1.8495,1.8334,0.312,0.25,0.03,2.252,0.06755,59.22
18530.0,1.9936,1.8918,1.8472,0.309,0.312,0.03,1.673,0.05018,59.25
18540.0,1.8043,1.9405,1.8845,0.293,0.312,0.03,1.393,0.04179,59.29
18550.0,1.7416,1.8813,1.8787,0.285,0.438,0.03,1.413,0.0424,59.33
18560.0,1.8494,1.8817,1.8687,0.297,0.344,0.03,2.07,0.06209,59.36
18570.0,1.7082,1.8324,1.8571,0.312,0.344,0.03,1.302,0.03907,59.39
18580.0,1.8117,1.7686,1.8325,0.32,0.344,0.03,2.021,0.06062,59.42
18590.0,1.7632,1.814,1.8188,0.32,0.312,0.03,1.819,0.05457,59.45
18600.0,1.8379,1.8688,1.9011,0.301,0.25,0.03,1.911,0.05733,59.48
18610.0,1.6901,1.8693,1.8439,0.312,0.312,0.03,2.735,0.08206,59.51
18620.0,2.1725,1.824,1.8297,0.312,0.125,0.03,2.671,0.08013,59.54
18630.0,1.6488,1.7959,1.8885,0.277,0.344,0.03,2.015,0.06044,59.57
18640.0,1.8362,1.7929,1.8761,0.285,0.281,0.03,1.629,0.04888,59.6
18650.0,2.0026,1.8095,1.873,0.312,0.156,0.03,1.332,0.03997,59.63
18660.0,1.6386,1.8614,1.8316,0.305,0.312,0.03,1.662,0.04985,59.66
18670.0,1.8232,1.8537,1.8359,0.297,0.25,0.03,1.56,0.04681,59.69
18680.0,1.744,1.7945,1.8756,0.262,0.281,0.03,2.218,0.06653,59.72
18690.0,1.9254,1.7706,1.8487,0.273,0.219,0.03,2.035,0.06106,59.75
18700.0,1.9096,1.8271,1.869,0.297,0.219,0.03,2.268,0.06803,59.78
18710.0,1.8689,1.8397,1.8692,0.289,0.344,0.03,2.81,0.08431,59.81
18720.0,1.8546,1.7804,1.8499,0.293,0.344,0.03,1.708,0.05123,59.84
18730.0,1.7687,1.794,1.8389,0.297,0.25,0.03,2.669,0.08008,59.87
18740.0,1.6808,1.8121,1.8271,0.293,0.375,0.03,2.037,0.06111,59.9
18750.0,1.9883,1.8459,1.8409,0.312,0.25,0.03,1.828,0.05484,59.93
18760.0,1.9834,1.8976,1.8366,0.309,0.25,0.03,2.283,0.06849,59.96
18770.0,1.7953,1.8277,1.8507,0.309,0.312,0.03,2.022,0.06065,59.99
18780.0,1.8151,1.7927,1.8553,0.301,0.344,0.03,2.585,0.07756,60.02
18790.0,2.0356,1.8779,1.824,0.312,0.344,0.03,2.011,0.06034,60.05
18800.0,1.6977,1.8718,1.8347,0.312,0.5,0.03,1.905,0.05714,60.08
18810.0,1.7534,1.828,1.9037,0.266,0.406,0.03,2.205,0.06614,60.11
18820.0,1.6885,1.8577,1.8671,0.285,0.344,0.03,1.457,0.0437,60.14
18830.0,1.8392,1.8633,1.8649,0.293,0.281,0.03,1.883,0.05648,60.17
18840.0,1.9767,1.8209,1.8548,0.305,0.406,0.03,2.115,0.06346,60.2
18850.0,2.1101,1.812,1.8213,0.32,0.156,0.03,3.77,0.1131,60.23
18860.0,1.8924,1.8464,1.8574,0.293,0.406,0.03,1.279,0.03836,60.26
18870.0,1.8534,1.8516,1.8571,0.301,0.281,0.03,3.268,0.09805,60.29
18880.0,1.8295,1.8353,1.8321,0.305,0.312,0.03,1.853,0.05558,60.32
18890.0,1.902,1.8517,1.8267,0.301,0.312,0.03,2.348,0.07043,60.36
18900.0,1.8027,1.864,1.8346,0.324,0.344,0.03,2.341,0.07024,60.39
18910.0,1.8332,1.8328,1.8515,0.312,0.375,0.03,2.598,0.07795,60.42
18920.0,1.8977,1.8361,1.8337,0.305,0.281,0.03,1.346,0.04037,60.45
18930.0,1.681,1.8217,1.8414,0.324,0.312,0.03,1.382,0.04147,60.48
18940.0,1.641,1.7792,1.842,0.316,0.406,0.03,1.258,0.03774,60.51
18950.0,1.8244,1.8183,1.8509,0.316,0.312,0.03,2.096,0.06287,60.54
18960.0,1.6719,1.8349,1.89,0.285,0.312,0.03,2.1,0.06299,60.57
18970.0,1.7159,1.7905,1.8644,0.281,0.25,0.03,2.013,0.06039,60.6
18980.0,1.9303,1.8067,1.8687,0.309,0.375,0.03,2.32,0.06961,60.63
18990.0,1.9509,1.8374,1.9113,0.254,0.25,0.03,2.782,0.08345,60.66
19000.0,1.7604,1.8263,1.8361,0.316,0.406,0.03,2.013,0.06038,60.69
19010.0,1.8247,1.8274,1.8784,0.289,0.406,0.03,1.856,0.05569,60.72
19020.0,1.7814,1.8312,1.8823,0.305,0.375,0.03,1.659,0.04977,60.75
19030.0,1.8646,1.8435,1.8389,0.289,0.188,0.03,1.972,0.05915,60.78
19040.0,1.7479,1.8219,1.8423,0.297,0.344,0.03,2.454,0.07362,60.81
19050.0,1.7998,1.788,1.8642,0.305,0.375,0.03,2.164,0.06491,60.84
19060.0,1.849,1.8523,1.8294,0.316,0.344,0.03,2.705,0.08115,60.88
19070.0,1.8553,1.8981,1.8616,0.285,0.219,0.03,3.168,0.09504,60.9
19080.0,1.482,1.8345,1.8341,0.301,0.562,0.03,1.628,0.04884,60.94
19090.0,1.9081,1.8551,1.8312,0.297,0.312,0.03,1.482,0.04445,60.97
19100.0,1.7605,1.8625,1.8886,0.297,0.25,0.03,1.712,0.05136,61.0
19110.0,1.8319,1.8289,1.8127,0.297,0.375,0.03,1.865,0.05595,61.03
19120.0,1.6491,1.8526,1.8136,0.309,0.438,0.03,1.919,0.05756,61.06
19130.0,1.5782,1.833,1.8164,0.305,0.5,0.03,1.481,0.04442,61.09
19140.0,1.6061,1.8321,1.8027,0.309,0.438,0.03,1.394,0.04181,61.12
19150.0,1.8244,1.839,1.8004,0.293,0.25,0.03,2.576,0.07728,61.15
19160.0,1.8138,1.8391,1.81,0.328,0.219,0.03,1.486,0.04458,61.18
19170.0,1.893,1.8358,1.8271,0.281,0.344,0.03,2.45,0.07349,61.21
19180.0,1.6222,1.8151,1.8505,0.305,0.281,0.03,1.853,0.0556,61.24
19190.0,1.6472,1.8036,1.8447,0.289,0.344,0.03,2.649,0.07947,61.27
19200.0,1.6522,1.8078,1.8367,0.309,0.312,0.03,2.949,0.08847,61.3
19210.0,1.9421,1.8071,1.8263,0.32,0.25,0.03,3.997,0.1199,61.33
19220.0,1.8131,1.7935,1.841,0.305,0.469,0.03,1.894,0.05681,61.36
19230.0,1.894,1.7828,1.8239,0.328,0.312,0.03,2.248,0.06744,61.39
19240.0,1.6666,1.7844,1.8466,0.297,0.312,0.03,1.389,0.04168,61.42
19250.0,1.8305,1.7854,1.8537,0.297,0.25,0.03,1.609,0.04828,61.45
19260.0,1.7486,1.8036,1.8245,0.332,0.406,0.03,2.505,0.07515,61.48
19270.0,1.8628,1.847,1.9128,0.312,0.562,0.03,1.628,0.04885,61.51
19280.0,1.9144,1.8717,1.8223,0.324,0.375,0.03,1.566,0.04698,61.54
19290.0,1.7136,1.8513,1.8543,0.281,0.375,0.03,2.048,0.06143,61.57
19300.0,1.9286,1.8153,1.8212,0.309,0.25,0.03,3.04,0.09119,61.6
19310.0,1.8413,1.8668,1.8618,0.273,0.344,0.03,2.399,0.07196,61.63
19320.0,1.7766,1.8838,1.8219,0.312,0.219,0.03,1.105,0.03314,61.66
19330.0,2.0013,1.8569,1.9072,0.266,0.25,0.03,2.003,0.06009,61.69
19340.0,2.1153,1.8448,1.8261,0.312,0.219,0.03,1.326,0.03977,61.72
19350.0,1.596,1.7983,1.8309,0.309,0.375,0.03,1.335,0.04005,61.75
19360.0,1.9661,1.8191,1.8799,0.285,0.156,0.03,1.841,0.05523,61.78
19370.0,1.9256,1.8692,1.867,0.301,0.312,0.03,1.742,0.05227,61.81
19380.0,1.8029,1.8733,1.839,0.324,0.312,0.03,2.119,0.06356,61.84
19390.0,2.0651,1.8768,1.8199,0.301,0.188,0.03,4.513,0.1354,61.87
19400.0,2.0687,1.9039,1.8643,0.301,0.219,0.03,2.736,0.08208,61.9
19410.0,1.6552,1.8603,1.8523,0.293,0.219,0.03,1.805,0.05416,61.93
19420.0,1.85,1.7968,1.8472,0.297,0.219,0.03,1.611,0.04834,61.96
19430.0,1.706,1.7918,1.9088,0.254,0.438,0.03,2.039,0.06117,61.99
19440.0,1.7564,1.8268,1.8427,0.309,0.312,0.03,2.375,0.07125,62.02
19450.0,1.6988,1.8907,1.8723,0.285,0.312,0.03,1.577,0.0473,62.05
19460.0,2.1319,1.9038,1.9275,0.281,0.094,0.03,2.257,0.0677,62.08
19470.0,1.8957,1.8703,1.8586,0.301,0.312,0.03,1.853,0.05559,62.11
19480.0,1.9764,1.8528,1.9349,0.285,0.281,0.03,3.558,0.1067,62.14
19490.0,1.8203,1.8731,1.8691,0.305,0.25,0.03,2.256,0.06768,62.17
19500.0,1.6537,1.8401,1.8332,0.301,0.344,0.03,1.97,0.0591,62.2
19510.0,1.8381,1.8165,1.8526,0.324,0.438,0.03,2.7,0.081,62.23
19520.0,1.7714,1.8705,1.8429,0.297,0.312,0.03,2.867,0.08601,62.26
19530.0,1.6134,1.8732,1.8292,0.312,0.406,0.03,2.249,0.06747,62.29
19540.0,1.9782,1.8867,1.8123,0.316,0.344,0.03,1.83,0.05489,62.32
19550.0,2.1373,1.8894,1.8185,0.324,0.25,0.03,3.552,0.1066,62.35
19560.0,1.9799,1.8082,1.8244,0.336,0.344,0.03,1.691,0.05073,62.38
19570.0,1.9235,1.8073,1.8518,0.277,0.344,0.03,2.377,0.07131,62.41
19580.0,1.5991,1.8,1.8855,0.285,0.375,0.03,1.482,0.04447,62.44
19590.0,2.021,1.8136,1.8229,0.281,0.344,0.03,2.072,0.06217,62.47
19600.0,1.6577,1.887,1.8196,0.312,0.344,0.03,1.816,0.05448,62.5
19610.0,1.8132,1.8493,1.8234,0.312,0.25,0.03,1.503,0.04509,62.53
19620.0,2.0916,1.8394,1.8265,0.312,0.312,0.03,1.897,0.0569,62.56
19630.0,1.9148,1.8728,1.8086,0.301,0.281,0.03,1.819,0.05458,62.59
19640.0,1.7658,1.8211,1.8087,0.312,0.312,0.03,2.42,0.07261,62.62
19650.0,1.8167,1.8023,1.8265,0.312,0.344,0.03,1.559,0.04678,62.65
19660.0,1.8057,1.8443,1.8404,0.309,0.281,0.03,1.567,0.04701,62.68
19670.0,1.9854,1.8702,1.8375,0.312,0.188,0.03,1.391,0.04172,62.71
19680.0,1.8171,1.8825,1.8598,0.305,0.375,0.03,3.576,0.1073,62.74
19690.0,1.8263,1.879,1.8169,0.328,0.438,0.03,2.008,0.06024,62.77
19700.0,1.72,1.8598,1.8057,0.312,0.344,0.03,2.675,0.08024,62.8
19710.0,1.9724,1.8264,1.8597,0.309,0.281,0.03,1.62,0.04859,62.83
19720.0,1.7197,1.8149,1.8686,0.301,0.375,0.03,2.509,0.07526,62.86
19730.0,1.7444,1.8465,1.8133,0.297,0.375,0.03,2.038,0.06115,62.89
19740.0,1.7224,1.8441,1.8207,0.305,0.375,0.03,1.654,0.04961,62.92
19750.0,1.9053,1.8723,1.835,0.289,0.25,0.03,3.005,0.09015,62.95
19760.0,1.9864,1.8785,1.8664,0.301,0.25,0.03,2.094,0.06281,62.98
19770.0,1.7646,1.823,1.8521,0.297,0.25,0.03,2.939,0.08816,63.01
19780.0,1.9126,1.8013,1.8087,0.297,0.312,0.03,2.811,0.08434,63.04
19790.0,1.8006,1.812,1.8761,0.277,0.281,0.03,1.983,0.05949,63.07
19800.0,1.7887,1.8301,1.9045,0.27,0.312,0.03,1.025,0.03074,63.1
19810.0,1.9573,1.8079,1.8139,0.32,0.344,0.03,2.011,0.06032,63.13
19820.0,1.6766,1.8653,1.891,0.27,0.344,0.03,2.507,0.07522,63.16
19830.0,1.7437,1.8892,1.8184,0.328,0.219,0.03,1.932,0.05796,63.2
19840.0,2.0836,1.842,1.8308,0.309,0.156,0.03,2.758,0.08274,63.25
19850.0,1.9924,1.8677,1.839,0.305,0.219,0.03,1.542,0.04626,63.28
19860.0,1.7878,1.8513,1.8441,0.332,0.312,0.03,2.946,0.08839,63.31
19870.0,1.9727,1.8255,1.8856,0.324,0.281,0.03,2.211,0.06632,63.34
19880.0,2.0322,1.8135,1.8424,0.309,0.281,0.03,2.831,0.08493,63.37
19890.0,1.8517,1.8095,1.8455,0.305,0.375,0.03,2.681,0.08044,63.4
19900.0,1.9542,1.8206,1.854,0.305,0.312,0.03,1.562,0.04686,63.43
19910.0,1.7825,1.8598,1.8307,0.316,0.344,0.03,2.144,0.06433,63.46
19920.0,1.9218,1.9036,1.8317,0.301,0.344,0.03,1.725,0.05176,63.49
19930.0,1.8605,1.8916,1.815,0.332,0.25,0.03,2.499,0.07497,63.52
19940.0,1.9378,1.8789,1.8011,0.32,0.281,0.03,3.736,0.1121,63.55
19950.0,1.7744,1.8587,1.8209,0.301,0.281,0.03,1.727,0.0518,63.58
19960.0,1.7622,1.8236,1.8955,0.289,0.469,0.03,2.045,0.06135,63.61
19970.0,1.79,1.8292,1.8647,0.336,0.281,0.03,2.877,0.0863,63.64
19980.0,1.7621,1.8342,1.8846,0.301,0.375,0.03,1.965,0.05894,63.67
19990.0,2.0901,1.8303,1.8649,0.297,0.312,0.03,1.924,0.05773,63.7
20000.0,2.1546,1.8423,1.9272,0.281,0.25,0.03,2.865,0.08596,63.73
20010.0,1.9473,1.831,1.8114,0.312,0.312,0.03,2.098,0.06294,63.76
20020.0,2.0713,1.7796,1.7987,0.328,0.188,0.03,2.111,0.06332,63.79
20030.0,1.6186,1.7785,1.8468,0.285,0.312,0.03,2.105,0.06314,63.82
20040.0,1.9678,1.8184,1.8042,0.309,0.25,0.03,2.068,0.06203,63.85
20050.0,1.6951,1.8122,1.9174,0.305,0.344,0.03,1.971,0.05914,63.88
20060.0,1.8944,1.7929,1.8408,0.293,0.312,0.03,3.473,0.1042,63.91
20070.0,1.836,1.79,1.8809,0.32,0.312,0.03,2.8,0.084,63.94
20080.0,1.81,1.8498,1.8093,0.301,0.312,0.03,2.212,0.06637,63.97
20090.0,1.8164,1.8597,1.8114,0.305,0.344,0.03,2.288,0.06864,64.0
20100.0,1.5353,1.8191,1.8356,0.32,0.531,0.03,1.156,0.03467,64.03
20110.0,1.9049,1.7993,1.9054,0.289,0.344,0.03,2.493,0.07479,64.06
20120.0,1.8395,1.8138,1.8371,0.316,0.312,0.03,2.212,0.06636,64.09
20130.0,1.709,1.8476,1.8038,0.309,0.375,0.03,1.587,0.04762,64.12
20140.0,2.1228,1.9076,1.9232,0.254,0.25,0.03,4.063,0.1219,64.15
20150.0,1.6614,1.855,1.8248,0.309,0.5,0.03,2.357,0.07071,64.18
20160.0,1.8923,1.8654,1.798,0.348,0.25,0.03,2.922,0.08766,64.21
20170.0,1.635,1.9163,1.8457,0.289,0.406,0.03,2.669,0.08007,64.24
20180.0,1.9835,1.8564,1.8091,0.324,0.219,0.03,2.484,0.07453,64.27
20190.0,1.7442,1.8616,1.8476,0.289,0.438,0.03,2.457,0.07371,64.3
20200.0,1.8182,1.8781,1.8913,0.281,0.219,0.03,3.048,0.09144,64.33
20210.0,1.7412,1.8387,1.8425,0.301,0.312,0.03,2.718,0.08155,64.36
20220.0,1.8104,1.7927,1.8286,0.32,0.344,0.03,2.051,0.06153,64.39
20230.0,1.7816,1.8212,1.828,0.293,0.312,0.03,2.33,0.06989,64.42
20240.0,1.7794,1.789,1.8185,0.32,0.438,0.03,2.687,0.08061,64.45
20250.0,1.9215,1.8237,1.8878,0.277,0.281,0.03,2.096,0.06287,64.48
20260.0,1.4738,1.8524,1.8823,0.301,0.438,0.03,2.258,0.06775,64.51
20270.0,1.9293,1.7627,1.836,0.316,0.312,0.03,2.36,0.07079,64.54
20280.0,1.7392,1.771,1.8448,0.316,0.375,0.03,2.273,0.0682,64.57
20290.0,1.8914,1.8447,1.7974,0.32,0.281,0.03,1.187,0.03561,64.6
20300.0,1.8167,1.8487,1.8536,0.293,0.281,0.03,1.861,0.05584,64.63
20310.0,1.8452,1.8613,1.8128,0.332,0.281,0.03,2.029,0.06086,64.66
20320.0,2.0934,1.865,1.8305,0.312,0.281,0.03,2.38,0.07139,64.69
20330.0,1.9363,1.8967,1.8425,0.297,0.281,0.03,2.256,0.06768,64.72
20340.0,1.6139,1.8677,1.8573,0.312,0.375,0.03,1.641,0.04922,64.75
20350.0,1.8629,1.8058,1.8295,0.324,0.281,0.03,2.595,0.07785,64.78
20360.0,1.802,1.8445,1.8244,0.293,0.375,0.03,1.285,0.03856,64.81
20370.0,1.7567,1.8345,1.8501,0.305,0.406,0.03,2.776,0.08327,64.84
20380.0,1.9796,1.8424,1.8926,0.285,0.25,0.03,2.082,0.06245,64.87
20390.0,1.6485,1.8207,1.835,0.312,0.438,0.03,2.227,0.06681,64.9
20400.0,1.6989,1.7744,1.8415,0.312,0.406,0.03,3.037,0.0911,64.93
20410.0,1.8213,1.8013,1.8548,0.32,0.469,0.03,2.613,0.0784,64.96
20420.0,1.74,1.8507,1.8706,0.301,0.344,0.03,3.014,0.09043,65.0
20430.0,1.5867,1.7958,1.8074,0.32,0.375,0.03,1.658,0.04973,65.02
20440.0,1.8956,1.7793,1.9403,0.234,0.281,0.03,3.097,0.09292,65.06
20450.0,1.8906,1.878,1.8298,0.32,0.25,0.03,1.979,0.05938,65.09
20460.0,1.9124,1.8628,1.8569,0.309,0.25,0.03,1.699,0.05096,65.12
20470.0,1.8598,1.8617,1.819,0.316,0.312,0.03,2.955,0.08866,65.15
20480.0,1.7102,1.8836,1.869,0.316,0.281,0.03,1.435,0.04306,65.18
20490.0,1.9519,1.8099,1.7978,0.324,0.156,0.03,2.739,0.08217,65.21
20500.0,2.0181,1.7969,1.9137,0.293,0.281,0.03,2.332,0.06995,65.24
20510.0,1.7572,1.8044,1.8346,0.293,0.312,0.03,1.999,0.05998,65.27
20520.0,1.7135,1.7943,1.8205,0.297,0.312,0.03,1.661,0.04984,65.3
20530.0,1.8605,1.8333,1.8275,0.316,0.188,0.03,1.957,0.05871,65.33
20540.0,1.6638,1.8444,1.8263,0.305,0.406,0.03,2.42,0.0726,65.36
20550.0,1.8012,1.8455,1.8265,0.309,0.312,0.03,2.219,0.06656,65.39
20560.0,1.7083,1.8594,1.8136,0.301,0.344,0.03,2.634,0.07901,65.42
20570.0,1.9963,1.8701,1.8006,0.332,0.188,0.03,3.481,0.1044,65.45
20580.0,2.1218,1.8623,1.8204,0.336,0.156,0.03,2.586,0.07757,65.48
20590.0,1.8633,1.8505,1.8369,0.289,0.375,0.03,3.161,0.09483,65.51
20600.0,2.1364,1.8316,1.9278,0.281,0.188,0.03,3.298,0.09895,65.54
20610.0,1.9043,1.8266,1.8538,0.285,0.219,0.03,2.159,0.06476,65.57
20620.0,1.7377,1.8394,1.8303,0.312,0.312,0.03,1.348,0.04044,65.6
20630.0,1.6206,1.8126,1.8597,0.32,0.375,0.03,1.563,0.04688,65.63
20640.0,1.8391,1.8384,1.8144,0.305,0.281,0.03,1.721,0.05164,65.66
20650.0,1.9193,1.8149,1.7963,0.316,0.219,0.03,2.842,0.08527,65.69
20660.0,1.8625,1.8115,1.8318,0.305,0.375,0.03,2.95,0.08849,65.72
20670.0,1.6061,1.865,1.8166,0.316,0.438,0.03,1.502,0.04506,65.75
20680.0,1.8108,1.8424,1.8698,0.289,0.312,0.03,1.709,0.05126,65.78
20690.0,1.5224,1.8296,1.8024,0.32,0.438,0.03,1.587,0.04762,65.81
20700.0,2.0474,1.859,1.8527,0.312,0.219,0.03,1.61,0.0483,65.84
20710.0,1.7264,1.8867,1.8581,0.324,0.406,0.03,2.868,0.08603,65.87
20720.0,2.2469,1.8742,1.8981,0.281,0.188,0.03,3.214,0.09642,65.9
20730.0,2.1706,1.8207,1.9022,0.312,0.25,0.03,3.72,0.1116,65.93
20740.0,1.9869,1.8455,1.8617,0.293,0.219,0.03,1.599,0.04797,65.96
20750.0,1.7818,1.8219,1.8681,0.301,0.25,0.03,2.6,0.078,65.99
20760.0,2.0749,1.7987,1.8112,0.316,0.219,0.03,2.217,0.06652,66.02
20770.0,1.703,1.8357,1.8441,0.324,0.438,0.03,1.943,0.05829,66.05
20780.0,1.9564,1.8444,1.8161,0.328,0.312,0.03,1.681,0.05043,66.08
20790.0,1.6834,1.91,1.826,0.312,0.469,0.03,2.211,0.06633,66.11
20800.0,1.9065,1.9107,1.8845,0.293,0.312,0.03,2.097,0.06292,66.14
20810.0,1.917,1.859,1.8416,0.297,0.25,0.03,3.806,0.1142,66.17
20820.0,2.0587,1.8309,1.8539,0.32,0.219,0.03,2.043,0.06128,66.2
20830.0,1.8375,1.835,1.9019,0.289,0.375,0.03,1.582,0.04745,66.23
20840.0,1.7356,1.834,1.8033,0.289,0.25,0.03,1.799,0.05398,66.26
20850.0,1.7626,1.7896,1.8015,0.312,0.25,0.03,1.677,0.05032,66.29
20860.0,1.6945,1.7715,1.8844,0.266,0.469,0.03,1.44,0.04321,66.32
20870.0,1.6494,1.8424,1.7999,0.32,0.406,0.03,1.543,0.04629,66.35
20880.0,1.8159,1.8722,1.8419,0.328,0.438,0.03,2.218,0.06655,66.38
20890.0,1.8801,1.8502,1.8918,0.258,0.281,0.03,3.963,0.1189,66.41
20900.0,1.8783,1.8735,1.885,0.273,0.375,0.03,2.272,0.06817,66.44
20910.0,1.9672,1.8763,1.8237,0.297,0.25,0.03,1.995,0.05985,66.47
20920.0,1.8279,1.8269,1.7978,0.301,0.281,0.03,3.038,0.09113,66.5
20930.0,1.866,1.8134,1.8482,0.293,0.281,0.03,1.663,0.04989,66.53
20940.0,2.1861,1.8803,1.8415,0.312,0.188,0.03,2.258,0.06774,66.56
20950.0,1.8375,1.8932,1.7943,0.324,0.281,0.03,3.294,0.09883,66.59
20960.0,1.9941,1.8896,1.7904,0.312,0.312,0.03,2.146,0.06437,66.62
20970.0,1.8311,1.8963,1.8463,0.285,0.344,0.03,2.078,0.06234,66.65
20980.0,1.8648,1.8538,1.8481,0.281,0.469,0.03,1.817,0.0545,66.68
20990.0,1.6013,1.7673,1.8206,0.285,0.438,0.03,1.411,0.04234,66.71
21000.0,1.7952,1.7504,1.8199,0.297,0.312,0.03,1.448,0.04344,66.74
21010.0,1.805,1.8265,1.8393,0.328,0.281,0.03,2.452,0.07357,66.77
21020.0,1.7865,1.8221,1.8437,0.309,0.312,0.03,2.443,0.0733,66.8
21030.0,1.4831,1.802,1.8267,0.32,0.562,0.03,2.41,0.07229,66.83
21040.0,2.0493,1.8314,1.8008,0.312,0.188,0.03,1.805,0.05416,66.87
21050.0,1.8671,1.825,1.8053,0.328,0.281,0.03,1.408,0.04225,66.9
21060.0,2.0663,1.8564,1.8688,0.293,0.125,0.03,2.531,0.07594,66.93
21070.0,1.4711,1.8656,1.8404,0.344,0.469,0.03,2.324,0.06973,66.96
21080.0,1.7671,1.781,1.8617,0.254,0.344,0.03,2.992,0.08977,66.99
21090.0,1.8746,1.7975,1.922,0.301,0.188,0.03,1.938,0.05813,67.02
21100.0,1.9095,1.8425,1.8688,0.305,0.219,0.03,1.623,0.04868,67.05
21110.0,1.6693,1.7983,1.83,0.312,0.312,0.03,1.442,0.04325,67.08
21120.0,1.9141,1.8042,1.8581,0.285,0.281,0.03,1.961,0.05884,67.11
21130.0,1.4945,1.8192,1.8169,0.32,0.531,0.03,2.002,0.06006,67.14
21140.0,1.7408,1.8096,1.8748,0.277,0.375,0.03,2.208,0.06625,67.17
21150.0,1.7516,1.8316,1.7847,0.312,0.438,0.03,1.872,0.05617,67.2
21160.0,1.4864,1.7935,1.7868,0.312,0.594,0.03,1.831,0.05493,67.23
21170.0,1.9134,1.8058,1.8094,0.32,0.469,0.03,1.776,0.05327,67.26
21180.0,1.7985,1.8194,1.9242,0.289,0.406,0.03,2.782,0.08347,67.29
21190.0,1.9919,1.8067,1.8015,0.312,0.375,0.03,2.73,0.08191,67.32
21200.0,1.7043,1.8116,1.8077,0.309,0.25,0.03,2.108,0.06325,67.35
21210.0,1.7315,1.8099,1.8108,0.34,0.406,0.03,3.054,0.09161,67.38
21220.0,1.7358,1.837,1.8054,0.328,0.375,0.03,1.772,0.05315,67.41
21230.0,1.7606,1.8345,1.8759,0.277,0.406,0.03,1.478,0.04435,67.44
21240.0,1.9823,1.8066,1.8259,0.316,0.281,0.03,2.343,0.07029,67.47
21250.0,2.1532,1.8685,1.8975,0.316,0.25,0.03,3.171,0.09514,67.5
21260.0,1.689,1.864,1.8755,0.293,0.5,0.03,1.615,0.04844,67.53
21270.0,1.7929,1.7903,2.006,0.211,0.375,0.03,2.658,0.07973,67.57
21280.0,1.6965,1.827,1.817,0.293,0.281,0.03,1.756,0.05269,67.6
21290.0,1.8737,1.8339,1.8095,0.332,0.375,0.03,1.535,0.04604,67.63
21300.0,1.7297,1.8428,1.855,0.293,0.344,0.03,1.73,0.05191,67.66
21310.0,1.8292,1.8682,1.8885,0.293,0.25,0.03,2.147,0.06441,67.69
21320.0,1.5841,1.8723,1.918,0.273,0.438,0.03,2.471,0.07413,67.72
21330.0,2.0069,1.8246,1.8965,0.305,0.281,0.03,2.294,0.06882,67.75
21340.0,2.0667,1.8306,1.8678,0.305,0.156,0.03,2.763,0.08289,67.78
21350.0,1.7963,1.9034,1.8638,0.262,0.281,0.03,1.202,0.03606,67.81
21360.0,1.7015,1.849,1.8191,0.305,0.312,0.03,1.991,0.05974,67.84
21370.0,1.7513,1.8315,1.817,0.293,0.406,0.03,2.319,0.06957,67.87
21380.0,1.6209,1.8504,1.8854,0.305,0.375,0.03,2.06,0.0618,67.9
21390.0,1.7191,1.8041,1.8252,0.305,0.344,0.03,2.123,0.06369,67.93
21400.0,2.0847,1.8,1.8617,0.305,0.312,0.03,3.157,0.09471,67.96
21410.0,1.8791,1.8171,1.8637,0.293,0.281,0.03,2.335,0.07004,67.99
21420.0,1.8167,1.8228,1.8638,0.305,0.344,0.03,1.695,0.05086,68.02
21430.0,1.7822,1.8235,1.8598,0.316,0.438,0.03,1.709,0.05127,68.05
21440.0,1.8517,1.8011,1.8738,0.297,0.281,0.03,2.383,0.07148,68.08
21450.0,1.863,1.8442,1.8734,0.309,0.344,0.03,1.727,0.05181,68.11
21460.0,1.8588,1.8536,1.8562,0.289,0.344,0.03,1.285,0.03854,68.14
21470.0,1.5902,1.8533,1.826,0.301,0.438,0.03,1.535,0.04605,68.17
21480.0,1.8076,1.876,1.8576,0.312,0.375,0.03,1.987,0.05961,68.2
21490.0,1.8377,1.8394,1.8588,0.297,0.312,0.03,1.476,0.04428,68.23
21500.0,1.6645,1.8331,1.8082,0.312,0.312,0.03,1.574,0.04722,68.26
21510.0,1.9897,1.8613,1.8126,0.332,0.25,0.03,2.638,0.07915,68.29
21520.0,1.8922,1.9123,1.8336,0.312,0.25,0.03,1.805,0.05415,68.32
21530.0,1.8654,1.8542,1.8281,0.336,0.406,0.03,2.165,0.06496,68.36
21540.0,2.2096,1.8561,1.8638,0.312,0.25,0.03,2.507,0.07521,68.39
21550.0,1.8129,1.8652,1.864,0.312,0.312,0.03,2.528,0.07585,68.42
21560.0,1.8036,1.813,1.841,0.289,0.25,0.03,1.419,0.04257,68.45
21570.0,1.7256,1.7999,1.9042,0.266,0.344,0.03,2.748,0.08245,68.48
21580.0,2.1412,1.8256,1.8292,0.309,0.219,0.03,3.948,0.1185,68.51
21590.0,1.6644,1.8375,1.8388,0.293,0.406,0.03,1.905,0.05716,68.54
21600.0,1.7003,1.8132,1.8048,0.309,0.344,0.03,3.261,0.09783,68.57
21610.0,1.7858,1.8784,1.8269,0.297,0.312,0.03,1.645,0.04935,68.6
21620.0,1.7183,1.8538,1.8255,0.316,0.375,0.03,1.814,0.05443,68.63
21630.0,2.0436,1.8561,1.8866,0.266,0.281,0.03,2.121,0.06364,68.66
21640.0,1.7632,1.8617,1.8207,0.309,0.219,0.03,2.79,0.0837,68.69
21650.0,1.631,1.8157,1.8314,0.332,0.344,0.03,1.589,0.04767,68.72
21660.0,1.9687,1.8646,1.8737,0.324,0.312,0.03,2.09,0.06271,68.75
21670.0,1.6799,1.8647,1.7977,0.297,0.312,0.03,2.1,0.06299,68.78
21680.0,1.7249,1.803,1.8284,0.309,0.375,0.03,1.547,0.04641,68.81
21690.0,1.7231,1.785,1.83,0.316,0.375,0.03,1.856,0.05569,68.84
21700.0,1.9424,1.8197,1.8235,0.32,0.344,0.03,1.536,0.04608,68.87
21710.0,1.7208,1.8524,1.8088,0.32,0.375,0.03,2.322,0.06966,68.9
21720.0,1.7454,1.8717,1.8081,0.316,0.281,0.03,1.446,0.04337,68.93
21730.0,1.4847,1.8227,1.8308,0.305,0.375,0.03,1.653,0.04958,68.96
21740.0,1.8999,1.7663,1.972,0.223,0.25,0.03,2.397,0.07191,68.99
21750.0,1.7531,1.7551,1.8357,0.289,0.312,0.03,1.953,0.0586,69.02
21760.0,1.8031,1.7411,1.8612,0.332,0.438,0.03,1.87,0.05611,69.05
21770.0,1.8259,1.7534,1.8324,0.297,0.375,0.03,1.407,0.04221,69.08
21780.0,1.7973,1.8104,1.8746,0.316,0.25,0.03,2.007,0.0602,69.11
21790.0,1.8417,1.8068,1.8396,0.305,0.344,0.03,1.675,0.05024,69.14
21800.0,1.7774,1.7918,1.7938,0.328,0.25,0.03,2.697,0.0809,69.17
21810.0,1.6851,1.8642,1.8844,0.305,0.281,0.03,1.288,0.03864,69.2
21820.0,1.7815,1.8923,1.8334,0.332,0.312,0.03,2.42,0.07261,69.23
21830.0,1.8757,1.8368,1.8517,0.32,0.156,0.03,1.862,0.05585,69.26
21840.0,1.6564,1.79,1.8498,0.285,0.406,0.03,1.781,0.05344,69.29
21850.0,2.1177,1.7988,1.8665,0.289,0.312,0.03,2.344,0.07031,69.32
21860.0,1.7818,1.8205,1.84,0.309,0.281,0.03,2.107,0.06322,69.35
21870.0,1.6009,1.8011,1.878,0.316,0.312,0.03,1.694,0.05081,69.38
21880.0,1.8207,1.8163,1.7996,0.293,0.344,0.03,1.468,0.04403,69.41
21890.0,1.8841,1.8566,1.8111,0.312,0.25,0.03,1.329,0.03986,69.44
21900.0,1.6984,1.8725,1.8268,0.297,0.469,0.03,2.755,0.08265,69.47
21910.0,2.0871,1.8765,1.8673,0.293,0.281,0.03,1.975,0.05925,69.5
21920.0,2.0358,1.8503,1.8017,0.328,0.281,0.03,2.402,0.07207,69.53
21930.0,1.7353,1.7867,1.8318,0.309,0.281,0.03,2.916,0.08749,69.56
21940.0,1.5238,1.7569,1.8369,0.309,0.406,0.03,1.576,0.04727,69.59
21950.0,1.58,1.8265,1.8104,0.312,0.438,0.03,2.752,0.08255,69.62
21960.0,1.6821,1.8148,1.8291,0.328,0.469,0.03,1.946,0.05838,69.65
21970.0,1.9622,1.7808,1.8181,0.336,0.375,0.03,2.235,0.06705,69.68
21980.0,1.8018,1.7999,1.7987,0.344,0.344,0.03,2.415,0.07245,69.71
21990.0,1.7005,1.8363,1.8258,0.324,0.5,0.03,2.403,0.07208,69.74
22000.0,1.7223,1.8614,1.9159,0.309,0.406,0.03,1.868,0.05605,69.78
22010.0,1.9914,1.864,1.8033,0.34,0.25,0.03,1.83,0.05491,69.81
22020.0,1.766,1.8469,1.7913,0.32,0.438,0.03,1.595,0.04786,69.84
22030.0,1.6918,1.7635,1.8394,0.301,0.312,0.03,1.723,0.0517,69.9
22040.0,1.7388,1.7661,1.8144,0.312,0.375,0.03,1.651,0.04954,69.94
22050.0,1.9066,1.8349,1.8676,0.316,0.188,0.03,1.762,0.05287,69.97
22060.0,2.0886,1.823,1.8219,0.316,0.219,0.03,2.893,0.08679,70.0
22070.0,2.0104,1.7746,1.912,0.281,0.25,0.03,1.846,0.05539,70.04
22080.0,1.6971,1.771,1.8289,0.293,0.344,0.03,2.595,0.07786,70.07
22090.0,1.7022,1.8293,1.8627,0.289,0.469,0.03,1.419,0.04257,70.1
22100.0,1.8293,1.8407,1.8123,0.32,0.344,0.03,1.487,0.04461,70.13
22110.0,1.8597,1.8032,1.8278,0.312,0.344,0.03,4.877,0.1463,70.16
22120.0,1.7823,1.831,1.8194,0.352,0.344,0.03,2.158,0.06474,70.19
22130.0,1.7705,1.8165,1.8339,0.34,0.344,0.03,2.006,0.06017,70.22
22140.0,2.0842,1.8298,1.8787,0.262,0.312,0.03,2.467,0.074,70.25
22150.0,2.1388,1.8654,1.8378,0.312,0.281,0.03,2.867,0.086,70.28
22160.0,1.6916,1.8247,1.8736,0.297,0.406,0.03,1.793,0.0538,70.31
22170.0,1.6503,1.8329,1.8956,0.305,0.406,0.03,1.68,0.0504,70.34
22180.0,1.852,1.8699,1.8264,0.293,0.312,0.03,1.38,0.04139,70.37
22190.0,1.9082,1.8801,1.84,0.297,0.312,0.03,2.008,0.06024,70.4
22200.0,1.612,1.8474,1.9004,0.27,0.375,0.03,2.207,0.0662,70.43
22210.0,1.8075,1.8239,1.8316,0.324,0.406,0.03,2.611,0.07834,70.46
22220.0,1.9687,1.8319,1.8428,0.336,0.25,0.03,1.986,0.05957,70.49
22230.0,1.7988,1.8036,1.8453,0.312,0.344,0.03,2.096,0.06287,70.52
22240.0,1.9788,1.8359,1.8339,0.328,0.375,0.03,1.859,0.05577,70.55
22250.0,1.8073,1.8714,1.8196,0.34,0.312,0.03,2.176,0.06528,70.58
22260.0,1.9415,1.8218,1.8078,0.324,0.25,0.03,2.043,0.0613,70.61
22270.0,1.6996,1.7986,1.8652,0.309,0.312,0.03,1.917,0.0575,70.64
22280.0,1.9129,1.8189,1.8491,0.32,0.469,0.03,3.138,0.09415,70.67
22290.0,1.8573,1.844,1.8009,0.301,0.438,0.03,1.71,0.0513,70.7
22300.0,1.8441,1.835,1.8126,0.309,0.375,0.03,2.084,0.06252,70.73
22310.0,1.7902,1.8117,1.8284,0.352,0.281,0.03,2.68,0.08039,70.76
22320.0,1.5985,1.8349,1.7893,0.328,0.312,0.03,1.954,0.05863,70.79
22330.0,1.4266,1.8075,1.8284,0.316,0.5,0.03,1.487,0.0446,70.82
22340.0,1.6668,1.7635,1.8152,0.297,0.469,0.03,1.718,0.05154,70.85
22350.0,1.5291,1.7962,1.8512,0.273,0.531,0.03,1.994,0.05981,70.88
22360.0,1.7466,1.8061,1.8585,0.324,0.344,0.03,1.977,0.0593,70.91
22370.0,1.9085,1.8039,1.8753,0.293,0.25,0.03,1.766,0.05298,70.94
22380.0,1.722,1.8396,1.8792,0.312,0.438,0.03,1.983,0.0595,70.97
22390.0,1.7539,1.8713,1.844,0.316,0.344,0.03,1.414,0.04243,71.0
22400.0,1.6786,1.8516,1.8046,0.324,0.281,0.03,1.445,0.04335,71.03
22410.0,1.7249,1.7906,1.8348,0.316,0.344,0.03,1.626,0.04879,71.06
22420.0,1.8414,1.8048,1.8422,0.305,0.156,0.03,1.649,0.04946,71.09
22430.0,1.6354,1.7878,1.7931,0.332,0.375,0.03,1.572,0.04717,71.12
22440.0,1.86,1.7706,1.8142,0.305,0.312,0.03,2.921,0.08763,71.15
22450.0,1.8181,1.8195,1.8058,0.324,0.375,0.03,2.122,0.06365,71.18
22460.0,2.0254,1.81,1.8808,0.273,0.188,0.03,2.125,0.06375,71.21
22470.0,1.8694,1.7953,1.9492,0.289,0.25,0.03,2.672,0.08015,71.24
22480.0,1.6327,1.777,1.8102,0.328,0.375,0.03,2.433,0.073,71.27
22490.0,1.5779,1.7384,1.8413,0.32,0.375,0.03,2.252,0.06755,71.3
22500.0,1.8383,1.7734,1.8477,0.305,0.344,0.03,2.076,0.06229,71.33
22510.0,1.8171,1.8662,1.8524,0.336,0.25,0.03,1.524,0.04571,71.36
22520.0,1.7447,1.8721,1.8367,0.332,0.406,0.03,2.565,0.07694,71.39
22530.0,1.6821,1.8205,1.8526,0.328,0.406,0.03,2.012,0.06037,71.42
22540.0,1.9275,1.7873,1.9214,0.293,0.406,0.03,2.721,0.08162,71.45
22550.0,1.6237,1.8235,1.8435,0.305,0.5,0.03,2.09,0.0627,71.48
22560.0,2.0044,1.845,1.9301,0.281,0.188,0.03,2.091,0.06273,71.51
22570.0,2.187,1.8879,1.8364,0.332,0.25,0.03,2.536,0.07609,71.54
22580.0,1.8326,1.8774,1.8498,0.32,0.281,0.03,1.991,0.05974,71.57
22590.0,1.4577,1.812,1.8148,0.289,0.406,0.03,2.051,0.06154,71.6
22600.0,1.4978,1.787,1.878,0.293,0.438,0.03,2.98,0.0894,71.63
22610.0,1.9926,1.793,1.8858,0.293,0.312,0.03,2.713,0.08139,71.66
22620.0,1.7363,1.7869,1.8768,0.293,0.344,0.03,3.145,0.09434,71.69
22630.0,1.9694,1.7709,1.8246,0.316,0.281,0.03,1.617,0.0485,71.72
22640.0,2.0774,1.8727,1.8068,0.32,0.281,0.03,1.361,0.04084,71.75
22650.0,1.7202,1.8574,1.822,0.309,0.344,0.03,2.24,0.06721,71.78
22660.0,1.9182,1.8094,1.8167,0.312,0.312,0.03,2.849,0.08548,71.81
22670.0,1.8497,1.8571,1.836,0.32,0.312,0.03,2.081,0.06242,71.84
22680.0,1.7337,1.8204,1.8089,0.305,0.406,0.03,1.66,0.04979,71.87
22690.0,1.6918,1.7495,1.8207,0.312,0.375,0.03,1.543,0.0463,71.9
22700.0,1.8573,1.8092,1.8098,0.336,0.281,0.03,1.698,0.05095,71.93
22710.0,1.6214,1.826,1.8188,0.332,0.531,0.03,1.709,0.05128,71.96
22720.0,1.8495,1.7919,1.8673,0.312,0.281,0.03,2.037,0.0611,71.99
22730.0,1.9746,1.8267,1.9027,0.277,0.281,0.03,2.938,0.08813,72.02
22740.0,1.828,1.843,1.8026,0.316,0.406,0.03,2.233,0.06699,72.05
22750.0,1.7999,1.8174,1.823,0.309,0.312,0.03,2.028,0.06084,72.08
22760.0,1.7851,1.8512,1.8853,0.32,0.312,0.03,2.12,0.06359,72.11
22770.0,1.6548,1.8647,1.8383,0.266,0.281,0.03,2.946,0.08837,72.14
22780.0,1.8307,1.8184,1.7987,0.309,0.219,0.03,2.71,0.08129,72.17
22790.0,1.868,1.845,1.8601,0.32,0.25,0.03,2.491,0.07474,72.2
22800.0,2.0119,1.8588,1.8712,0.328,0.312,0.03,2.492,0.07477,72.23
22810.0,1.9933,1.8518,1.8835,0.305,0.312,0.03,1.603,0.0481,72.26
22820.0,1.8708,1.8398,1.8055,0.344,0.25,0.03,2.552,0.07657,72.29
22830.0,1.587,1.7737,1.8245,0.332,0.344,0.03,1.024,0.03072,72.32
22840.0,1.993,1.7955,1.9054,0.309,0.375,0.03,3.35,0.1005,72.35
22850.0,1.8631,1.8647,1.8277,0.309,0.375,0.03,3.198,0.09595,72.38
22860.0,2.2331,1.8538,1.8897,0.305,0.156,0.03,3.374,0.1012,72.41
22870.0,1.6477,1.8465,1.8406,0.301,0.312,0.03,1.975,0.05925,72.44
22880.0,1.6071,1.8106,1.7907,0.312,0.344,0.03,1.514,0.04541,72.47
22890.0,1.6794,1.7621,1.8403,0.297,0.281,0.03,2.357,0.07072,72.5
22900.0,1.6636,1.7919,1.7988,0.316,0.344,0.03,1.926,0.05777,72.53
22910.0,1.8127,1.8071,1.8818,0.262,0.375,0.03,1.41,0.04231,72.56
22920.0,1.901,1.8391,1.8382,0.293,0.312,0.03,1.132,0.03395,72.6
22930.0,1.8533,1.8759,1.823,0.32,0.188,0.03,1.687,0.0506,72.63
22940.0,1.907,1.849,1.9227,0.293,0.344,0.03,2.512,0.07537,72.66
22950.0,1.8147,1.8445,1.8535,0.312,0.344,0.03,1.823,0.05468,72.69
22960.0,1.6401,1.8595,1.8298,0.316,0.469,0.03,1.602,0.04806,72.72
22970.0,1.7801,1.8579,1.7884,0.32,0.375,0.03,2.822,0.08466,72.75
22980.0,1.7082,1.8188,1.8424,0.324,0.25,0.03,1.916,0.05749,72.78
22990.0,1.7354,1.848,1.8233,0.32,0.344,0.03,2.489,0.07467,72.81
23000.0,2.0062,1.8688,1.8047,0.297,0.25,0.03,1.74,0.0522,72.84
23010.0,1.957,1.838,1.795,0.309,0.156,0.03,2.525,0.07576,72.87
23020.0,1.943,1.8516,1.801,0.312,0.25,0.03,1.695,0.05084,72.9
23030.0,1.9448,1.8593,1.8079,0.324,0.25,0.03,3.108,0.09324,72.93
23040.0,1.8036,1.7999,1.8321,0.316,0.312,0.03,2.355,0.07065,72.96
23050.0,1.4414,1.7899,1.8007,0.312,0.469,0.03,1.615,0.04846,72.99
23060.0,1.9756,1.8142,1.8353,0.316,0.281,0.03,2.452,0.07356,73.02
23070.0,1.7326,1.8221,1.8374,0.281,0.312,0.03,1.866,0.05597,73.05
23080.0,1.8967,1.8169,1.9286,0.285,0.281,0.03,2.059,0.06176,73.08
23090.0,1.759,1.8089,1.7999,0.324,0.281,0.03,1.435,0.04304,73.11
23100.0,1.9107,1.8545,1.8011,0.305,0.281,0.03,1.548,0.04644,73.14
23110.0,1.9708,1.8738,1.8278,0.289,0.312,0.03,2.622,0.07865,73.17
23120.0,1.8979,1.8274,1.8264,0.289,0.344,0.03,2.181,0.06543,73.2
23130.0,1.8402,1.8009,1.8057,0.305,0.188,0.03,2.163,0.06488,73.23
23140.0,1.8221,1.7933,1.8367,0.328,0.438,0.03,2.613,0.07838,73.26
23150.0,1.7444,1.8297,1.8382,0.305,0.344,0.03,1.764,0.05292,73.29
23160.0,1.6371,1.8643,1.8276,0.285,0.438,0.03,1.749,0.05248,73.32
23170.0,1.8547,1.8334,1.798,0.328,0.375,0.03,2.114,0.06341,73.35
23180.0,1.6146,1.7959,1.7975,0.293,0.375,0.03,1.922,0.05766,73.38
23190.0,1.7435,1.7763,1.7882,0.324,0.344,0.03,1.855,0.05566,73.41
23200.0,1.6903,1.8351,1.8209,0.312,0.25,0.03,2.007,0.06022,73.44
23210.0,1.8507,1.8804,1.8108,0.312,0.312,0.03,2.356,0.07069,73.47
23220.0,2.0273,1.8796,1.7822,0.344,0.312,0.03,2.19,0.06569,73.5
23230.0,1.9067,1.8716,1.7913,0.316,0.25,0.03,2.371,0.07112,73.54
23240.0,1.8743,1.8325,1.8102,0.328,0.312,0.03,1.24,0.0372,73.57
23250.0,1.9687,1.7969,1.7923,0.336,0.312,0.03,1.786,0.05357,73.6
23260.0,2.0631,1.8097,1.897,0.273,0.188,0.03,2.698,0.08095,73.63
23270.0,2.0046,1.9022,1.832,0.336,0.156,0.03,2.585,0.07754,73.66
23280.0,1.9517,1.9255,1.8587,0.273,0.219,0.03,1.63,0.04891,73.69
23290.0,1.7732,1.8721,1.7973,0.305,0.344,0.03,1.796,0.05388,73.72
23300.0,1.7658,1.833,1.9033,0.277,0.406,0.03,2.664,0.07993,73.75
23310.0,1.8632,1.8191,1.8759,0.293,0.125,0.03,2.198,0.06595,73.78
23320.0,1.6137,1.8078,1.8341,0.328,0.469,0.03,2.598,0.07795,73.81
23330.0,1.6141,1.8034,1.8452,0.312,0.375,0.03,1.623,0.04868,73.84
23340.0,1.7453,1.8079,1.8056,0.328,0.344,0.03,1.509,0.04526,73.87
23350.0,2.0546,1.8047,1.8199,0.328,0.188,0.03,2.723,0.0817,73.9
23360.0,1.9588,1.8328,1.8225,0.32,0.281,0.03,1.75,0.05249,73.93
23370.0,1.9119,1.8196,1.8351,0.309,0.406,0.03,1.761,0.05283,73.96
23380.0,1.9553,1.8226,1.8205,0.316,0.5,0.03,1.377,0.04131,73.99
23390.0,1.6792,1.8542,1.8045,0.324,0.281,0.03,1.533,0.046,74.02
23400.0,1.8916,1.8582,1.8625,0.281,0.406,0.03,1.408,0.04224,74.05
23410.0,1.7664,1.8527,1.7944,0.309,0.375,0.03,1.648,0.04945,74.08
23420.0,1.8134,1.8661,1.8213,0.312,0.312,0.03,3.215,0.09644,74.11
23430.0,1.6001,1.8583,1.8335,0.309,0.375,0.03,2.279,0.06836,74.15
23440.0,1.9663,1.848,1.8957,0.281,0.281,0.03,1.667,0.05002,74.18
23450.0,1.853,1.8803,1.847,0.332,0.281,0.03,2.53,0.0759,74.21
23460.0,1.7266,1.8414,1.8603,0.324,0.531,0.03,2.38,0.07141,74.24
23470.0,1.4913,1.7788,1.7881,0.324,0.469,0.03,2.983,0.08949,74.27
23480.0,1.9492,1.7932,1.8526,0.32,0.281,0.03,2.033,0.061,74.3
23490.0,1.6322,1.7954,1.8167,0.309,0.406,0.03,1.88,0.05639,74.33
23500.0,1.8426,1.7975,1.8023,0.32,0.438,0.03,2.081,0.06244,74.36
23510.0,1.7212,1.8297,1.7944,0.32,0.375,0.03,1.987,0.05961,74.39
23520.0,1.8192,1.8669,1.8327,0.301,0.344,0.03,2.898,0.08695,74.42
23530.0,1.7769,1.8501,1.8239,0.312,0.281,0.03,1.454,0.04361,74.45
23540.0,1.8476,1.8475,1.8533,0.328,0.281,0.03,1.84,0.05521,74.48
23550.0,1.8884,1.8667,1.8265,0.316,0.25,0.03,2.641,0.07924,74.51
23560.0,1.9407,1.8229,1.8329,0.301,0.281,0.03,2.535,0.07606,74.54
23570.0,1.6328,1.8152,1.8548,0.309,0.5,0.03,1.828,0.05484,74.57
23580.0,1.9844,1.8114,1.8305,0.305,0.312,0.03,2.06,0.06179,74.6
23590.0,1.8874,1.8292,1.8249,0.289,0.312,0.03,2.577,0.0773,74.63
23600.0,1.6461,1.8469,1.924,0.277,0.281,0.03,1.387,0.04162,74.66
23610.0,1.8202,1.8813,1.8208,0.324,0.312,0.03,2.799,0.08396,74.69
23620.0,1.5992,1.8626,1.8294,0.32,0.438,0.03,1.576,0.04729,74.72
23630.0,1.6583,1.7783,1.7936,0.301,0.281,0.03,1.545,0.04634,74.75
23640.0,1.6819,1.7639,1.8025,0.297,0.375,0.03,1.231,0.03694,74.78
23650.0,1.9331,1.7643,1.82,0.281,0.312,0.03,2.119,0.06357,74.81
23660.0,2.0891,1.7741,1.8564,0.293,0.344,0.03,2.01,0.0603,74.84
23670.0,1.7297,1.7981,1.7822,0.32,0.375,0.03,2.72,0.08161,74.87
23680.0,1.7264,1.8216,1.876,0.324,0.375,0.03,2.112,0.06337,74.9
23690.0,1.9161,1.8537,1.8791,0.32,0.281,0.03,1.502,0.04507,74.93
23700.0,1.9236,1.867,1.8424,0.332,0.219,0.03,1.903,0.05708,74.96
23710.0,1.9261,1.8278,1.7973,0.332,0.281,0.03,1.38,0.04139,74.99
23720.0,1.6063,1.8194,1.8462,0.273,0.438,0.03,2.087,0.0626,75.02
23730.0,2.097,1.8405,1.8269,0.312,0.312,0.03,1.766,0.05298,75.05
23740.0,1.7861,1.8228,1.7949,0.316,0.375,0.03,1.609,0.04828,75.08
23750.0,1.7299,1.8405,1.8519,0.301,0.375,0.03,2.082,0.06245,75.11
23760.0,2.0558,1.8598,1.8685,0.293,0.125,0.03,3.48,0.1044,75.14
23770.0,1.9375,1.8379,1.8024,0.293,0.219,0.03,3.324,0.09971,75.17
23780.0,1.7814,1.8312,1.8134,0.32,0.312,0.03,2.045,0.06136,75.2
23790.0,1.9135,1.8095,1.8216,0.305,0.344,0.03,2.455,0.07364,75.23
23800.0,1.9611,1.7739,1.8044,0.301,0.25,0.03,3.528,0.1058,75.26
23810.0,1.9589,1.8137,1.8367,0.312,0.312,0.03,3.006,0.09017,75.29
23820.0,1.8095,1.842,1.8121,0.324,0.25,0.03,2.368,0.07105,75.32
23830.0,2.0179,1.8234,1.8317,0.316,0.156,0.03,1.854,0.05562,75.35
23840.0,1.679,1.8223,1.8112,0.301,0.438,0.03,1.907,0.0572,75.38
23850.0,1.7778,1.81,1.8728,0.262,0.406,0.03,1.982,0.05947,75.41
23860.0,1.9762,1.8355,1.9036,0.262,0.219,0.03,2.152,0.06457,75.44
23870.0,1.8042,1.8332,1.8021,0.301,0.281,0.03,1.364,0.04092,75.47
23880.0,1.8946,1.8282,1.7962,0.309,0.344,0.03,2.64,0.07919,75.51
23890.0,2.0939,1.8687,1.8482,0.305,0.344,0.03,3.78,0.1134,75.54
23900.0,1.7464,1.8547,1.7862,0.309,0.344,0.03,1.487,0.04461,75.57
23910.0,1.9325,1.8336,1.8173,0.316,0.281,0.03,2.292,0.06877,75.6
23920.0,1.6755,1.8154,1.7853,0.32,0.344,0.03,1.839,0.05518,75.63
23930.0,1.8333,1.7924,1.8051,0.312,0.281,0.03,1.961,0.05884,75.66
23940.0,1.6377,1.8201,1.8073,0.324,0.438,0.03,1.301,0.03903,75.69
23950.0,2.0049,1.8206,1.8264,0.297,0.219,0.03,1.964,0.05892,75.72
23960.0,2.0244,1.848,1.8114,0.316,0.312,0.03,2.362,0.07085,75.75
23970.0,1.584,1.881,1.8452,0.285,0.406,0.03,2.06,0.0618,75.78
23980.0,1.5548,1.818,1.804,0.301,0.312,0.03,1.623,0.04868,75.81
23990.0,1.8697,1.818,1.8005,0.309,0.312,0.03,1.758,0.05275,75.84
24000.0,1.9546,1.7998,1.7983,0.309,0.219,0.03,1.741,0.05222,75.87
24010.0,1.5843,1.7515,1.808,0.297,0.406,0.03,2.481,0.07444,75.9
24020.0,1.6393,1.8037,1.8264,0.301,0.312,0.03,2.469,0.07407,75.93
24030.0,1.8882,1.8347,1.8145,0.316,0.281,0.03,1.376,0.04128,75.96
24040.0,1.7698,1.8098,1.7914,0.309,0.312,0.03,1.984,0.05951,75.99
24050.0,1.8361,1.8114,1.8154,0.293,0.312,0.03,1.507,0.04521,76.02
24060.0,1.7921,1.8312,1.8684,0.301,0.281,0.03,2.265,0.06796,76.05
24070.0,1.9967,1.8177,1.8032,0.328,0.219,0.03,2.42,0.0726,76.08
24080.0,1.6722,1.8169,1.7996,0.32,0.406,0.03,2.292,0.06876,76.11
24090.0,1.9414,1.8637,1.803,0.316,0.375,0.03,1.859,0.05577,76.14
24100.0,1.9127,1.8981,1.8142,0.332,0.219,0.03,2.324,0.06971,76.17
24110.0,1.5855,1.8365,1.8195,0.312,0.469,0.03,2.371,0.07113,76.2
24120.0,1.574,1.8152,1.8481,0.309,0.344,0.03,2.11,0.06329,76.23
24130.0,1.8385,1.8288,1.8275,0.297,0.219,0.03,2.584,0.07752,76.26
24140.0,1.8398,1.8105,1.8876,0.285,0.312,0.03,1.63,0.04889,76.29
24150.0,1.8637,1.8138,1.8356,0.293,0.375,0.03,1.658,0.04974,76.32
24160.0,1.6435,1.8282,1.8703,0.285,0.406,0.03,1.224,0.03672,76.35
24170.0,1.8185,1.813,1.7855,0.293,0.281,0.03,2.443,0.0733,76.38
24180.0,1.5886,1.7969,1.8584,0.277,0.344,0.03,1.877,0.0563,76.41
24190.0,1.9059,1.8178,1.8123,0.305,0.312,0.03,1.168,0.03505,76.44
24200.0,1.8367,1.8323,1.8239,0.289,0.344,0.03,1.953,0.0586,76.47
24210.0,1.6187,1.8366,1.8284,0.301,0.531,0.03,1.97,0.0591,76.5
24220.0,1.6792,1.813,1.8015,0.312,0.188,0.03,2.551,0.07653,76.53
24230.0,1.7575,1.8282,1.8288,0.305,0.25,0.03,2.199,0.06598,76.56
24240.0,1.7526,1.8555,1.7988,0.309,0.438,0.03,2.331,0.06994,76.6
24250.0,1.8063,1.8234,1.828,0.305,0.438,0.03,1.598,0.04795,76.63
24260.0,1.6414,1.7924,1.842,0.312,0.344,0.03,1.193,0.03578,76.66
24270.0,1.8722,1.8384,1.7939,0.312,0.281,0.03,2.382,0.07145,76.69
24280.0,1.7084,1.8807,1.8556,0.301,0.375,0.03,1.862,0.05587,76.72
24290.0,1.8258,1.8509,1.9299,0.27,0.219,0.03,1.762,0.05285,76.75
24300.0,1.6417,1.8296,1.8273,0.32,0.406,0.03,2.878,0.08634,76.78
24310.0,1.9583,1.8475,1.8308,0.312,0.219,0.03,2.126,0.06377,76.82
24320.0,1.6833,1.8664,1.8526,0.316,0.438,0.03,1.802,0.05405,76.85
24330.0,1.7921,1.886,1.8674,0.273,0.406,0.03,3.97,0.1191,76.88
24340.0,1.8585,1.8501,1.787,0.309,0.281,0.03,1.457,0.0437,76.91
24350.0,2.0969,1.8103,1.8272,0.312,0.281,0.03,1.568,0.04704,76.94
24360.0,1.8589,1.8497,1.8334,0.309,0.344,0.03,1.79,0.05369,76.97
24370.0,1.5412,1.8148,1.7993,0.312,0.531,0.03,2.539,0.07618,77.0
24380.0,1.9869,1.7525,1.8123,0.316,0.312,0.03,2.162,0.06486,77.03
24390.0,1.9752,1.8045,1.9334,0.273,0.281,0.03,2.498,0.07495,77.06
24400.0,1.7835,1.8404,1.8164,0.305,0.344,0.03,1.437,0.04311,77.09
24410.0,1.8696,1.8178,1.8644,0.285,0.312,0.03,2.467,0.07402,77.12
24420.0,1.9155,1.8354,1.8797,0.312,0.375,0.03,2.832,0.08497,77.15
24430.0,2.0405,1.8735,1.8,0.328,0.156,0.03,1.876,0.05629,77.18
24440.0,1.7295,1.8634,1.8383,0.309,0.438,0.03,1.742,0.05226,77.21
24450.0,1.8247,1.8087,1.8159,0.344,0.312,0.03,1.75,0.05249,77.24
24460.0,1.9586,1.7705,1.8586,0.312,0.25,0.03,3.013,0.09038,77.27
24470.0,1.6425,1.7885,1.8162,0.312,0.312,0.03,1.596,0.04788,77.3
24480.0,1.7559,1.7758,1.791,0.316,0.438,0.03,1.489,0.04468,77.33
24490.0,1.6244,1.8148,1.8303,0.305,0.375,0.03,1.672,0.05016,77.36
24500.0,1.7911,1.9179,1.8584,0.297,0.375,0.03,2.264,0.06792,77.39
24510.0,1.8688,1.8696,1.7915,0.328,0.25,0.03,2.741,0.08224,77.42
24520.0,1.6625,1.8047,1.7975,0.332,0.438,0.03,2.314,0.06942,77.45
24530.0,1.6762,1.8544,1.8229,0.297,0.406,0.03,1.052,0.03156,77.48
24540.0,1.8022,1.8764,1.8048,0.316,0.406,0.03,1.643,0.0493,77.52
24550.0,1.5939,1.8141,1.8047,0.312,0.438,0.03,1.682,0.05045,77.55
24560.0,1.8926,1.7925,1.8108,0.328,0.25,0.03,1.63,0.04889,77.58
24570.0,1.6386,1.7851,1.8153,0.309,0.469,0.03,2.094,0.06283,77.61
24580.0,1.8978,1.8087,1.8106,0.293,0.312,0.03,2.601,0.07804,77.64
24590.0,1.997,1.8787,1.8599,0.309,0.25,0.03,1.45,0.04351,77.67
24600.0,1.947,1.9078,1.8475,0.309,0.281,0.03,2.464,0.07391,77.7
24610.0,1.9507,1.8751,1.8233,0.332,0.344,0.03,2.233,0.06699,77.73
24620.0,1.6236,1.7549,1.785,0.328,0.406,0.03,2.683,0.0805,77.76
24630.0,2.0258,1.7605,1.8426,0.324,0.25,0.03,1.8,0.05401,77.79
24640.0,1.8673,1.832,1.8778,0.32,0.344,0.03,1.852,0.05557,77.82
24650.0,1.8435,1.8392,1.8152,0.324,0.375,0.03,4.136,0.1241,77.85
24660.0,1.6222,1.8538,1.8077,0.305,0.438,0.03,1.504,0.04512,77.88
24670.0,1.3466,1.8341,1.8019,0.309,0.625,0.03,1.418,0.04253,77.91
24680.0,1.7013,1.7814,1.844,0.293,0.469,0.03,1.84,0.05521,77.94
24690.0,1.7125,1.8184,1.8186,0.316,0.281,0.03,1.72,0.0516,77.97
24700.0,1.6644,1.8693,1.7975,0.312,0.25,0.03,4.652,0.1396,78.0
24710.0,1.744,1.7927,1.8334,0.309,0.406,0.03,1.857,0.0557,78.03
24720.0,1.693,1.7708,1.7956,0.32,0.375,0.03,2.279,0.06837,78.06
24730.0,1.6318,1.8138,1.7857,0.328,0.344,0.03,1.435,0.04305,78.09
24740.0,1.7714,1.8235,1.8401,0.301,0.469,0.03,1.715,0.05146,78.12
24750.0,1.5821,1.8452,1.8069,0.324,0.469,0.03,2.288,0.06864,78.15
24760.0,1.6882,1.8676,1.7982,0.359,0.344,0.03,2.265,0.06795,78.18
24770.0,1.9739,1.8436,1.8216,0.309,0.312,0.03,1.563,0.04688,78.21
24780.0,1.7256,1.7539,1.8172,0.324,0.375,0.03,2.57,0.07711,78.25
24790.0,1.7911,1.7365,1.7924,0.34,0.469,0.03,1.582,0.04747,78.28
24800.0,1.5558,1.7737,1.81,0.312,0.438,0.03,1.342,0.04027,78.31
24810.0,1.8318,1.8206,1.8607,0.266,0.406,0.03,2.959,0.08876,78.34
24820.0,1.7199,1.8715,1.8113,0.34,0.344,0.03,3.004,0.09011,78.38
24830.0,1.9552,1.8815,1.8097,0.312,0.281,0.03,2.286,0.06857,78.41
24840.0,1.5043,1.8086,1.8641,0.324,0.562,0.03,1.541,0.04622,78.44
24850.0,1.4954,1.7507,1.8377,0.316,0.5,0.03,2.088,0.06263,78.47
24860.0,1.858,1.7594,1.8152,0.309,0.219,0.03,1.947,0.05842,78.5
24870.0,1.893,1.7824,1.8401,0.324,0.25,0.03,1.917,0.05751,78.54
24880.0,1.8537,1.8121,1.8677,0.332,0.312,0.03,2.079,0.06237,78.57
24890.0,2.1236,1.808,1.8443,0.328,0.281,0.03,2.828,0.08484,78.6
24900.0,1.7146,1.7648,1.7795,0.32,0.375,0.03,3.03,0.09089,78.63
24910.0,1.8188,1.7707,1.7887,0.332,0.406,0.03,1.392,0.04177,78.66
24920.0,1.7317,1.7875,1.822,0.316,0.312,0.03,1.908,0.05723,78.7
24930.0,1.7406,1.7748,1.8336,0.309,0.344,0.03,1.646,0.04937,78.73
24940.0,1.8471,1.8141,1.7961,0.328,0.344,0.03,1.741,0.05223,78.76
24950.0,1.7594,1.8323,1.8127,0.344,0.344,0.03,2.361,0.07083,78.79
24960.0,2.0448,1.8769,1.8595,0.312,0.281,0.03,2.874,0.08623,78.82
24970.0,2.0646,1.9122,1.9103,0.27,0.156,0.03,2.142,0.06426,78.86
24980.0,2.0196,1.8822,1.863,0.285,0.25,0.03,1.683,0.0505,78.89
24990.0,1.4743,1.8072,1.7906,0.328,0.531,0.03,1.499,0.04496,78.92
25000.0,1.9117,1.7811,1.808,0.301,0.25,0.03,3.012,0.09037,78.95
25010.0,1.6635,1.8019,1.7736,0.34,0.312,0.03,2.099,0.06298,78.98
25020.0,1.6379,1.8204,1.8291,0.285,0.344,0.03,3.723,0.1117,79.01
25030.0,1.7251,1.8631,1.8321,0.305,0.469,0.03,2.148,0.06445,79.04
25040.0,1.6994,1.884,1.8562,0.309,0.375,0.03,2.082,0.06246,79.07
25050.0,1.6098,1.8856,1.8706,0.305,0.531,0.03,1.682,0.05045,79.1
25060.0,1.8058,1.8425,1.7965,0.324,0.281,0.03,1.391,0.04174,79.13
25070.0,1.9933,1.8468,1.841,0.316,0.312,0.03,2.284,0.06852,79.16
25080.0,1.9186,1.8666,1.8313,0.316,0.375,0.03,2.016,0.06048,79.19
25090.0,1.8973,1.844,1.8234,0.309,0.344,0.03,3.072,0.09217,79.22
25100.0,1.9138,1.8478,1.8442,0.328,0.281,0.03,1.593,0.04779,79.26
25110.0,1.613,1.8349,1.8273,0.309,0.406,0.03,2.104,0.06311,79.29
25120.0,1.563,1.8397,1.8296,0.328,0.344,0.03,1.788,0.05363,79.32
25130.0,1.6739,1.8654,1.8373,0.309,0.312,0.03,1.74,0.05221,79.35
25140.0,2.1069,1.8791,1.8082,0.312,0.219,0.03,3.467,0.104,79.38
25150.0,1.9421,1.8494,1.8055,0.324,0.281,0.03,1.907,0.05722,79.41
25160.0,1.6287,1.8181,1.8134,0.32,0.469,0.03,1.931,0.05792,79.44
25170.0,1.9592,1.8174,1.8007,0.324,0.25,0.03,2.108,0.06324,79.47
25180.0,1.5854,1.7985,1.852,0.32,0.375,0.03,1.833,0.05498,79.5
25190.0,1.9679,1.8328,1.7878,0.305,0.156,0.03,1.913,0.05739,79.53
25200.0,1.7744,1.8339,1.8231,0.32,0.25,0.03,1.996,0.05987,79.57
25210.0,1.8495,1.7929,1.8356,0.312,0.281,0.03,3.129,0.09386,79.6
25220.0,1.7782,1.8031,1.785,0.309,0.406,0.03,2.513,0.07539,79.63
25230.0,1.9438,1.8281,1.8449,0.293,0.219,0.03,1.766,0.05297,79.66
25240.0,1.7335,1.8399,1.8369,0.324,0.281,0.03,2.232,0.06697,79.69
25250.0,1.9157,1.8274,1.9606,0.277,0.312,0.03,2.805,0.08416,79.72
25260.0,1.7224,1.8477,1.8225,0.324,0.312,0.03,1.241,0.03724,79.75
25270.0,1.7549,1.8174,1.7811,0.293,0.312,0.03,2.662,0.07985,79.79
25280.0,1.6415,1.7915,1.8234,0.324,0.344,0.03,1.819,0.05457,79.83
25290.0,1.6416,1.7738,1.8254,0.332,0.219,0.03,1.918,0.05754,79.86
25300.0,2.0679,1.8193,1.8156,0.301,0.281,0.03,1.987,0.05962,79.89
25310.0,1.5497,1.8456,1.795,0.324,0.438,0.03,1.825,0.05474,79.92
25320.0,1.8778,1.7914,1.9054,0.262,0.375,0.03,2.11,0.06331,79.95
25330.0,2.0573,1.8476,1.8962,0.297,0.25,0.03,2.554,0.07663,79.99
25340.0,1.862,1.8752,1.7957,0.328,0.375,0.03,2.188,0.06565,80.02
25350.0,2.1067,1.8225,1.8937,0.285,0.219,0.03,1.552,0.04657,80.05
25360.0,2.1469,1.8268,1.8781,0.266,0.219,0.03,2.798,0.08395,80.08
25370.0,1.9959,1.829,1.8792,0.285,0.188,0.03,2.944,0.08831,80.12
25380.0,1.5858,1.7923,1.8495,0.297,0.312,0.03,1.754,0.05262,80.15
25390.0,1.8571,1.8012,1.8185,0.32,0.25,0.03,2.526,0.07577,80.18
25400.0,1.7236,1.8104,1.7749,0.309,0.281,0.03,1.95,0.05849,80.21
25410.0,1.9039,1.8391,1.8411,0.328,0.312,0.03,2.135,0.06406,80.24
25420.0,1.5333,1.7985,1.8278,0.328,0.375,0.03,2.523,0.0757,80.27
25430.0,1.6694,1.7776,1.7981,0.32,0.375,0.03,2.935,0.08804,80.3
25440.0,1.5593,1.8347,1.8009,0.309,0.531,0.03,2.006,0.06019,80.34
25450.0,2.0087,1.8246,1.846,0.301,0.344,0.03,1.765,0.05294,80.37
25460.0,1.8234,1.8193,1.8211,0.332,0.281,0.03,1.143,0.03428,80.4
25470.0,1.7711,1.7936,1.8506,0.301,0.438,0.03,2.433,0.07299,80.43
25480.0,1.6772,1.7741,1.8116,0.289,0.312,0.03,1.966,0.05899,80.46
25490.0,1.7111,1.8082,1.8744,0.297,0.344,0.03,1.807,0.05421,80.49
25500.0,1.9692,1.8074,1.8854,0.297,0.25,0.03,2.178,0.06534,80.52
25510.0,2.0069,1.8212,1.7943,0.328,0.25,0.03,2.716,0.08149,80.55
25520.0,1.8902,1.8998,1.901,0.266,0.406,0.03,1.832,0.05497,80.58
25530.0,1.9492,1.8874,1.7946,0.32,0.312,0.03,1.805,0.05416,80.61
25540.0,1.5302,1.8091,1.8079,0.301,0.469,0.03,1.409,0.04226,80.64
25550.0,1.5799,1.7673,1.837,0.312,0.406,0.03,1.803,0.0541,80.67
25560.0,1.8611,1.7481,1.8215,0.32,0.281,0.03,2.388,0.07164,80.7
25570.0,1.8514,1.7819,1.7891,0.324,0.281,0.03,2.172,0.06515,80.73
25580.0,1.9992,1.8422,1.7949,0.336,0.312,0.03,1.881,0.05642,80.76
25590.0,1.6033,1.8104,1.8393,0.285,0.375,0.03,2.0,0.06001,80.79
25600.0,1.6533,1.7343,1.8031,0.312,0.281,0.03,1.569,0.04706,80.82
25610.0,1.8636,1.7529,1.8215,0.305,0.219,0.03,2.304,0.06912,80.85
25620.0,2.2268,1.8372,1.9264,0.27,0.219,0.03,1.708,0.05123,80.88
25630.0,1.9615,1.862,1.7752,0.332,0.312,0.03,1.845,0.05534,80.91
25640.0,2.0335,1.8496,1.7981,0.32,0.281,0.03,1.328,0.03984,80.94
25650.0,1.6299,1.8265,1.7815,0.312,0.375,0.03,1.757,0.0527,80.97
25660.0,1.896,1.7733,1.8091,0.32,0.25,0.03,2.195,0.06585,81.0
25670.0,1.4228,1.7756,1.8202,0.312,0.438,0.03,1.842,0.05525,81.03
25680.0,1.643,1.7911,1.8518,0.297,0.469,0.03,1.767,0.05301,81.06
25690.0,2.1991,1.7996,1.7724,0.328,0.219,0.03,2.117,0.06352,81.09
25700.0,1.9458,1.8808,1.7778,0.336,0.25,0.03,2.118,0.06353,81.12
25710.0,1.6527,1.8593,1.8403,0.312,0.344,0.03,2.446,0.07338,81.15
25720.0,1.5481,1.8252,1.8472,0.293,0.406,0.03,1.88,0.0564,81.18
25730.0,1.824,1.885,1.8091,0.316,0.438,0.03,2.57,0.07711,81.21
25740.0,1.7367,1.772,1.8107,0.316,0.344,0.03,2.143,0.06429,81.24
25750.0,1.686,1.6646,1.8269,0.309,0.312,0.03,2.008,0.06024,81.27
25760.0,1.7108,1.7514,1.8,0.324,0.375,0.03,2.051,0.06153,81.3
25770.0,1.8694,1.8164,1.808,0.336,0.281,0.03,2.078,0.06234,81.33
25780.0,1.667,1.7948,1.7847,0.328,0.469,0.03,1.687,0.05062,81.36
25790.0,1.9877,1.7929,1.8056,0.332,0.219,0.03,1.833,0.055,81.39
25800.0,1.9462,1.821,1.8317,0.305,0.188,0.03,4.398,0.132,81.42
25810.0,1.8754,1.8312,1.8078,0.328,0.438,0.03,1.737,0.0521,81.45
25820.0,1.7784,1.7747,1.8503,0.301,0.281,0.03,3.211,0.09634,81.48
25830.0,1.7348,1.7706,1.7884,0.324,0.438,0.03,2.371,0.07112,81.51
25840.0,1.7799,1.8133,1.8569,0.316,0.312,0.03,2.443,0.07329,81.54
25850.0,1.6553,1.7946,1.8695,0.281,0.375,0.03,2.778,0.08334,81.57
25860.0,1.7859,1.8048,1.8372,0.277,0.375,0.03,2.053,0.06158,81.6
25870.0,1.9427,1.807,1.8536,0.277,0.281,0.03,2.597,0.07791,81.64
25880.0,1.6641,1.8214,1.7904,0.312,0.469,0.03,2.332,0.06997,81.67
25890.0,1.9272,1.8458,1.8436,0.285,0.25,0.03,2.32,0.06961,81.7
25900.0,1.6772,1.8334,1.7912,0.332,0.531,0.03,1.666,0.04997,81.73
25910.0,1.8853,1.8123,1.7863,0.328,0.281,0.03,1.93,0.0579,81.76
25920.0,1.7074,1.7769,1.8354,0.285,0.375,0.03,1.287,0.03861,81.79
25930.0,2.0463,1.7743,1.9237,0.262,0.344,0.03,3.446,0.1034,81.82
25940.0,1.7605,1.7882,1.8449,0.32,0.281,0.03,1.399,0.04196,81.85
25950.0,1.7788,1.8293,1.849,0.297,0.344,0.03,1.443,0.04329,81.88
25960.0,1.764,1.7977,1.7992,0.312,0.25,0.03,1.777,0.0533,81.91
25970.0,1.6604,1.7556,1.8112,0.332,0.312,0.03,1.902,0.05705,81.94
25980.0,1.8186,1.8314,1.7827,0.324,0.281,0.03,2.645,0.07935,81.97
25990.0,1.9648,1.8926,1.7885,0.316,0.188,0.03,1.478,0.04434,82.0
26000.0,1.7224,1.8567,1.8056,0.289,0.312,0.03,1.853,0.05558,82.03
26010.0,1.9191,1.8091,1.8273,0.309,0.312,0.03,2.358,0.07074,82.06
26020.0,1.9141,1.8224,1.8189,0.316,0.156,0.03,1.61,0.04831,82.09
26030.0,1.3789,1.8195,1.809,0.289,0.594,0.03,1.984,0.05951,82.12
26040.0,1.551,1.8337,1.807,0.309,0.375,0.03,1.457,0.04371,82.15
26050.0,1.7922,1.8489,1.8364,0.316,0.438,0.03,1.757,0.05272,82.18
26060.0,2.1086,1.856,1.8072,0.305,0.219,0.03,3.426,0.1028,82.21
26070.0,1.6685,1.8626,1.796,0.328,0.344,0.03,2.348,0.07043,82.24
26080.0,1.6699,1.8307,1.805,0.348,0.406,0.03,1.689,0.05067,82.27
26090.0,1.8107,1.8242,1.8012,0.316,0.438,0.03,2.291,0.06874,82.3
26100.0,1.6651,1.7682,1.7722,0.352,0.312,0.03,1.664,0.04991,82.33
26110.0,1.9551,1.7799,1.8226,0.332,0.406,0.03,1.867,0.05601,82.36
26120.0,1.9166,1.8631,1.8191,0.328,0.312,0.03,1.787,0.05361,82.39
26130.0,1.9475,1.8249,1.7815,0.309,0.312,0.03,3.833,0.115,82.42
26140.0,1.7732,1.824,1.83,0.348,0.344,0.03,2.508,0.07525,82.45
26150.0,1.8009,1.8449,1.8062,0.309,0.344,0.03,2.642,0.07927,82.48
26160.0,1.7175,1.8352,1.8036,0.301,0.375,0.03,1.005,0.03015,82.51
26170.0,1.976,1.8115,1.7924,0.336,0.219,0.03,1.57,0.04711,82.54
26180.0,2.0881,1.7779,1.8187,0.305,0.281,0.03,1.883,0.05648,82.57
26190.0,1.5021,1.7455,1.7991,0.348,0.344,0.03,1.865,0.05596,82.6
26200.0,1.7114,1.7775,1.8643,0.293,0.281,0.03,1.775,0.05326,82.63
26210.0,1.5161,1.8178,1.8501,0.32,0.594,0.03,1.452,0.04357,82.66
26220.0,1.7424,1.794,1.849,0.309,0.375,0.03,1.454,0.04361,82.69
26230.0,1.8046,1.7987,1.8004,0.316,0.438,0.03,1.621,0.04862,82.72
26240.0,1.9449,1.8319,1.7846,0.328,0.406,0.03,2.329,0.06987,82.75
26250.0,1.9214,1.8263,1.8142,0.309,0.312,0.03,1.584,0.04751,82.78
26260.0,1.8495,1.8056,1.9225,0.285,0.375,0.03,2.078,0.06233,82.81
26270.0,1.985,1.8353,1.8506,0.297,0.219,0.03,1.722,0.05166,82.84
26280.0,1.8572,1.8459,1.8071,0.324,0.312,0.03,2.125,0.06376,82.87
26290.0,1.8603,1.8701,1.8398,0.289,0.156,0.03,2.524,0.07573,82.9
26300.0,1.8157,1.8392,1.8215,0.316,0.312,0.03,1.667,0.05001,82.93
26310.0,1.7821,1.8494,1.8732,0.285,0.281,0.03,2.849,0.08547,82.96
26320.0,1.6942,1.8656,1.912,0.254,0.344,0.03,2.852,0.08555,82.99
26330.0,1.4522,1.8282,1.8177,0.309,0.5,0.03,2.18,0.0654,83.02
26340.0,1.7969,1.8195,1.8021,0.312,0.344,0.03,2.295,0.06885,83.05
26350.0,2.0967,1.8341,1.811,0.32,0.25,0.03,1.843,0.05529,83.08
26360.0,1.977,1.8639,1.8218,0.324,0.219,0.03,2.28,0.0684,83.11
26370.0,1.873,1.8486,1.8347,0.316,0.219,0.03,2.658,0.07975,83.14
26380.0,1.8846,1.8237,1.8273,0.285,0.281,0.03,2.611,0.07834,83.17
26390.0,1.5264,1.775,1.7856,0.332,0.406,0.03,1.94,0.05821,83.21
26400.0,1.8611,1.8037,1.8084,0.312,0.375,0.03,1.781,0.05343,83.24
26410.0,1.8893,1.8259,1.8629,0.324,0.469,0.03,5.387,0.1616,83.3
26420.0,1.6139,1.7969,1.7811,0.328,0.375,0.03,1.679,0.05036,83.35
26430.0,2.034,1.8355,1.8571,0.305,0.219,0.03,3.175,0.09524,83.45
26440.0,1.8565,1.8636,1.803,0.312,0.344,0.03,1.89,0.0567,83.49
26450.0,1.9686,1.8468,1.7953,0.328,0.281,0.03,1.887,0.0566,83.54
26460.0,2.0648,1.8112,1.8643,0.305,0.281,0.03,2.343,0.07028,83.58
26470.0,1.5143,1.8015,1.7922,0.328,0.375,0.03,2.194,0.06581,83.61
26480.0,1.8555,1.8327,1.8079,0.328,0.219,0.03,1.844,0.05533,83.64
26490.0,1.7234,1.8606,1.8108,0.312,0.219,0.03,5.328,0.1598,83.68
26500.0,1.5373,1.7951,1.8179,0.312,0.469,0.03,1.78,0.05341,83.71
26510.0,1.7047,1.7981,1.8283,0.316,0.5,0.03,2.065,0.06196,83.74
26520.0,2.0025,1.861,1.8497,0.305,0.219,0.03,3.939,0.1182,83.77
26530.0,1.7675,1.7997,1.8347,0.312,0.375,0.03,3.135,0.09404,83.8
26540.0,1.9728,1.7797,1.8489,0.309,0.312,0.03,1.641,0.04922,83.83
26550.0,2.0224,1.8311,1.84,0.305,0.312,0.03,1.714,0.05142,83.86
26560.0,1.8689,1.8368,1.8076,0.312,0.312,0.03,1.258,0.03774,83.9
26570.0,1.6715,1.7953,1.8009,0.324,0.406,0.03,2.478,0.07435,83.93
26580.0,1.927,1.8258,1.8118,0.305,0.25,0.03,2.11,0.06329,83.96
26590.0,1.8817,1.8782,1.7933,0.324,0.312,0.03,1.957,0.05872,83.99
26600.0,1.8248,1.8282,1.7864,0.344,0.375,0.03,2.923,0.08768,84.03
26610.0,1.7914,1.7891,1.7939,0.332,0.281,0.03,1.56,0.0468,84.06
26620.0,1.8721,1.801,1.9052,0.242,0.281,0.03,2.51,0.07531,84.09
26630.0,1.6184,1.7711,1.7838,0.32,0.531,0.03,1.761,0.05284,84.12
26640.0,1.6945,1.7907,1.7994,0.305,0.281,0.03,1.615,0.04844,84.15
26650.0,1.8591,1.8301,1.8424,0.301,0.281,0.03,1.259,0.03778,84.18
26660.0,1.7528,1.7889,1.8303,0.32,0.281,0.03,1.19,0.03571,84.21
26670.0,1.9271,1.8397,1.7588,0.328,0.25,0.03,2.023,0.0607,84.24
26680.0,1.8032,1.8654,1.8579,0.301,0.281,0.03,2.075,0.06226,84.27
26690.0,1.6036,1.8107,1.8933,0.293,0.406,0.03,2.448,0.07345,84.3
26700.0,2.0896,1.8202,1.776,0.336,0.344,0.03,1.675,0.05026,84.33
26710.0,2.1325,1.8402,1.8798,0.301,0.344,0.03,2.677,0.0803,84.36
26720.0,1.7308,1.8534,1.8309,0.32,0.438,0.03,2.395,0.07185,84.39
26730.0,1.8166,1.8596,1.8056,0.309,0.375,0.03,1.389,0.04168,84.42
26740.0,1.8757,1.8166,1.8629,0.309,0.344,0.03,2.771,0.08313,84.45
26750.0,1.8453,1.794,1.7908,0.32,0.281,0.03,1.783,0.05348,84.48
26760.0,1.723,1.8365,1.8746,0.289,0.312,0.03,2.422,0.07265,84.51
26770.0,2.0135,1.8527,1.8739,0.309,0.25,0.03,2.668,0.08005,84.54
26780.0,1.7108,1.8325,1.8189,0.301,0.438,0.03,3.005,0.09016,84.58
26790.0,1.8059,1.7839,1.7965,0.332,0.344,0.03,2.582,0.07747,84.61
26800.0,1.7247,1.7747,1.8012,0.297,0.375,0.03,1.622,0.04866,84.64
26810.0,1.6749,1.7625,1.8076,0.324,0.406,0.03,2.116,0.06348,84.67
26820.0,1.7424,1.7579,1.8048,0.336,0.438,0.03,2.019,0.06058,84.7
26830.0,1.5138,1.7769,1.7933,0.32,0.469,0.03,2.133,0.06399,84.73
26840.0,1.6302,1.7697,1.8168,0.32,0.281,0.03,1.704,0.05112,84.76
26850.0,1.9099,1.821,1.8385,0.301,0.344,0.03,2.094,0.06281,84.79
26860.0,1.8379,1.8479,1.8643,0.312,0.375,0.03,2.145,0.06435,84.82
26870.0,1.6588,1.803,1.7781,0.328,0.469,0.03,1.908,0.05725,84.85
26880.0,1.9047,1.7854,1.8292,0.305,0.281,0.03,1.724,0.05172,84.88
26890.0,1.7372,1.8304,1.8256,0.332,0.344,0.03,1.609,0.04828,84.91
26900.0,1.845,1.8485,1.8762,0.301,0.406,0.03,1.42,0.0426,84.94
26910.0,1.8621,1.795,1.8059,0.32,0.406,0.03,2.628,0.07883,84.97
26920.0,1.6354,1.7798,1.7916,0.336,0.438,0.03,2.316,0.06948,85.0
26930.0,1.5332,1.8206,1.8416,0.324,0.5,0.03,1.569,0.04706,85.03
26940.0,1.6737,1.8287,1.8613,0.285,0.438,0.03,1.989,0.05968,85.07
26950.0,1.9651,1.8371,1.8454,0.305,0.281,0.03,2.909,0.08728,85.1
26960.0,1.9485,1.8833,1.7989,0.336,0.312,0.03,2.057,0.0617,85.13
26970.0,1.4855,1.833,1.7997,0.34,0.438,0.03,2.17,0.0651,85.16
26980.0,1.8126,1.8069,1.7796,0.336,0.344,0.03,2.11,0.06329,85.19
26990.0,1.7572,1.8828,1.7971,0.316,0.25,0.03,1.62,0.04861,85.22
27000.0,1.6851,1.826,1.7752,0.32,0.344,0.03,1.259,0.03778,85.25
27010.0,2.1123,1.8099,1.8295,0.332,0.094,0.03,2.497,0.07491,85.28
27020.0,1.6891,1.803,1.7636,0.348,0.375,0.03,2.575,0.07726,85.31
27030.0,1.6675,1.7795,1.7959,0.312,0.469,0.03,1.815,0.05444,85.34
27040.0,1.9668,1.7983,1.7949,0.316,0.312,0.03,1.569,0.04708,85.37
27050.0,1.674,1.7974,1.7921,0.328,0.406,0.03,2.726,0.08177,85.4
27060.0,1.8565,1.8044,1.8056,0.309,0.312,0.03,3.089,0.09266,85.43
27070.0,1.7872,1.8365,1.8037,0.305,0.312,0.03,1.458,0.04373,85.46
27080.0,1.6949,1.8436,1.7612,0.348,0.469,0.03,1.704,0.05112,85.49
27090.0,1.8047,1.8473,1.7739,0.332,0.312,0.03,2.913,0.08739,85.52
27100.0,2.0734,1.864,1.7704,0.328,0.125,0.03,3.353,0.1006,85.56
27110.0,1.8088,1.8223,1.7981,0.32,0.375,0.03,2.073,0.06218,85.59
27120.0,1.9558,1.827,1.7962,0.316,0.25,0.03,3.094,0.09283,85.62
27130.0,1.8947,1.8398,1.7966,0.312,0.312,0.03,1.779,0.05336,85.65
27140.0,1.7278,1.8137,1.7794,0.332,0.469,0.03,1.514,0.04543,85.68
27150.0,1.9618,1.8194,1.8253,0.328,0.344,0.03,2.042,0.06125,85.71
27160.0,1.6477,1.8238,1.8574,0.316,0.406,0.03,2.481,0.07443,85.74
27170.0,1.7413,1.7732,1.8298,0.312,0.219,0.03,3.424,0.1027,85.77
27180.0,1.8327,1.7993,1.8382,0.281,0.312,0.03,1.695,0.05085,85.8
27190.0,1.7581,1.8483,1.82,0.309,0.344,0.03,3.384,0.1015,85.83
27200.0,2.0198,1.829,1.8181,0.305,0.188,0.03,2.895,0.08686,85.86
27210.0,1.9118,1.7695,1.9036,0.277,0.344,0.03,2.276,0.06828,85.89
27220.0,1.7431,1.7833,1.8064,0.312,0.25,0.03,2.5,0.07501,85.92
27230.0,1.9485,1.8177,1.8194,0.285,0.281,0.03,2.514,0.07543,85.95
27240.0,1.9499,1.8189,1.8792,0.297,0.312,0.03,2.713,0.08138,85.98
27250.0,1.8211,1.7951,1.8043,0.309,0.312,0.03,1.896,0.05687,86.01
27260.0,1.9673,1.7873,1.7893,0.32,0.125,0.03,1.3,0.03899,86.04
27270.0,1.687,1.8325,1.7925,0.309,0.375,0.03,1.219,0.03658,86.07
27280.0,1.6051,1.8173,1.7797,0.32,0.406,0.03,1.939,0.05816,86.11
27290.0,1.8588,1.8268,1.7798,0.332,0.375,0.03,1.975,0.05924,86.14
27300.0,1.8527,1.8879,1.8573,0.301,0.344,0.03,3.752,0.1126,86.17
27310.0,1.6615,1.9032,1.7905,0.332,0.469,0.03,2.337,0.07011,86.2
27320.0,1.7741,1.7926,1.8003,0.332,0.344,0.03,2.94,0.08821,86.23
27330.0,1.7395,1.7804,1.763,0.328,0.312,0.03,1.748,0.05244,86.26
27340.0,1.8586,1.8311,1.8048,0.32,0.281,0.03,1.991,0.05972,86.29
27350.0,1.6187,1.8067,1.8344,0.297,0.531,0.03,2.523,0.0757,86.32
27360.0,1.9624,1.8038,1.8511,0.285,0.25,0.03,2.381,0.07142,86.35
27370.0,1.7287,1.8287,1.7904,0.316,0.188,0.03,1.731,0.05193,86.38
27380.0,1.5083,1.8441,1.8021,0.305,0.5,0.03,1.661,0.04982,86.41
27390.0,1.7315,1.8351,1.7754,0.332,0.281,0.03,2.523,0.0757,86.44
27400.0,1.8524,1.8422,1.8409,0.301,0.344,0.03,1.45,0.04351,86.48
27410.0,1.6682,1.8262,1.811,0.297,0.406,0.03,1.723,0.05168,86.51
27420.0,1.8388,1.7656,1.841,0.305,0.312,0.03,1.975,0.05925,86.54
27430.0,2.0519,1.7667,1.7929,0.312,0.062,0.03,1.591,0.04772,86.57
27440.0,1.7685,1.8174,1.8084,0.34,0.375,0.03,1.622,0.04866,86.6
27450.0,1.586,1.769,1.7802,0.324,0.594,0.03,1.706,0.05118,86.63
27460.0,1.5656,1.7618,1.7984,0.324,0.438,0.03,1.737,0.05212,86.66
27470.0,1.875,1.7803,1.7881,0.34,0.344,0.03,1.462,0.04387,86.7
27480.0,2.0387,1.7892,1.8428,0.281,0.188,0.03,2.881,0.08644,86.73
27490.0,1.7183,1.8051,1.8161,0.293,0.219,0.03,2.649,0.07947,86.76
27500.0,1.809,1.8377,1.8244,0.305,0.438,0.03,2.666,0.07998,86.79
27510.0,1.9759,1.8687,1.8091,0.312,0.281,0.03,2.671,0.08013,86.82
27520.0,1.7285,1.8189,1.8029,0.297,0.312,0.03,3.543,0.1063,86.85
27530.0,1.7769,1.7883,1.7969,0.305,0.406,0.03,1.547,0.04641,86.88
27540.0,1.8387,1.8632,1.7733,0.328,0.312,0.03,1.73,0.05191,86.91
27550.0,1.7736,1.8894,1.8203,0.32,0.406,0.03,1.77,0.0531,86.94
27560.0,2.2066,1.7903,1.7888,0.32,0.188,0.03,1.603,0.04809,86.97
27570.0,2.0224,1.7982,1.7724,0.359,0.312,0.03,2.581,0.07743,87.0
27580.0,1.5363,1.7696,1.7777,0.336,0.5,0.03,2.304,0.06913,87.03
27590.0,1.7409,1.7383,1.805,0.352,0.406,0.03,1.428,0.04283,87.06
27600.0,1.993,1.8118,1.8083,0.34,0.25,0.03,2.673,0.0802,87.09
27610.0,1.5167,1.8063,1.8757,0.301,0.438,0.03,1.641,0.04922,87.12
27620.0,1.8949,1.7918,1.8107,0.312,0.25,0.03,2.347,0.0704,87.16
27630.0,1.9169,1.8623,1.7814,0.328,0.25,0.03,2.474,0.07423,87.19
27640.0,1.6824,1.8558,1.7952,0.328,0.344,0.03,1.37,0.04111,87.22
27650.0,1.7059,1.766,1.7674,0.32,0.344,0.03,2.1,0.063,87.25
27660.0,1.8206,1.7843,1.7803,0.328,0.219,0.03,2.438,0.07314,87.28
27670.0,2.0074,1.8299,1.812,0.324,0.312,0.03,2.542,0.07625,87.31
27680.0,1.8604,1.832,1.7872,0.336,0.406,0.03,1.257,0.03772,87.34
27690.0,1.8593,1.8226,1.8588,0.285,0.281,0.03,2.39,0.07169,87.37
27700.0,1.7943,1.7877,1.8185,0.312,0.312,0.03,2.265,0.06796,87.4
27710.0,1.9549,1.8134,1.8222,0.301,0.219,0.03,2.671,0.08013,87.43
27720.0,1.7546,1.8336,1.7797,0.355,0.344,0.03,1.852,0.05556,87.46
27730.0,1.6789,1.8195,1.7811,0.332,0.281,0.03,1.551,0.04653,87.49
27740.0,1.9332,1.8708,1.7905,0.348,0.312,0.03,1.267,0.03802,87.52
27750.0,1.9188,1.8818,1.8496,0.316,0.281,0.03,2.442,0.07325,87.55
27760.0,1.5804,1.8195,1.8158,0.344,0.469,0.03,1.73,0.05189,87.59
27770.0,2.0099,1.824,1.834,0.316,0.25,0.03,3.221,0.09663,87.62
27780.0,2.0137,1.8502,1.9101,0.277,0.312,0.03,2.352,0.07055,87.65
27790.0,1.6712,1.8686,1.8135,0.309,0.312,0.03,1.615,0.04845,87.68
27800.0,2.1865,1.8886,1.849,0.316,0.25,0.03,2.18,0.06539,87.71
27810.0,2.3764,1.8524,1.7742,0.336,0.219,0.03,1.918,0.05753,87.74
27820.0,1.8874,1.8255,1.8125,0.32,0.219,0.03,1.99,0.05971,87.77
27830.0,1.9633,1.8484,1.8125,0.336,0.281,0.03,2.654,0.07963,87.8
27840.0,1.6362,1.8248,1.7932,0.32,0.312,0.03,1.78,0.05339,87.83
27850.0,1.6859,1.7772,1.7916,0.309,0.312,0.03,2.347,0.07041,87.86
27860.0,1.9485,1.7972,1.7885,0.332,0.281,0.03,3.735,0.1121,87.89
27870.0,1.799,1.8112,1.8286,0.301,0.438,0.03,1.513,0.04538,87.92
27880.0,1.7641,1.8178,1.7784,0.336,0.344,0.03,2.491,0.07473,87.95
27890.0,2.0708,1.8591,1.7838,0.316,0.219,0.03,1.564,0.04692,87.98
27900.0,1.8288,1.8395,1.8608,0.305,0.375,0.03,2.332,0.06995,88.01
27910.0,1.6815,1.8211,1.7771,0.328,0.375,0.03,1.131,0.03394,88.04
27920.0,1.7831,1.8534,1.7898,0.301,0.344,0.03,1.537,0.04611,88.07
27930.0,1.5634,1.8255,1.818,0.309,0.469,0.03,1.945,0.05835,88.1
27940.0,1.8013,1.8118,1.7848,0.332,0.375,0.03,3.387,0.1016,88.13
27950.0,1.6108,1.8254,1.7908,0.336,0.344,0.03,1.613,0.04838,88.17
27960.0,1.8254,1.8133,1.7645,0.371,0.344,0.03,3.181,0.09544,88.2
27970.0,1.6386,1.7444,1.784,0.312,0.406,0.03,2.793,0.08378,88.23
27980.0,1.6939,1.7468,1.783,0.336,0.406,0.03,2.456,0.07368,88.26
27990.0,1.8053,1.8115,1.7664,0.316,0.312,0.03,2.078,0.06235,88.29
28000.0,1.909,1.8251,1.8135,0.305,0.25,0.03,2.776,0.08328,88.32
28010.0,1.744,1.7994,1.7624,0.316,0.344,0.03,1.981,0.05943,88.35
28020.0,1.6309,1.7649,1.8567,0.266,0.375,0.03,1.792,0.05376,88.38
28030.0,2.061,1.83,1.8174,0.305,0.156,0.03,2.892,0.08675,88.41
28040.0,1.8605,1.8507,1.7733,0.305,0.281,0.03,3.398,0.1019,88.44
28050.0,1.5817,1.7626,1.817,0.293,0.375,0.03,2.092,0.06275,88.47
28060.0,1.927,1.8374,1.8153,0.289,0.438,0.03,1.974,0.05921,88.5
28070.0,1.9729,1.928,1.7756,0.328,0.312,0.03,2.009,0.06028,88.53
28080.0,1.8412,1.843,1.7862,0.336,0.406,0.03,1.883,0.05648,88.56
28090.0,1.7587,1.7997,1.7732,0.316,0.375,0.03,1.856,0.05567,88.59
28100.0,1.7448,1.8444,1.8174,0.301,0.312,0.03,1.658,0.04973,88.62
28110.0,1.5778,1.8073,1.829,0.289,0.375,0.03,1.665,0.04994,88.65
28120.0,1.7141,1.7971,1.793,0.316,0.312,0.03,1.869,0.05607,88.69
28130.0,1.6326,1.8385,1.7849,0.316,0.438,0.03,2.805,0.08416,88.72
28140.0,1.9415,1.8052,1.771,0.309,0.312,0.03,2.978,0.08934,88.75
28150.0,1.7129,1.7443,1.7851,0.297,0.344,0.03,2.749,0.08246,88.78
28160.0,1.929,1.7406,1.7676,0.34,0.281,0.03,2.88,0.08641,88.81
28170.0,1.8308,1.8286,1.7856,0.32,0.406,0.03,1.651,0.04953,88.84
28180.0,1.6779,1.8112,1.8367,0.273,0.438,0.03,2.679,0.08036,88.87
28190.0,1.6962,1.7492,1.7921,0.312,0.344,0.03,2.833,0.08498,88.9
28200.0,1.9637,1.7873,1.7877,0.297,0.344,0.03,2.13,0.06391,88.93
28210.0,2.136,1.8172,1.7734,0.305,0.344,0.03,2.06,0.0618,88.96
28220.0,1.7089,1.7957,1.7919,0.328,0.438,0.03,1.767,0.053,88.99
28230.0,1.7829,1.7772,1.8605,0.305,0.312,0.03,2.027,0.0608,89.02
28240.0,1.5665,1.7786,1.7881,0.312,0.438,0.03,3.627,0.1088,89.05
28250.0,1.9247,1.7697,1.8138,0.32,0.344,0.03,3.732,0.112,89.08
28260.0,1.6856,1.7738,1.8258,0.273,0.469,0.03,1.546,0.04639,89.11
28270.0,1.7106,1.824,1.8165,0.27,0.406,0.03,2.411,0.07233,89.14
28280.0,1.7089,1.8382,1.7934,0.332,0.406,0.03,2.042,0.06125,89.17
28290.0,1.6243,1.8119,1.795,0.336,0.406,0.03,1.653,0.04958,89.2
28300.0,1.9668,1.8547,1.7723,0.328,0.375,0.03,4.023,0.1207,89.24
28310.0,1.8152,1.8654,1.812,0.348,0.25,0.03,2.342,0.07027,89.27
28320.0,1.7992,1.8067,1.8514,0.297,0.344,0.03,1.508,0.04524,89.3
28330.0,1.9388,1.8022,1.8303,0.324,0.25,0.03,1.651,0.04953,89.33
28340.0,1.6403,1.8441,1.7984,0.332,0.406,0.03,1.159,0.03477,89.36
28350.0,1.9342,1.8848,1.7757,0.336,0.188,0.03,3.137,0.09411,89.39
28360.0,2.0644,1.8838,1.7989,0.293,0.25,0.03,2.856,0.08568,89.42
28370.0,1.6623,1.8272,1.8502,0.316,0.312,0.03,1.918,0.05755,89.45
28380.0,1.6699,1.798,1.8636,0.309,0.344,0.03,1.865,0.05594,89.48
28390.0,1.8477,1.7948,1.7761,0.32,0.344,0.03,1.294,0.03883,89.51
28400.0,1.8045,1.8156,1.8572,0.32,0.375,0.03,2.375,0.07124,89.54
28410.0,1.7202,1.7907,1.8077,0.332,0.375,0.03,1.511,0.04532,89.57
28420.0,1.8632,1.7623,1.7675,0.328,0.375,0.03,2.01,0.06031,89.6
28430.0,1.8744,1.8239,1.8286,0.312,0.375,0.03,2.025,0.06076,89.63
28440.0,1.8016,1.8283,1.7916,0.293,0.406,0.03,1.863,0.0559,89.66
28450.0,1.8317,1.8165,1.7922,0.312,0.312,0.03,2.037,0.06111,89.69
28460.0,1.7794,1.842,1.7736,0.332,0.312,0.03,2.066,0.06199,89.72
28470.0,1.7851,1.795,1.8657,0.324,0.312,0.03,2.333,0.07,89.75
28480.0,2.1968,1.8204,1.7772,0.324,0.125,0.03,2.725,0.08174,89.78
28490.0,1.9053,1.9106,1.7967,0.34,0.344,0.03,3.347,0.1004,89.82
28500.0,1.6874,1.8265,1.8543,0.32,0.438,0.03,2.098,0.06295,89.85
28510.0,1.6582,1.7603,1.7902,0.324,0.281,0.03,1.68,0.05039,89.88
28520.0,1.8939,1.8114,1.7719,0.34,0.375,0.03,1.503,0.0451,89.91
28530.0,1.845,1.8092,1.8031,0.336,0.281,0.03,2.615,0.07845,89.94
28540.0,2.0035,1.8196,1.7989,0.312,0.312,0.03,3.527,0.1058,89.97
28550.0,1.8195,1.8387,1.7844,0.328,0.281,0.03,3.785,0.1135,90.0
28560.0,1.7279,1.8391,1.7786,0.332,0.406,0.03,2.072,0.06215,90.03
28570.0,1.8942,1.8109,1.7921,0.293,0.312,0.03,1.258,0.03775,90.06
28580.0,1.5596,1.7408,1.8151,0.32,0.312,0.03,1.71,0.05129,90.09
28590.0,1.8516,1.7455,1.7824,0.324,0.281,0.03,1.743,0.05228,90.12
28600.0,1.9456,1.8108,1.9171,0.273,0.188,0.03,2.589,0.07766,90.15
28610.0,1.6294,1.8131,1.7911,0.32,0.469,0.03,1.769,0.05308,90.18
28620.0,1.8397,1.7939,1.7871,0.32,0.375,0.03,2.184,0.06553,90.21
28630.0,1.8301,1.7852,1.8236,0.316,0.281,0.03,1.556,0.04669,90.24
28640.0,1.735,1.7665,1.7912,0.309,0.406,0.03,2.382,0.07145,90.27
28650.0,1.9967,1.8091,1.884,0.285,0.219,0.03,1.51,0.04531,90.31
28660.0,1.7549,1.7886,1.8369,0.328,0.469,0.03,2.623,0.0787,90.34
28670.0,1.8084,1.7649,1.7849,0.352,0.281,0.03,1.708,0.05123,90.37
28680.0,1.9956,1.8018,1.787,0.316,0.375,0.03,3.578,0.1073,90.4
28690.0,1.7355,1.7581,1.7848,0.34,0.344,0.03,1.572,0.04715,90.43
28700.0,1.7867,1.7641,1.8007,0.34,0.438,0.03,2.593,0.07779,90.46
28710.0,2.0116,1.8238,1.7791,0.348,0.188,0.03,1.504,0.04511,90.49
28720.0,1.9133,1.793,1.7594,0.336,0.344,0.03,1.904,0.05711,90.52
28730.0,1.581,1.7846,1.7957,0.344,0.438,0.03,1.992,0.05975,90.55
28740.0,1.8838,1.8336,1.7775,0.348,0.406,0.03,1.29,0.03871,90.58
28750.0,1.847,1.8262,1.7999,0.34,0.344,0.03,1.743,0.05229,90.61
28760.0,1.9837,1.8221,1.8077,0.312,0.281,0.03,1.116,0.03349,90.64
28770.0,1.903,1.8409,1.802,0.344,0.219,0.03,2.641,0.07922,90.67
28780.0,1.811,1.83,1.7715,0.328,0.25,0.03,1.753,0.05259,90.7
28790.0,1.6871,1.8146,1.7556,0.309,0.375,0.03,1.562,0.04686,90.73
28800.0,1.7704,1.7737,1.7934,0.297,0.219,0.03,3.986,0.1196,90.76
28810.0,1.7567,1.7848,1.8704,0.293,0.188,0.03,2.07,0.06211,90.79
28820.0,2.045,1.8165,1.7934,0.332,0.219,0.03,2.793,0.08379,90.83
28830.0,1.8266,1.8244,1.781,0.336,0.281,0.03,1.956,0.05867,90.86
28840.0,1.772,1.7961,1.8176,0.297,0.406,0.03,1.31,0.0393,90.89
28850.0,1.8202,1.8142,1.7763,0.328,0.188,0.03,1.392,0.04176,90.92
28860.0,1.9272,1.8759,1.8048,0.309,0.344,0.03,1.958,0.05874,90.95
28870.0,1.798,1.8165,1.7662,0.336,0.344,0.03,1.955,0.05864,90.98
28880.0,1.6252,1.754,1.8108,0.309,0.312,0.03,1.678,0.05033,91.01
28890.0,1.5909,1.7726,1.8298,0.336,0.406,0.03,2.371,0.07114,91.04
28900.0,1.9972,1.836,1.8019,0.324,0.219,0.03,2.715,0.08145,91.07
28910.0,1.7307,1.8314,1.7632,0.352,0.312,0.03,1.91,0.0573,91.1
28920.0,1.8612,1.8268,1.7875,0.348,0.375,0.03,2.233,0.067,91.13
28930.0,1.5645,1.8111,1.7992,0.355,0.375,0.03,2.376,0.07129,91.16
28940.0,2.0261,1.7671,1.8159,0.305,0.375,0.03,3.122,0.09367,91.19
28950.0,1.5923,1.7889,1.8612,0.277,0.312,0.03,2.587,0.07762,91.22
28960.0,1.7229,1.7995,1.8154,0.336,0.344,0.03,2.265,0.06794,91.25
28970.0,1.8394,1.8172,1.7866,0.336,0.344,0.03,3.334,0.1,91.28
28980.0,1.9778,1.8477,1.7854,0.34,0.25,0.03,1.944,0.05831,91.31
28990.0,1.6614,1.806,1.7884,0.328,0.375,0.03,1.899,0.05697,91.35
29000.0,1.6541,1.7867,1.7984,0.352,0.469,0.03,2.184,0.06553,91.39
29010.0,1.9864,1.8224,1.825,0.348,0.344,0.03,2.845,0.08535,91.42
29020.0,1.6049,1.8574,1.7705,0.344,0.406,0.03,2.719,0.08157,91.45
29030.0,1.6827,1.8459,1.7687,0.332,0.438,0.03,1.753,0.0526,91.48
29040.0,1.7284,1.8397,1.7691,0.348,0.406,0.03,1.972,0.05916,91.51
29050.0,1.6482,1.8598,1.7876,0.34,0.5,0.03,2.66,0.0798,91.54
29060.0,1.6339,1.8565,1.8039,0.293,0.438,0.03,2.071,0.06212,91.57
29070.0,1.8315,1.8521,1.8932,0.297,0.219,0.03,2.18,0.06539,91.6
29080.0,1.9856,1.8411,1.7904,0.34,0.25,0.03,1.937,0.0581,91.63
29090.0,1.8917,1.8392,1.7593,0.336,0.406,0.03,2.159,0.06476,91.66
29100.0,1.6949,1.7986,1.7712,0.348,0.312,0.03,1.51,0.04531,91.69
29110.0,1.927,1.8014,1.8284,0.312,0.094,0.03,2.579,0.07736,91.73
29120.0,1.692,1.8177,1.7785,0.332,0.375,0.03,2.058,0.06175,91.76
29130.0,1.7688,1.8228,1.8205,0.309,0.312,0.03,1.906,0.05718,91.79
29140.0,1.7644,1.8016,1.7934,0.316,0.344,0.03,1.69,0.0507,91.82
29150.0,1.782,1.7982,1.812,0.285,0.312,0.03,2.124,0.06373,91.85
29160.0,1.9196,1.8746,1.7741,0.32,0.344,0.03,2.425,0.07274,91.89
29170.0,1.7824,1.8293,1.779,0.324,0.188,0.03,2.892,0.08677,91.92
29180.0,1.8895,1.8052,1.8437,0.301,0.344,0.03,2.185,0.06554,91.95
29190.0,1.7209,1.8268,1.7828,0.32,0.312,0.03,1.864,0.05591,91.98
29200.0,1.6089,1.7781,1.8474,0.312,0.406,0.03,3.907,0.1172,92.01
29210.0,1.8905,1.799,1.7847,0.34,0.281,0.03,1.791,0.05374,92.04
29220.0,1.5204,1.8158,1.7921,0.316,0.312,0.03,1.975,0.05924,92.07
29230.0,1.7312,1.8463,1.8181,0.312,0.312,0.03,2.507,0.07522,92.1
29240.0,1.7179,1.8523,1.7775,0.316,0.5,0.03,1.283,0.0385,92.13
29250.0,1.8314,1.777,1.7747,0.336,0.375,0.03,5.012,0.1504,92.16
29260.0,1.8709,1.7977,1.7752,0.34,0.312,0.03,1.867,0.05601,92.19
29270.0,1.8122,1.8188,1.7817,0.312,0.312,0.03,1.49,0.04471,92.22
29280.0,1.6857,1.8138,1.7704,0.328,0.375,0.03,2.539,0.07618,92.25
29290.0,1.9318,1.8082,1.7785,0.328,0.312,0.03,2.872,0.08615,92.29
29300.0,1.8999,1.8041,1.8084,0.289,0.312,0.03,2.923,0.08768,92.32
29310.0,1.9538,1.7954,1.7915,0.336,0.25,0.03,2.006,0.06019,92.35
29320.0,1.9377,1.7589,1.789,0.324,0.219,0.03,3.121,0.09362,92.38
29330.0,1.8956,1.7784,1.8039,0.309,0.25,0.03,2.834,0.08503,92.41
29340.0,1.8865,1.8042,1.8088,0.328,0.375,0.03,1.5,0.045,92.44
29350.0,1.6124,1.8196,1.7962,0.328,0.438,0.03,2.224,0.06673,92.47
29360.0,2.0057,1.8259,1.767,0.301,0.25,0.03,1.974,0.05923,92.5
29370.0,1.951,1.8655,1.8745,0.312,0.344,0.03,2.435,0.07304,92.53
29380.0,1.9963,1.8975,1.7832,0.309,0.281,0.03,2.306,0.06919,92.56
29390.0,1.9403,1.8449,1.7883,0.344,0.281,0.03,2.24,0.06719,92.59
29400.0,1.5695,1.7733,1.7772,0.34,0.406,0.03,1.674,0.05022,92.62
29410.0,1.678,1.7689,1.7797,0.344,0.375,0.03,2.063,0.06188,92.65
29420.0,2.1294,1.8135,1.7864,0.32,0.188,0.03,2.842,0.08526,92.68
29430.0,1.8482,1.7945,1.8073,0.297,0.219,0.03,2.394,0.07182,92.71
29440.0,1.6624,1.7708,1.7972,0.328,0.406,0.03,2.881,0.08643,92.74
29450.0,1.9171,1.8049,1.7966,0.332,0.438,0.03,2.221,0.06662,92.77
29460.0,1.8942,1.8202,1.7885,0.324,0.281,0.03,3.109,0.09328,92.8
29470.0,1.7732,1.7904,1.7959,0.328,0.406,0.03,1.622,0.04866,92.84
29480.0,1.9946,1.851,1.8496,0.312,0.188,0.03,3.41,0.1023,92.87
29490.0,1.972,1.8781,1.7998,0.316,0.312,0.03,2.137,0.0641,92.9
29500.0,1.782,1.8933,1.8333,0.316,0.281,0.03,1.77,0.05309,92.93
29510.0,2.0635,1.9194,1.8165,0.309,0.25,0.03,3.074,0.09223,92.96
29520.0,1.6047,1.8733,1.8044,0.32,0.438,0.03,1.578,0.04733,92.99
29530.0,1.7707,1.8099,1.7583,0.34,0.281,0.03,2.057,0.06171,93.02
29540.0,1.8936,1.8024,1.7738,0.324,0.188,0.03,2.45,0.07349,93.05
29550.0,1.7136,1.8592,1.9397,0.246,0.469,0.03,2.211,0.06632,93.08
29560.0,1.761,1.8077,1.7837,0.355,0.469,0.03,1.935,0.05806,93.12
29570.0,2.1888,1.801,1.8598,0.266,0.344,0.03,3.232,0.09697,93.15
29580.0,1.6985,1.8295,1.7811,0.309,0.438,0.03,2.358,0.07074,93.18
29590.0,2.1886,1.8523,1.8103,0.332,0.281,0.03,2.247,0.0674,93.21
29600.0,1.7812,1.8784,1.7763,0.316,0.281,0.03,2.445,0.07336,93.24
29610.0,1.9684,1.8732,1.81,0.312,0.344,0.03,1.878,0.05635,93.27
29620.0,1.9533,1.8536,1.826,0.312,0.312,0.03,2.426,0.07277,93.3
29630.0,1.858,1.8174,1.797,0.293,0.406,0.03,1.299,0.03896,93.33
29640.0,1.5481,1.8186,1.8249,0.301,0.5,0.03,2.713,0.0814,93.36
29650.0,1.6633,1.8197,1.7724,0.34,0.344,0.03,1.758,0.05274,93.39
29660.0,1.8311,1.8233,1.7856,0.312,0.438,0.03,2.727,0.08181,93.42
29670.0,1.8132,1.7947,1.8256,0.316,0.25,0.03,2.062,0.06187,93.45
29680.0,1.5646,1.7763,1.7668,0.348,0.469,0.03,1.816,0.05448,93.48
29690.0,1.7849,1.7736,1.8467,0.312,0.312,0.03,3.028,0.09083,93.51
29700.0,1.7984,1.7418,1.8344,0.312,0.375,0.03,1.688,0.05063,93.54
29710.0,1.5356,1.7621,1.8568,0.305,0.406,0.03,1.805,0.05414,93.57
29720.0,1.6684,1.7954,1.8256,0.312,0.312,0.03,1.997,0.05992,93.6
29730.0,1.6544,1.8131,1.7901,0.336,0.406,0.03,1.171,0.03514,93.64
29740.0,1.8261,1.8496,1.8053,0.316,0.281,0.03,2.458,0.07374,93.67
29750.0,1.8691,1.8428,1.7694,0.316,0.25,0.03,2.998,0.08995,93.7
29760.0,1.8744,1.8135,1.808,0.277,0.281,0.03,2.608,0.07825,93.73
29770.0,1.6986,1.8349,1.7607,0.332,0.312,0.03,1.897,0.0569,93.76
29780.0,1.9912,1.8135,1.8233,0.289,0.188,0.03,2.212,0.06635,93.79
29790.0,1.4686,1.7312,1.7833,0.301,0.438,0.03,1.939,0.05817,93.82
29800.0,1.8486,1.7804,1.8265,0.305,0.281,0.03,2.008,0.06023,93.85
29810.0,1.8054,1.8532,1.8097,0.297,0.281,0.03,1.975,0.05925,93.88
29820.0,1.8009,1.8087,1.8283,0.281,0.25,0.03,1.491,0.04474,93.91
29830.0,2.0198,1.7636,1.7692,0.32,0.25,0.03,3.102,0.09306,93.94
29840.0,1.7919,1.7858,1.8116,0.301,0.438,0.03,1.522,0.04567,93.97
29850.0,1.8693,1.8257,1.8315,0.27,0.25,0.03,1.868,0.05605,94.0
29860.0,1.9859,1.8297,1.7853,0.336,0.312,0.03,3.053,0.09158,94.03
29870.0,1.8924,1.8155,1.828,0.316,0.188,0.03,2.361,0.07084,94.06
29880.0,1.9224,1.7818,1.8592,0.297,0.281,0.03,2.494,0.07483,94.09
29890.0,1.847,1.806,1.7524,0.336,0.312,0.03,3.007,0.09021,94.12
29900.0,1.7843,1.8017,1.9377,0.242,0.344,0.03,2.28,0.0684,94.15
29910.0,1.5043,1.7477,1.7917,0.309,0.469,0.03,1.743,0.05229,94.18
29920.0,1.9294,1.7709,1.8092,0.293,0.344,0.03,2.146,0.06438,94.21
29930.0,1.7213,1.8697,1.7806,0.328,0.344,0.03,1.413,0.0424,94.25
29940.0,1.9735,1.8912,1.7999,0.328,0.281,0.03,2.323,0.06969,94.28
29950.0,1.9129,1.8416,1.7864,0.328,0.312,0.03,1.738,0.05215,94.31
29960.0,1.9366,1.814,1.8227,0.32,0.219,0.03,3.07,0.09211,94.34
29970.0,1.8749,1.8673,1.8318,0.297,0.25,0.03,1.829,0.05486,94.37
29980.0,1.7793,1.8921,1.8211,0.32,0.406,0.03,1.859,0.05576,94.4
29990.0,1.6379,1.8409,1.7991,0.312,0.469,0.03,3.977,0.1193,94.43
